vae,vas,pve,pvs,gee,ges,rqe,rqs,rle,rls,cce
1.6006519,0.4574085,0.728512,0.57573354,1.9041631,0.30231553,1.0095239,0.44084185,1.46096,0.3946289,1.3347588
0.12936144,0.25608963,1.0842658,0.4352209,0.6521459,0.30231553,0.30050936,0.44084185,0.62056345,0.32727668,0.57070816
-0.900742,0.11948699,-1.5869597,0.22680736,-1.2741847,0.21946669,-1.6214408,0.2255636,-0.9809673,0.15713692,-1.315019
0.8035325,0.13503653,0.35403183,0.24576741,0.33794552,0.18923141,0.7015986,0.18052627,0.38276163,0.1456885,0.25655055
-0.7170047,0.11606314,-0.76231754,0.24576741,0.19385052,0.18676089,0.32583556,0.18980598,0.3037058,0.15381971,0.27934352
0.5456222,0.15611753,-0.18857434,0.2626911,0.24368227,0.2367653,0.65722865,0.24189615,-0.15149245,0.18403281,-0.04883967
0.15392166,0.12756866,-0.41682404,0.1922474,-0.06490989,0.20808466,-0.0083587505,0.19822408,-0.31061783,0.15776294,-0.59759915
0.6650511,0.24916837,1.1219049,0.23805772,0.584228,0.3539063,-0.20731266,0.28564546,0.7976057,0.24153796,0.3589535
0.7053232,0.12997046,0.8826381,0.2511619,0.88452643,0.23389368,1.1906321,0.24997829,0.9255343,0.16760604,0.46565
0.57005775,0.24004562,0.84085685,0.25412327,-0.009982543,0.4574296,0.41224185,0.35939363,0.4096265,0.31870958,0.27234763
-1.9132541,0.13033031,-0.27310863,0.20889461,-0.6243625,0.23518609,-1.7298256,0.18053399,-1.1341989,0.13929713,-1.1944443
-1.355983,0.12590715,-0.053483382,0.21905676,-0.31542498,0.24453364,-0.84162,0.21020134,-0.86476016,0.15818055,-0.21511038
0.904806,0.16609375,0.6376413,0.28284657,0.9192848,0.1864186,1.0083252,0.18147802,0.9475476,0.17554979,0.8141448
1.448773,0.13332866,1.3405669,0.21966553,1.5598772,0.21056087,1.5171647,0.22564568,1.8571237,0.15071708,1.4272544
-1.1124189,0.13739361,0.7595454,0.19816442,1.505398,0.2195927,1.1066388,0.19723935,0.6369796,0.15810975,1.0686659
0.5560399,0.164704,-0.017322771,0.2845954,-0.28103444,0.2795088,-0.5938557,0.26512402,-0.24670272,0.22730398,-0.012143857
0.9061646,0.26844153,0.77456886,0.23805772,-0.059461154,0.37182036,0.1783177,0.34296444,-0.13772796,0.3280172,0.31303138
-1.0721555,0.18862043,1.2844874,0.33286983,0.35705096,0.2393738,-0.28616855,0.18633196,0.33280677,0.23396118,0.87191695
-0.6800316,0.122585185,-0.08879775,0.21112111,-0.6937903,0.21319678,-0.51832074,0.18903327,-0.6448248,0.16669928,-0.87742597
-1.73934,0.12899315,-2.1390774,0.27938786,-1.1633304,0.19951181,-1.2046523,0.16942681,-1.3760577,0.17402424,-1.1912827
1.687097,0.1753199,1.5949469,0.2701239,2.123962,0.19196367,1.6615872,0.17273308,1.9509416,0.16972405,2.314719
0.34912527,0.16378316,-0.35983813,0.28284657,-0.032745756,0.18406391,-0.69147563,0.18147802,-0.7771158,0.17253669,-0.4799768
-0.6708586,0.119790986,-0.37398747,0.21594997,-0.2791894,0.19590847,-0.14382347,0.19865248,-0.26047158,0.16185479,-0.17447346
1.3535734,0.14874098,1.057366,0.24153912,1.331988,0.21885781,1.6959268,0.2235853,1.7430993,0.15627189,1.7503003
-0.35524333,0.11333724,-1.5616969,0.25199842,-0.38447165,0.23234941,-0.10163022,0.19502768,-0.61499673,0.16180347,-0.8716797
1.3074969,0.18749085,1.3589554,0.2860417,1.8802282,0.1895976,1.5380563,0.22681955,1.8579127,0.18152973,1.9151592
-1.4539974,0.14392827,-0.6178417,0.24132012,0.42190483,0.2571215,0.6263981,0.24261394,0.48486212,0.17392954,-0.06973144
-1.8426939,0.13599788,-0.626399,0.20681481,0.19812672,0.23344883,0.021444058,0.22313868,0.115081936,0.17518345,0.047485378
-1.4201199,0.12953995,-1.3355397,0.25367594,-1.4240239,0.20682204,-1.154979,0.17864954,-1.3250926,0.15674669,-1.477722
1.0127213,0.20476349,1.0189325,0.24802686,0.099542975,0.3225586,0.27730292,0.24582522,0.57453555,0.25865155,0.6724034
-1.697053,0.15537286,-2.3877642,0.29303238,-1.4292067,0.18024944,-1.6684238,0.18127103,-1.7184352,0.19481193,-1.4446939
1.3536972,0.14022812,1.047958,0.2049565,1.5619822,0.21868967,1.8939652,0.22718398,1.7459571,0.17360005,1.8109144
-1.3308038,0.13121167,-1.5688827,0.20729105,-1.5096811,0.18374287,-1.162167,0.18387605,-1.1504228,0.14891689,-1.3290052
1.2597668,0.14110787,0.5630008,0.2392498,1.4640105,0.21908851,1.2875664,0.22479999,1.4563744,0.15913752,1.4560018
1.0486381,0.13169041,0.86650884,0.23933095,1.0210059,0.21730424,0.7593556,0.17789783,1.0019823,0.13517672,0.91739136
-0.6587384,0.19601236,-0.7261573,0.39288157,-1.0603619,0.25941044,-0.8814915,0.29139608,-1.1076014,0.27153474,-1.0442144
0.21566406,0.14812951,-0.1877606,0.22344396,-0.24690337,0.2563077,-0.53814584,0.20913742,-0.36479825,0.16954824,-0.2263859
-1.1279354,0.13580239,-2.260352,0.21053849,-1.17354,0.23543017,-1.1274359,0.23547192,-1.5468932,0.20633435,-1.4159268
-1.8781989,0.13853584,-2.7488241,0.20558971,-1.3980633,0.23832786,-1.6845528,0.22344758,-1.3577158,0.18235444,-1.5600171
-1.7624147,0.15375528,-2.7463503,0.3168854,-2.074581,0.2258135,-2.493313,0.18428566,-2.350463,0.24657395,-1.7249206
1.036903,0.26553673,1.4176272,0.29657856,1.9361316,0.4574296,1.1918962,0.485649,1.598812,0.48281574,1.2345334
-1.0317389,0.19728291,-0.9460321,0.3425064,-1.2065011,0.2385787,-1.3162338,0.3076686,-0.9837194,0.18256018,-0.90675735
-1.5015956,0.13849795,-0.50511056,0.23850638,0.7171283,0.23350912,0.8490901,0.22411491,0.470811,0.17101714,0.16815981
-1.2998474,0.12736952,-0.93401605,0.21594997,-0.19922018,0.21071109,-1.2006139,0.19865248,-0.6852962,0.166413,-0.8166203
-0.9109163,0.11991977,-1.1339917,0.23676789,-0.9130154,0.19262223,-0.6523228,0.18250711,-0.93948144,0.13749261,-0.7935735
-0.57049143,0.1263444,0.15479498,0.22680736,-0.026902404,0.19740029,0.3342734,0.16416408,-0.41828197,0.12755238,-0.5880015
1.0890943,0.23490313,0.19302593,0.29413733,1.1798545,0.32928088,1.2086376,0.3551629,1.1917176,0.2241985,1.1029465
0.4576795,0.15636729,-0.26337975,0.2701239,-0.16173571,0.17719337,0.036901258,0.16209094,-0.47553146,0.16295205,-0.15374814
1.5060297,0.16727662,1.3891996,0.27880758,1.7804271,0.31313497,1.55244,0.29610115,1.594993,0.22289126,1.7933221
-0.5363405,0.11187301,-0.34877756,0.22198433,-0.89631754,0.19980028,-0.31005225,0.18136881,-0.7339115,0.13741997,-0.78167814
-2.2031846,0.13749562,-0.5021606,0.22943297,-1.6707221,0.2465437,-2.3425252,0.22436182,-1.7155061,0.20116606,-1.4862621
1.3846716,0.14212279,1.0070107,0.2392498,1.7541623,0.21908851,1.6063895,0.22479999,1.7971002,0.1549383,1.9908804
1.0285283,0.13155152,0.7752726,0.21966553,1.00162,0.21056087,0.821373,0.22564568,1.036112,0.15071708,0.95544773
0.88168836,0.29144546,0.59663,0.4352209,0.40174252,0.30231553,0.19551355,0.39226258,-0.10616008,0.3205457,-0.019418102
-1.6894584,0.13198546,-0.77775985,0.22137748,-1.0410088,0.21287793,-1.1024542,0.19182792,-1.1569204,0.16725546,-1.1480922
0.22564517,0.1430764,0.9731331,0.25367594,0.79632664,0.28767836,-0.36881307,0.22317985,0.63563466,0.18158117,1.5537353
-0.8558782,0.2144461,-1.1040164,0.3456684,-0.490329,0.22248708,0.12273388,0.3327563,-0.6463575,0.2214034,-0.98997104
0.26625863,0.12231406,-0.15236498,0.22715022,-0.09746822,0.21247675,0.53190726,0.18998824,-0.5029122,0.15007006,-0.48867965
0.27698788,0.11025821,0.06531426,0.22578736,-0.25365278,0.1994265,-0.9281348,0.19010715,-0.6562332,0.14370902,-0.43401578
-0.42029592,0.12455451,-1.6979413,0.19638619,-0.24890482,0.2188992,-0.29542908,0.20697474,-0.720965,0.16441122,-1.0422055
1.1365772,0.16676481,1.0606366,0.27378613,1.4061755,0.29646954,0.5056514,0.29292905,1.0745385,0.18366584,1.4767557
0.01836968,0.23647669,0.011292184,0.4094311,-0.21546532,0.17910731,-0.06654592,0.30505288,-0.121130094,0.1958726,-0.4374265
-0.13244063,0.12266287,-0.07043146,0.23852235,-0.87111497,0.21260166,-0.56370527,0.16799621,-0.8511413,0.12586974,-1.0867133
1.0543466,0.1633872,0.83832735,0.30092695,0.58860666,0.18351471,0.55635494,0.22274236,0.67429274,0.18555255,0.94574326
-2.2120602,0.14169097,-0.34779295,0.22910525,-1.5728208,0.26465258,-2.363497,0.22281262,-1.6344876,0.19206415,-1.5709378
1.6218536,0.1443307,1.4386235,0.21078306,1.3507513,0.24756005,1.8081653,0.23154943,1.818318,0.16319346,2.2016952
0.1485412,0.13634871,-1.1026781,0.30065387,-1.1531206,0.26852936,-1.6328489,0.25769806,-1.2034733,0.22711854,-0.6489658
-0.7766633,0.24467503,1.2126598,0.35239625,0.59444463,0.2688031,0.9102229,0.19984,0.23348026,0.32031098,0.23950024
0.06494294,0.120090194,-0.92697734,0.21905676,-0.60467887,0.1801341,-0.464948,0.16536282,-0.39642927,0.14921919,-0.11337691
-1.1327046,0.24913126,-2.173201,0.38143334,-1.5451921,0.2604384,-1.4926801,0.37869307,-1.3143464,0.2997142,-0.7249838
-0.36344334,0.13621905,-0.5834537,0.27811614,-0.4319163,0.16646975,-0.49208,0.1464676,-0.2863038,0.14531533,-0.6076057
0.96568155,0.16309798,0.69852614,0.2860417,0.7435898,0.1788536,1.0107538,0.20848858,0.86248446,0.175007,0.6192265
1.2705594,0.18660334,-0.047485888,0.28284657,1.8160043,0.19735359,1.3043035,0.19807447,1.2477608,0.18001331,1.3489112
-1.4791759,0.13218938,-0.5599095,0.20011306,-0.3054173,0.21882626,-0.26849365,0.20090456,-0.696949,0.14681087,-1.0224903
1.298433,0.1443307,0.5421175,0.21078306,1.279481,0.24756005,1.4655967,0.23154943,1.4266424,0.16319346,1.6705654
1.0899376,0.22548518,1.6160352,0.2856389,1.8161163,0.4908341,1.3433014,0.515426,1.6882749,0.5265229,1.3114007
0.121845424,0.12526964,-0.88245934,0.2049565,-0.0071037933,0.20072652,0.34810942,0.19741161,-0.24801572,0.16199428,-0.36033854
-0.5625023,0.11642128,-1.1128479,0.2392498,0.29857776,0.20749466,0.08619856,0.19724673,-0.13744049,0.15275612,-0.40017232
1.6531779,0.17545755,1.5000266,0.2789576,1.9395863,0.20748004,1.7532399,0.21286894,1.8488308,0.17337133,2.352138
-1.1369342,0.12111898,-1.0267831,0.23941578,-1.2429304,0.21087891,-1.3724973,0.16431469,-1.2606888,0.14965001,-1.2578968
-0.9158153,0.23376355,0.67564887,0.38143334,-0.47752035,0.2604384,-0.69085777,0.37869307,-0.0026204363,0.2840455,-0.36489552
-0.34259155,0.10385695,-0.17471828,0.22801979,-1.224215,0.16547851,-0.7205845,0.17023218,-0.8677954,0.12911013,-0.91197145
-0.82538086,0.13040763,-0.7201775,0.2511619,-0.80723107,0.21649227,-0.8759937,0.18735756,-0.59210217,0.15422107,-0.79328775
-0.63655555,0.1206983,-1.7793032,0.23941578,-0.9959987,0.21242826,-0.9326378,0.19275433,-0.855664,0.15375265,-1.0701169
0.61374456,0.18839844,-0.25003213,0.29205847,0.4731323,0.2038281,0.67708623,0.20953515,0.23420884,0.19717452,0.06059717
0.4272741,0.20864525,1.109437,0.3607753,-0.21345809,0.32366833,-0.68484,0.22613779,0.29826695,0.20946522,0.30837378
1.0005459399999999,0.49264838,0.67527515,0.27612472,0.263139,0.43363854,0.13268751,0.48657343,1.0954645,0.5122708,1.2233114
-0.037026647,0.23386495,0.38996002,0.33064833,-0.47316393,0.41016325,-0.72701466,0.29726565,0.06838835,0.26750633,0.29008687
-0.16181028,0.13158926,1.3117528,0.19816442,2.230876,0.2195927,2.255347,0.19723935,1.8070003,0.156173,2.0908442
0.9021849,0.13368285,0.63158125,0.24153912,0.6891029,0.20989187,0.95183796,0.17814942,0.7220686,0.13652351,0.22664802
1.2022033,0.23617366,0.7902755,0.32008725,0.83202916,0.34525383,0.3475695,0.25436774,0.85293883,0.21091372,1.2867397
0.121899016,0.12699485,-0.7298516,0.2392498,0.138943,0.20728236,0.36822805,0.19724673,-0.5429322,0.1494453,-0.34145737
-0.9513361,0.20880984,-0.3246237,0.3739123,-0.6000683,0.17390372,-1.4235104,0.3117465,-0.9403389,0.2124291,-0.48060676
0.4884287,0.12154979,-0.032099333,0.20298342,-0.28824764,0.16634594,-0.0906599,0.1615781,0.13880678,0.1420844,-0.18614149
-0.83088636,0.21136402,-0.31310296,0.4362975,-0.7647284,0.29585695,-0.6691956,0.33802933,-0.93951005,0.281025,-0.6283738
0.5912628,0.13387889,0.06227952,0.24605513,0.1061492,0.20966189,0.39690667,0.19092403,-0.09726851,0.1533685,-0.32710382
1.4779474,0.14903152,1.2433665,0.2392498,1.6571606,0.21908851,1.7159872,0.22479999,1.8268166,0.16150005,2.317684
-0.062693395,0.20166938,-0.16624385,0.32008725,-0.19143988,0.2888104,-0.38403827,0.20809783,-0.31918618,0.20214432,-0.539184
0.9553701,0.20564908,1.0189325,0.24802686,0.3375475,0.36471355,0.26864204,0.25652316,0.45409733,0.26150176,0.69461554
1.4155948,0.1517198,1.0349566,0.24576741,1.8917143,0.1969793,1.5586569,0.20937869,1.8010833,0.15717928,1.9527946
-1.1140891,0.19581969,-1.4303285,0.4200652,-1.5864754,0.3720803,-1.7209384,0.34909815,-1.2734762,0.32414022,-0.8194555
1.1452793,0.5161649,0.69949186,0.2712525,0.26803374,0.4574296,0.0819928,0.485649,1.355714,0.48281574,1.2345334
-0.1690353,0.127567,1.61567,0.21172263,2.2137623,0.21289882,2.1130104,0.19655472,1.8162841,0.1602215,2.1294842
-1.2222136,0.1279148,-2.1382718,0.24747567,-1.7546036,0.19345812,-1.3639076,0.17751007,-1.7477614,0.15651111,-1.2161655
-0.29908288,0.2144461,0.45511338,0.3456684,-0.08346412,0.22248708,-0.06143297,0.3327563,0.6083537,0.2214034,0.5625034
0.11215499,0.13182038,-0.63393193,0.26359117,-0.17812294,0.22404404,-0.5861628,0.20275202,-0.58065164,0.161562,-0.55631465
0.503726,0.3388224,0.7369265,0.42519823,-0.12727551,0.41016325,0.49760616,0.31995824,0.83959645,0.34772584,0.79144496
-0.090371124,0.17906827,-0.7559049,0.31940094,-0.43638626,0.21948832,-0.6046435,0.17214034,-0.6959626,0.18498662,-0.21285379
-0.6103779,0.13882211,0.101598054,0.22028312,-0.091574654,0.22700182,0.023656536,0.22266002,0.20569998,0.17196229,-0.29383644
0.49871045,0.263636,0.440158,0.2511619,-0.26508275,0.35759354,0.79455495,0.3749268,0.6271985,0.19192871,0.012312412
0.06278631,0.20459647,-0.42306226,0.3456684,0.38436958,0.20545983,0.15020935,0.2718975,-0.53213227,0.19236645,-0.38992304
-0.35613865,0.11187301,-0.6338202,0.22198433,-0.78848404,0.21064295,-0.26300094,0.20055795,-1.0839196,0.14688991,-0.67876256
-1.9572502,0.19734009,0.05321554,0.34964156,-1.4086729,0.30462041,-1.7442667,0.210129,-1.3189646,0.22087218,-1.0151318
-0.65150356,0.15109444,-1.2677014,0.2701239,-0.52384764,0.18332644,-0.124243185,0.15902583,-0.9639545,0.15409993,-0.8471208
-1.6816999,0.1430764,0.72624576,0.25367594,-0.6177191,0.25316826,-0.8875271,0.21999153,-0.64192706,0.17409164,-1.0396534
-0.7354342,0.12510914,-2.1341105,0.24132012,-1.1658633,0.19453998,-0.65897566,0.17804939,-0.93359756,0.14645101,-0.78360534
-0.0782669,0.18166938,-0.86411816,0.32185015,-0.56515163,0.2528896,-0.4374202,0.21108699,-0.74977,0.18926542,-0.4595681
0.31448913,0.12991293,0.26126012,0.25432348,-0.6141826,0.18908086,-0.40175,0.15464939,-0.6736859,0.13687144,-0.66538215
0.061886646,0.3427723,0.62958956,0.5567685,-0.5472829,0.41016325,-0.5155392,0.31995824,-0.17444839,0.72485083,0.08921932
0.6943455,0.20221563,-1.0419912,0.31338027,1.0553342,0.2030091,1.0805833,0.23431627,1.0010018,0.1623705,1.0151013
0.024422409,0.13413954,-0.07977121,0.22028312,-0.5850931,0.21425478,-0.077282384,0.21391529,-0.586157,0.16231275,-0.85095245
1.2762988,0.26624933,1.9400065,0.3894168,1.0008177,0.4541232,1.3253787,0.4895278,1.7331436,0.25856623,1.2213858
-0.891591,0.14802456,0.047412302,0.2863625,-0.6148181,0.20134269,-0.48515064,0.17186792,-0.33050767,0.16103148,-0.7127382
0.99375004,0.14003593,0.24312174,0.1922474,1.1737474,0.21110147,0.74645406,0.22809975,0.9665224,0.16193755,0.68956167
-1.781911,0.11946329,-0.33987612,0.24429454,-0.68991464,0.22274177,-1.3331574,0.20627917,-0.8346662,0.16346751,-1.0099275
-2.2400763,0.13685535,-0.012876378,0.26292467,-1.9084531,0.24179326,-2.52669,0.2235472,-1.3540299,0.17492776,-1.2870286
0.49839112,0.12039668,1.1110551,0.23854543,0.4000451,0.22394297,0.509274,0.1998098,0.45976877,0.1653496,0.7025424
-2.2375348,0.13969329,-0.08779886,0.2202124,-0.54861975,0.2772957,-2.0739188,0.21777324,-1.404028,0.15937847,-1.204197
0.07815661,0.20880984,-0.7750069,0.3739123,-0.34019643,0.17390372,-0.42595255,0.3117465,-0.61693764,0.2124291,-0.43346724
-0.17662054,0.1669905,0.5531646,0.23805772,-0.40160483,0.3717828,-0.256008,0.34046236,-0.51401746,0.26679268,0.38520658
0.6536776,0.11805354,-0.26767042,0.22715022,0.16254278,0.20109425,0.023029443,0.18998824,-0.12317217,0.15351403,0.020065013
1.1079105,0.14344938,0.7417393,0.24199788,0.92102873,0.21432865,0.6216305,0.23215929,0.9963939,0.14643833,1.0812516
-0.7114726,0.120300755,-0.8095934,0.23612024,-0.5875607,0.19453998,-0.46816885,0.16885518,-0.3363108,0.13945939,-1.032168
-1.1061765,0.13096534,-2.0065427,0.23433635,-1.778381,0.19066538,-1.481517,0.18211427,-1.7517636,0.16206853,-1.1762098
1.5249287,0.25814304,1.3853189,0.38143334,1.9634967,0.23420878,1.4911685,0.2952889,1.7637275,0.25032258,1.8868831
-0.38608098,0.89341265,1.144099,0.7234809,0.6018464,0.49119613,0.5894331,0.78429294,0.9422481,0.7741132,0.5966461
-0.7124671,0.11379896,-0.46134347,0.2528543,-0.25454304,0.19333825,-0.21271238,0.19715112,-0.3181834,0.16117266,-0.47610646
-0.9659094,0.118176535,-0.4934764,0.2435471,0.4516038,0.22696695,0.7120158,0.20470612,0.42974022,0.1597636,0.1793162
-0.53190166,0.25159094,1.0454392,0.34067583,1.1322142,0.36265606,1.7781378,0.37910423,0.81150365,0.20531301,0.8463628
1.2066593,0.1427277,0.10670637,0.19816442,1.4443619,0.21306385,1.1252615,0.21766974,1.393073,0.15806863,1.283082
0.83577293,0.113359384,0.9438875,0.22715022,0.9498785,0.20844239,1.2434927,0.19588219,1.0463098,0.14070374,0.5611928
-1.494866,0.19319989,-0.39314878,0.38434094,-0.95108074,0.29679266,-0.43434453,0.20475732,-0.8790128,0.25745276,-0.27553228
-0.41543084,0.13430905,-0.9983346,0.21161032,-1.0682614,0.22106002,-0.8100006,0.18477373,-0.68191713,0.15564679,-0.57667005
1.1929708,0.26259786,1.4539845,0.4849204,-0.85440767,0.6222493,-0.8733303,0.43601778,0.74797523,0.6024809,-0.5025261
0.96994627,0.14400166,1.0103745,0.2392498,1.4407022,0.21908851,1.1291772,0.22479999,1.3198309,0.15913752,1.2302278
0.32329398,0.17504402,0.65579003,0.30459777,0.4958014,0.26243216,-0.170286,0.2556839,0.5108145,0.21932088,0.5493168
-0.916404,0.124616966,-0.8633825,0.2392498,-0.40689963,0.20998885,-0.25560564,0.1852996,-1.007558,0.14237703,-1.0175809
1.0071454,0.17349009,0.85958046,0.2721848,1.0041797,0.27860495,0.8010634,0.26100567,0.7905696,0.18989529,1.3600196
1.0125967,0.16609375,0.57808506,0.28284657,0.5129181,0.18574029,0.69482136,0.17146616,0.5102912,0.16310096,0.4015458
-1.1063552,0.15874732,-0.19082752,0.32008725,-0.9155369,0.38139176,-0.564226,0.3052963,-0.74432474,0.24938457,-0.15989798
-0.019902654,0.112037525,-1.3921816,0.23852235,0.19817011,0.20561273,-0.1609696,0.17759877,-0.50638926,0.13676336,-0.6850348
-2.1568017,0.1355757,-0.41451287,0.24132012,-1.4670126,0.280948,-2.351887,0.23744051,-1.6004194,0.17797373,-1.6856028
-1.6103568,0.13551015,0.28038213,0.2493356,-0.3809145,0.23932886,-1.6269455,0.20776868,-0.69388163,0.15827502,0.26503998
1.2452905,0.29187784,1.5188533,0.57297325,1.0254997,0.4508037,1.3479704,0.48397914,1.7161143,0.27470073,1.1833445
1.1128007,0.29424587,0.8498075,0.6002404,-0.016081886,1.0458208,-0.059318524,1.072618,0.3012458,0.753088,-0.5583741
-0.44422486,0.14448643,0.1908144,0.28685582,-0.9377641,0.16587788,-0.6297033,0.17383102,-0.4795862,0.16690668,-0.60448813
-0.20358077,0.12769398,-0.61069435,0.21806972,-0.8943384,0.2150329,-0.722834,0.18952002,-0.6786395,0.16013594,-0.7462793
0.40488374,0.35760242,1.285614,0.44368258,1.2872018,0.3070519,1.1116174,0.21363607,0.72019845,0.35741633,0.5087831
1.3607711,0.15987015,0.75732505,0.2564487,1.6017329,0.22385348,1.4205441,0.232354,1.3153872,0.17337562,1.3474153
0.5752363,0.42988524,0.5815817,0.301696,0.7414722,0.39894333,0.8399192,0.5026605,0.8347943,0.39829195,0.779971
1.366367,0.14219958,0.70126945,0.1922474,1.5181732,0.21110147,1.1528852,0.22809975,1.54863,0.16193755,1.5129503
-0.4767388,0.8374029,1.239063285,0.6430732674999999,-0.9991317,0.6196901,-0.90703225,0.5617317,-0.78781587,0.7531846,-0.44212884
0.5621245,0.4573736,0.98304904,0.274313,0.7445626,0.4471436,1.2786483,0.4601504,-0.041641667,0.49949622,1.2154403
-1.2400684,0.123408414,-2.519349,0.24574125,-1.4007454,0.22302572,-1.1930902,0.17622124,-1.6091115,0.16189574,-1.4459084
0.60306185,0.22669019,0.7902956,0.26734936,-0.1941464,0.31811088,-0.3959,0.27163205,0.33375457,0.3117182,-0.13321127
-0.43814096,0.19272086,-1.6089607,0.31338027,-0.4030758,0.2030091,0.091514856,0.23431627,-0.9250379,0.16043569,-0.40626252
-0.7776223,0.2144461,-1.1928475,0.3456684,-0.79798585,0.22248708,-0.6009936,0.3327563,-1.3922702,0.2214034,-0.9981746
0.45767897,0.1293286,0.6915024,0.22028312,0.15051809,0.2065983,0.011069839,0.21391529,0.35187244,0.16473342,0.33422056
-1.3110592,0.1455297,-0.9074749,0.20011306,0.56192875,0.23423122,0.7045188,0.23122269,0.41340113,0.17963593,0.27352184
-0.49354613,0.10773607,-0.8689665,0.22198433,-0.60115486,0.18111835,-0.26237375,0.17118365,-0.35627982,0.12953544,-1.0015751
1.4457524,0.15461776,1.0222536,0.25533524,1.580198,0.23818368,0.92067915,0.2549957,1.7066158,0.16998136,1.9349697
-0.034426074,0.12268575,0.04649048,0.22986214,-0.56278884,0.20800355,-0.11593055,0.16972853,-0.3230074,0.12835522,-0.6142591
-0.69939923,0.1255659,-2.4831731,0.20779568,-0.65402126,0.19943719,-0.64812225,0.18597926,-0.80261284,0.1675954,-0.8723863
0.013201931,0.15006249,-0.83376455,0.2789576,-0.022910146,0.19047342,0.030695695,0.18842655,0.08469928,0.16623732,-0.1919044
-0.28367594,0.21406241,-0.81272656,0.45390606,-0.42815426,0.32386917,-0.5166004,0.3129677,-0.93849754,0.22307014,-1.0401727
-0.7878371,0.19494854,0.9285774,0.31601527,0.34822664,0.19594537,0.6849393,0.2455345,0.45058483,0.19591373,0.9036397
-0.18720034,0.2144461,-0.13647741,0.3456684,-0.21908574,0.22248708,-0.22061394,0.3327563,-0.43980557,0.2214034,-0.3297426
0.7609002,0.3388224,0.8394432,0.42519823,0.6386204,0.41016325,1.2695265,0.31995824,1.1939383,0.34772584,0.6509998
-0.46865532,0.20954587,-0.36517146,0.28274652,-0.18681863,0.2998626,-0.40181473,0.23076813,-0.544501,0.207407,-0.69781923
0.3627777,0.124908246,0.5478926,0.2602186,-0.65156966,0.16949226,-0.46187618,0.1643047,-0.5315698,0.14327794,-0.5870959
-1.1042174,0.13213263,-2.0206254,0.26092178,-1.398226,0.20081203,-1.1629616,0.15627111,-1.311999,0.1427329,-0.9376055
1.5183907,0.20805575,1.4568216,0.3739123,1.9219168,0.16825922,1.3199486,0.27709433,1.7958612,0.1942361,2.1739862
-1.411473,0.25608963,-2.0378876,0.4352209,-1.100678,0.30231553,-1.3545426,0.39226258,-1.4609578,0.29636618,-0.72986114
-0.055253185,0.13286042,-0.38134074,0.2604739,-0.66130847,0.20792516,-0.13256624,0.16072808,-0.3576111,0.13395089,-0.67186505
-1.2105793,0.13708213,0.6635707,0.2158439,0.62567234,0.21495114,0.5968004,0.21207489,0.7281702,0.16428451,0.7207035
1.5930333,0.20221563,1.7201121,0.31338027,2.0297186,0.2030091,1.7825459,0.23431627,1.9534076,0.16282354,2.3682356
1.1803633,0.40674442,0.7170769,0.61303073,1.157666,0.18761756,1.5062091,0.38636038,1.2102013,0.4255134,1.3181432
0.32553905,0.18637607,0.96329415,0.33050954,-0.21948282,0.26527497,-0.56089014,0.2104939,0.29858094,0.24620543,-0.22184496
0.9397287,0.26508665,0.8018658,0.2615655,-0.566989,0.306761,-0.930841,0.2654688,-0.10500082,0.2288269,0.28861496
1.4453368,0.16316329,1.4538265,0.2648508,1.8897599,0.20283304,1.5266936,0.21566325,1.8820933,0.1741791,2.1729112
-1.8006389,0.13666742,0.5242266,0.25208917,-0.3859217,0.25563204,-1.4968013,0.2202429,-0.8276557,0.17117552,0.26284105
0.54846317,0.49184886,0.70398766,0.42395952,0.24521823,0.43521574,0.6080421,0.30570865,1.0692215,0.40628618,0.77558714
-0.38608098,0.89341265,1.144099,0.7234809,-0.9890186,0.62620515,-0.9412109,0.5318991,-0.78132284,0.8277906,-0.5815785
-0.86894333,0.13621905,-1.6665004,0.27811614,-0.9015126,0.16646975,-0.79274935,0.1464676,-1.354216,0.14531533,-1.1807755
-0.28532487,0.15687191,-0.28536656,0.27811614,-0.67560446,0.18829872,-0.5108501,0.16348751,-0.8045447,0.16335978,-0.7406429
-1.3666828,0.12863944,0.34805715,0.21890731,-0.25573644,0.24832033,-0.8010759,0.2095187,-0.8766358,0.15082103,-0.12979393
0.44778803,0.16516972,1.1310195,0.25141993,1.8463781,0.22878669,1.9542495,0.23062365,1.4782169,0.16287017,1.8868372
-0.03117167,0.15690604,0.2460985,0.29205847,-0.54416883,0.19068696,-0.6185066,0.19016927,-0.7015804,0.18465526,-0.64217937
-0.9274184,0.19663057,0.083186485,0.3081053,0.1237156,0.3165426,0.056400053,0.2713515,-0.13111608,0.27240226,-0.8598247
1.42565,0.15892193,1.2150239,0.2577881,1.8219327,0.23616713,1.310835,0.23907429,1.8531905,0.1707481,2.3272514
0.021580776,0.12126265,-0.68045396,0.23129664,0.6403993,0.21194795,0.6641309,0.1603878,-0.0062173484,0.12639341,0.39742112
-0.104939,0.11717758,-0.7358616,0.23150824,-0.88806087,0.20618004,-0.24729614,0.21106814,-0.766909,0.15532008,-1.047778
-1.6415881,0.12777083,-2.4853482,0.2710602,-1.2838223,0.19875011,-1.441466,0.16561106,-1.4450238,0.16558455,-1.4275138
1.1951303,0.38095725,1.1318533,0.586252,-0.68204474,0.5668243,-0.29700854,0.8915332,0.8263304,0.72966194,-0.31616628
0.58252895,0.103448436,0.6115469,0.22972222,0.4610288,0.220827,0.37342852,0.20847191,0.25885108,0.13979256,0.20126583
-0.22209242,0.1341827,-0.074431,0.22490767,-0.7313637,0.1756805,-0.65978914,0.16858426,-0.4387058,0.15283014,-0.4782827
-0.1368507,0.112037525,-0.95999706,0.23852235,0.36565134,0.20535164,0.39302477,0.16162531,0.015457718,0.13675737,0.038242523
1.0047673,0.4573736,1.3894515,0.28873286,0.8321749,0.4462169,0.8398941,0.46863475,-0.10743038,0.48311755,1.2378654
0.8648232,0.22681883,0.85399294,0.280121,-0.09064205,0.40717226,0.3744408,0.2822757,0.63170207,0.2851451,0.58634526
1.045138,0.26844153,1.2993273,0.2615655,-0.97299814,0.3539063,-0.8758577,0.32510373,0.5072153,0.31939006,0.027610896
1.1016195,0.31618214,0.36293164,0.64384705,0.3736759,0.37623262,0.15336537,0.298771,0.8339458,0.7084527,0.27636617
0.2781969,0.12912053,-0.485007,0.21078306,-0.46029195,0.23206347,-0.110795245,0.20693156,-0.28039682,0.1581142,-0.47781608
-1.6237295,0.19355567,-0.51439637,0.33732522,-1.1424991,0.23433149,-1.4865136,0.28722382,-1.2443336,0.21095163,-1.2228825
1.0058336,0.13371773,0.5870604,0.2647393,0.3191722,0.21909085,0.51818436,0.19990744,0.5788095,0.16080314,0.71547014
1.5669726,0.13039929,1.1438154,0.22578736,1.8091254,0.20196924,1.7609175,0.22240879,1.8253399,0.15054272,2.0167835
-0.06577889,0.119002864,-0.36716306,0.21932752,-1.434617,0.20405847,-1.022972,0.17046897,-1.0169601,0.142659,-0.88254577
0.18013385,0.15427804,0.013335418,0.27880758,-0.7363492,0.22478683,-0.7989582,0.20878306,-0.7463922,0.1544166,-0.1723214
1.66602,0.1753199,0.9881009,0.2701239,1.9372054,0.19196367,1.6541071,0.17273308,1.7526228,0.16972405,1.9608487
1.0984324,0.21188493,0.73012245,0.29089096,1.1022085,0.3468517,1.0285462,0.28891313,1.2513477,0.26674336,1.3280091
0.5194968,0.1274695,0.38981697,0.21594997,0.05765535,0.22396637,0.4370372,0.205262,0.027954057,0.16418827,-0.59101194
0.12026711,0.12739387,0.3380743,0.25246668,-0.45604864,0.17792208,-0.3757719,0.18603615,-0.20331784,0.14301588,0.2796539
0.1011152,0.12785561,-0.44874403,0.22972222,0.35016745,0.23380077,0.22881618,0.20236664,-0.3275402,0.15411021,-0.4324693
0.33285257,0.20459647,-0.3395058,0.3456684,-0.20157112,0.20545983,0.3272982,0.2718975,-0.20299208,0.19236645,0.041475326
-0.7536371,0.12756866,-0.54002553,0.1922474,0.14249149,0.20808466,0.099131204,0.18384811,0.4674061,0.15776294,0.13543418
-0.38608098,0.89341265,1.144099,0.7234809,-0.9890186,0.62620515,-0.9412109,0.5318991,-0.78132284,0.8277906,-0.5815785
-1.6925344,0.25404254,0.008447062,0.45390606,-1.1583939,0.33154643,-1.7682835,0.31326416,-1.3698583,0.2250488,-1.0771376
1.5016236,0.11922997,1.2306952,0.23450227,1.8327072,0.23261674,1.8479348,0.25980362,1.782573,0.16640663,2.055402
-1.4516367,0.15018433,-0.2670258,0.23575321,-0.4602003,0.2524371,-0.24449632,0.29743412,-0.2569795,0.19709313,-0.044149626
0.9616152,0.13824469,0.7421364,0.19573942,0.9784603,0.22104461,1.1887684,0.20020793,0.9374433,0.14382619,0.5537848
-1.2366533,0.13360658,0.10304184,0.22301143,-0.5552209,0.22278926,-0.49932316,0.19329865,-1.1203873,0.1541954,-1.3352101
1.0090517,0.44894844,0.9641221,0.3359819,0.9899281,0.43449232,1.3664141,0.46299163,1.0909524,0.41208923,1.2722981
-0.2196519,0.20805575,-1.177854,0.3739123,-0.4522266,0.16825922,-0.4301675,0.26696533,-0.7941876,0.17731237,-1.0533416
0.17493908,0.13431312,-0.030500913,0.26359117,-0.37087134,0.22936922,0.13766651,0.19348973,-0.6000793,0.1569244,-0.6052124
1.5292461,0.18660334,1.2045562,0.28284657,1.8333098,0.19735359,1.3075689,0.19807447,1.8811042,0.18001331,2.0109665
0.9622927,0.13503653,1.0537288,0.24576741,1.0899769,0.18923141,1.1080676,0.18052627,0.8623851,0.1456885,0.35034677
-0.92798704,0.1243013,-0.3636063,0.25422665,-0.910214,0.21527717,-0.49360743,0.19478358,-1.1451868,0.15807773,-1.1516895
-0.24463575,0.14815526,-0.84291035,0.28685582,-0.9564343,0.1935998,-0.6993357,0.19553475,-0.76489985,0.1704558,-0.7266699
1.285547,0.184047,1.475574,0.26320952,1.7307068,0.33104292,1.5287085,0.31750077,1.6689157,0.21177483,2.0037932
1.4082488,0.20221563,1.5841001,0.31338027,1.5927329,0.2030091,1.7817771,0.23431627,1.5396826,0.16282354,1.3845342
-0.5036105,0.11406906,-0.4969096,0.2435471,-0.641049,0.19869551,-0.2465723,0.16868953,-0.87531406,0.1387338,-0.88916975
1.5514129,0.21355502,0.95088124,0.3456684,1.8773017,0.20545983,1.5366759,0.2718975,1.7149954,0.1975755,2.0342104
1.2918885,0.21355502,1.2421478,0.3456684,1.8125017,0.20545983,1.2313045,0.2718975,1.6219895,0.1975755,1.9979469
1.7242178,0.1434266,1.2462798,0.22972222,1.9270465,0.27636382,1.7031674,0.23780519,1.9724913,0.16167222,2.0977
0.05920416,0.13308749,-0.83559227,0.24469157,-0.24955603,0.25916514,0.14515263,0.24174143,-0.095904246,0.16063079,0.07214987
-0.9943755,0.18051895,-1.427995,0.33286983,-1.5740484,0.22597177,-1.3177813,0.161595,-1.45133,0.19547008,-1.3027661
1.1276114,0.32300228,0.27414897,0.57573354,1.1529528,0.30231553,1.2458621,0.44084185,0.9570836,0.3946289,0.4319742
-0.37012726,0.23538262,0.09610975,0.45390606,-0.1428416,0.33154643,-0.1609088,0.36769044,0.09811053,0.26267537,-0.16539517
1.0857942,0.15888537,0.9766099,0.22024554,1.0772028,0.2820789,0.47726014,0.26685777,0.7886593,0.20462713,1.2519102
0.57390857,0.22661167,0.8138918,0.30981806,0.49814397,0.4514193,0.64275926,0.381994,0.9379394,0.32401562,1.2767754
-0.41691732,0.1251876,0.74222165,0.28206983,0.59689504,0.23773062,-1.1589437,0.17203866,0.16185926,0.16081892,0.93838215
0.6544937,0.15377818,-0.8503721,0.23450227,1.0880352,0.2539961,1.2448177,0.25980362,0.9659776,0.16725539,0.56214595
-0.2835604,0.1732842,-0.4860107,0.31146678,-0.7922763,0.2093498,-0.41226158,0.15537092,-0.72139084,0.19057174,-0.72455096
-0.08678742,0.12710533,-1.9618001,0.19816442,-0.52438164,0.21953665,-0.5989439,0.18446925,-0.85524225,0.13870105,-1.01816
1.0477636,0.24762747,0.8814256,0.3153305,-0.18773685,0.37052697,-0.83747286,0.2893097,0.62809074,0.33964735,0.39852658
1.1164004,0.121991545,0.29938224,0.22715022,1.3658594,0.21616761,1.438735,0.22064209,1.4002148,0.15686005,1.2796302
-0.07781724,0.12338885,-0.79744655,0.20627439,-0.03199548,0.20132686,0.19431876,0.19072802,-0.5691089,0.15524174,-0.93294734
1.0088803,0.72723913,1.1853027,0.4413791,-0.99323344,0.6155359,-0.9203545,0.56339204,-0.7891338,0.72381175,-0.43061766
1.014865,0.12930056,0.98923373,0.23933095,0.9073294,0.2097444,1.2972921,0.19838904,0.9309192,0.13255784,0.38459012
1.1560223,0.16309798,1.2606722,0.2860417,0.99194914,0.17829293,1.2590917,0.19772603,0.8686218,0.16005893,0.57401466
0.07512972,0.2144461,-0.10686651,0.3456684,-0.47620708,0.22248708,-0.39650613,0.3327563,-0.51838195,0.2214034,-0.6988777
1.1898601,0.24762747,0.87454826,0.5809537,-1.6935631,0.5612258,-1.0713352,0.40169,0.22159344,0.40302873,0.055931047
0.028574849,0.16134606,0.91781497,0.25632203,-0.23570181,0.36732525,-0.21816988,0.36191368,-0.057176415,0.40990826,0.38050723
0.05764667,0.1194332,-0.0071162772,0.2647393,-0.07901144,0.21909085,0.28381005,0.19990744,-0.7833216,0.1615319,-0.23022789
0.5838454,0.14631811,-1.3411517,0.23933095,1.386022,0.22738864,1.2148252,0.23553073,0.909712,0.15701675,0.7500267
-0.06823779,0.11184349,-0.4171265,0.24067757,-0.47126952,0.20007472,-0.76334536,0.16467372,-0.9840358,0.13110511,-0.5736965
0.48982614,0.18950497,0.5082222,0.25432298,-0.9896011,0.37267232,-0.8461452,0.30859342,-0.09686444,0.30578196,-0.02625243
-1.2921208,0.13484721,-0.7520522,0.27516082,-1.125626,0.21952029,-1.1323528,0.18480042,-1.2960471,0.15206097,-1.0409693
-0.6571422,0.11876506,-0.9574301,0.25199842,-1.5153877,0.21620545,-0.9383613,0.17524326,-1.3343037,0.15043662,-1.0950695
-1.8240649,0.15914896,-0.095380805,0.31601527,-1.0300794,0.19964284,-1.6204585,0.2311553,-1.1436185,0.19941022,-0.9442328
0.7572694,0.123961575,0.385621,0.20627439,1.0685925,0.21289882,1.1030473,0.19655472,1.1580051,0.1602215,0.47626626
-0.17601368,0.10773607,0.05145429,0.22198433,-0.7029389,0.18111835,-0.41014212,0.17118365,-0.5376334,0.12953544,-0.7646195
-1.7584884,0.25954574,-0.68304944,0.4638792,-1.2055403,0.3946897,-2.0213199,0.381785,-1.257428,0.23282889,-1.134654
0.7746087,0.24190181,1.2903512,0.3173849,-0.79926634,0.2998626,-1.3260974,0.23076813,0.18290342,0.21211337,0.02324118
-0.48464498,0.13387597,0.35340744,0.24605513,0.1975727,0.22172093,0.1527333,0.200768,0.58042055,0.16111773,0.30418664
-0.6129856,0.12594648,-1.319728,0.26761767,-1.3265634,0.23403303,-0.8378941,0.2005972,-1.34995,0.16977923,-1.2907417
1.0187938,0.10352767,0.95760065,0.2336128,1.1102518,0.21680266,1.348507,0.20693156,1.1260153,0.14274734,0.641105
1.1057941,0.13387889,0.789261,0.24605513,0.62069374,0.20966189,0.5059469,0.19092403,0.75577474,0.1533685,1.2500043
1.1889368,0.24197349,0.9555419,0.39288157,1.2550759,0.25941044,1.2976232,0.29139608,1.4009811,0.2835329,1.4155556
0.20028429999999997,0.71090036,1.03144640625,0.68823191875,-0.99323344,0.6155359,-1.1574713,0.56339204,-0.93375266,0.72381175,-0.2253539
0.58701485,0.26642427,1.3849273,0.38434094,0.016987693,0.27967337,-0.41019592,0.21215966,1.2615788,0.31690785,-0.12089359
1.1220012,0.24514051,0.40987274,0.32190937,0.5492146,0.3373365,0.9980323,0.33508834,0.5757488,0.31112343,0.40573835
0.043139808,0.20537965,0.090679064,0.3456684,-0.61182874,0.22248708,0.078462645,0.3327563,-0.6907604,0.21414596,-0.89071715
-1.4263035,0.13391145,-2.097339,0.2710602,-1.1762483,0.19875011,-1.1660032,0.16051356,-1.5402763,0.1586201,-1.2110144
1.5389718,0.20805575,1.4419647,0.3739123,1.7590479,0.16825922,1.7832654,0.27709433,1.8208086,0.1942361,2.231308
0.45758614,0.12085382,0.9783778,0.2336128,0.3540684,0.20725992,0.61423194,0.20693156,0.48163283,0.15356104,0.685204
0.2372513,0.16793612,0.118558995,0.30092695,-0.3869902,0.1841526,-0.25692353,0.22274236,-0.7052247,0.1860604,-0.47297248
-0.19771527,0.12605356,-1.6856639,0.20681481,-0.92931956,0.16634594,-0.6135012,0.1687873,-0.7314965,0.14739698,-0.68063384
-0.4076079,0.12287389,-0.83254594,0.20298342,-0.7188979,0.16634594,-0.53588694,0.1615781,-0.636282,0.1420844,-0.43936092
0.9425191,0.24467503,0.93814343,0.31146678,1.2052567,0.2688031,1.1049972,0.19537477,1.3669137,0.2724265,1.3287868
-0.77659166,0.2430628,1.1444259,0.33050954,0.6882765,0.30001497,1.0011721,0.24597971,0.5647216,0.31656942,0.2947317
0.7227606,0.19629622,0.67645454,0.3739123,1.3379769,0.16798848,1.54276,0.27709433,1.1137382,0.19039504,1.4541187
0.68034905,0.18600611,1.0219241,0.29082862,-0.53014773,0.35574108,-0.45052466,0.2869701,0.22112903,0.30324072,-0.25958124
-1.4600813,0.13756052,0.6489246,0.22422254,-0.2482145,0.246234,-1.4619431,0.2184227,-0.44758132,0.18100981,0.1611045
0.74432045,0.21266131,1.0091614,0.2581048,-0.13714756,0.32021412,-0.033718202,0.2612844,0.49169245,0.25653118,0.49271816
-0.8918072,0.20880984,-1.5309436,0.3739123,-0.6878501,0.17390372,-0.025424255,0.3117465,-0.58039033,0.2124291,-0.7237571
0.65850025,0.12172429,-0.07357255,0.21172263,0.26976815,0.20896402,0.23626326,0.22006781,0.069513485,0.15968367,-0.08571917
-0.38719252,0.13814999,1.2484928,0.24576741,2.2096953,0.1895577,1.75363,0.19239752,1.5738987,0.15770902,2.1749172
0.16201659,0.1373435,-0.33281204,0.21239938,-0.5927833,0.18990742,-0.444161,0.187706,-0.20958266,0.15511145,0.19973345
0.7034971,0.13814999,0.6757023,0.24576741,1.1906062,0.1895577,0.8432089,0.19239752,0.773827,0.15770902,0.5273149
-0.6669643,0.12597737,-1.1607445,0.24932286,-0.70580333,0.18604405,-0.5646305,0.15222521,-0.4991653,0.1404571,-0.6582492
1.3791823,0.1514497,1.348309,0.21673635,1.4456593,0.22180973,1.4300847,0.24215724,1.6003882,0.17485511,1.8339399
-1.0627418,0.12803465,-0.31641585,0.24932286,-1.2353851,0.18604405,-1.2521673,0.15222521,-1.2180479,0.1404571,-1.1573203
0.7741564,0.14487234,-1.2592888,0.24576741,1.2474911,0.1969793,0.9971656,0.20937869,0.89116836,0.15783633,1.0002452
0.6353968,0.2339006,1.4227316,0.32008725,-0.8805953,0.2888104,-1.3182492,0.20809783,0.0618624,0.2061914,-0.065665916
1.191415,0.17545755,0.48933625,0.2789576,0.78559303,0.20748004,0.8362245,0.21286894,0.8991342,0.17337133,0.45019042
-0.3992592,0.15914555,-0.2532893,0.31601527,-0.48723692,0.19901654,-0.66084033,0.2311553,-0.34150138,0.19271895,-0.8409316
0.59484726,0.20823285,0.9189486,0.34964156,-0.28283504,0.3533862,-0.28260216,0.26457682,0.2563761,0.25595912,0.47895536
-0.37395197,0.15663326,-0.5527361,0.3607753,-1.8096185,0.24538524,-1.3619624,0.1988401,-1.0464748,0.18383595,-0.8039165
1.1338497,0.23617366,0.7902755,0.32008725,0.7232066,0.34525383,0.32167518,0.25436774,0.8836225,0.21091372,1.0681053
0.5759853,0.22661167,1.0978268,0.30981806,0.20578133,0.3265312,-0.3038479,0.23102641,0.8515718,0.22702701,0.2599125
1.2768495,0.26714954,0.527634,0.23565063,1.1238031,0.35066926,1.4530387,0.352298,1.0639845,0.28298074,1.0142316
-0.79436487,0.1206983,-0.8018198,0.23941578,-0.6472046,0.20779988,-0.63328516,0.16431469,-0.559334,0.14810605,-0.66800255
-0.09577467,0.120300755,-0.29902983,0.23612024,-1.0277393,0.20405847,-0.8883105,0.17046897,-0.7695671,0.142659,-0.37105265
-2.0676808,0.23376355,-0.41925192,0.38143334,-1.9168637,0.2604384,-2.1290362,0.37869307,-1.1531961,0.2840455,-1.2486945
1.1882211,0.51117224,0.44160616,0.38323367,1.0129983,0.4514193,1.1466454,0.381994,0.84722614,0.3573372,0.79716533
-0.067501426,0.12526964,-0.6290694,0.2049565,0.06390179,0.20072652,0.20775764,0.19741161,-0.56479096,0.16199428,-0.8305188
0.22088732,0.13033713,-0.44157356,0.22301143,0.5586726,0.23934078,1.0383539,0.2123447,0.29316428,0.14759576,0.7553756
0.64005697,0.24535504,0.97578806,0.28274652,0.48095137,0.39894333,0.59927225,0.5026605,0.945719,0.34896556,1.2605308
-1.3154254,0.13091502,-0.47973582,0.26718533,-0.5214174,0.2696196,-0.4077371,0.25968507,-0.53369206,0.16547365,-0.18412668
0.06455116,0.2144461,-0.06994116,0.3456684,-0.3405855,0.22248708,-0.114554696,0.3327563,-0.42472738,0.2214034,-0.26030135
-1.905041,0.14624023,0.23270345,0.25444612,-1.2538108,0.29012164,-1.6003158,0.27040145,-1.0497764,0.18568534,-1.2399507
0.057441633,0.14198293,-1.1564983,0.32248533,-1.2228397,0.23429939,-1.5544238,0.24929872,-1.1104099,0.22593279,-0.59867334
-0.87642026,0.13584773,0.22786336,0.2647393,-0.019941108,0.2041119,0.27345407,0.15749325,-0.4687107,0.13772143,-0.62145966
-1.8820153,0.13653098,-0.28584465,0.20011306,0.20554602,0.23423122,-0.006104905,0.23122269,0.1326241,0.17676744,0.08185539
-0.24301532,0.11031315,0.51535136,0.2435471,-0.8664164,0.1766003,-0.5248323,0.15072504,-0.49642807,0.1331139,-0.5183192
-0.53343976,0.22541088,-0.3007462,0.42171597,-0.9289404,0.18166141,-0.29527014,0.34659758,-0.93322164,0.29959714,0.11151909
-0.49106202,0.16962865,-0.4596426,0.30158466,-0.13693239,0.21243529,-0.14862694,0.19521338,-0.34683174,0.20047423,-0.61262
0.7765174,0.22905895,1.1787825,0.26734936,0.7216716,0.37052697,-0.063943736,0.2893097,0.96954,0.33964735,0.6876521
0.5974275,0.16793612,-0.20822953,0.30092695,-0.077622436,0.1841526,0.2354892,0.22274236,-0.34429783,0.1860604,-0.5115924
-1.6351621,0.20788588,0.24843253,0.3425064,-0.36833555,0.2385787,-1.2241133,0.3076686,-1.0498487,0.18320484,0.35700887
1.0855213,0.13736315,0.567619,0.24153912,1.0047928,0.20989187,1.3926927,0.17814942,1.1246586,0.13823742,1.0006826
-0.30308446,0.166697,0.34524003,0.29303238,0.085861795,0.24522744,0.5579907,0.22913094,0.5074755,0.19848981,0.7700295
0.8712004,0.2797547,0.557233,0.37369168,0.95980245,0.41016325,0.85944384,0.31995824,0.78897613,0.34772584,1.2595953
0.74936765,0.121897034,0.6757948,0.21966553,0.61773026,0.20227832,0.98206216,0.18164286,0.6111029,0.12777355,0.29870316
0.43695542,0.26413354,0.7876215,0.5223909,-0.0805404,1.0458208,-0.14498971,1.072618,-0.6933947,0.9175877,-0.5583741
1.4303051,0.1753199,1.0166476,0.2701239,1.0507864,0.19196367,1.2792691,0.17273308,1.2243155,0.16972405,1.0618783
-0.008210574,0.24614201,-0.58641547,0.38418293,-1.20837,0.24693064,-1.0306706,0.30004445,-0.67188424,0.2100442,-0.40213647
0.33362603,0.23213303,0.5765651,0.43122065,1.0362254,0.16825922,1.677795,0.27709433,0.75056577,0.20459707,1.4448942
0.2182411,0.16609375,-0.14508438,0.28284657,0.3129144,0.1864186,0.35713083,0.18147802,0.15371116,0.17554979,-0.19602355
-1.278678,0.13033846,-1.8618684,0.2572496,-1.1569879,0.19529748,-0.9284641,0.1628426,-1.462904,0.15666498,-1.2075288
-1.3747095,0.1213102,-1.0894723,0.24234171,-1.3870304,0.17319328,-1.0059237,0.18208854,-1.397757,0.13914718,-1.3701082
-0.24339782,0.2144461,0.30769837,0.3456684,0.023913778,0.22248708,0.024582447,0.3327563,0.12934026,0.2214034,0.10334576
-1.4283929,0.12601636,-2.28333,0.21616668,-1.7214698,0.21235031,-2.2010007,0.25269434,-1.6895952,0.20158665,-1.5637355
-1.9820126,0.20425074,-0.115211934,0.33064833,-1.5470668,0.33333552,-1.8414094,0.22476731,-1.6280676,0.20866905,-1.2705207
0.9700964,0.15330045,0.7226052,0.30069813,0.07904337,0.20847006,0.00015922928,0.18392196,0.50677043,0.14552753,0.9242428
1.539821,0.16281368,0.9027362,0.2648508,1.7845325,0.20130588,1.6826056,0.21566325,1.7697462,0.17271253,2.0405262
-0.33551845,0.23376355,-0.6627873,0.38143334,-0.5467667,0.2604384,-0.25239578,0.32403782,-0.38085678,0.24302454,-0.93630606
1.3374766,0.1418707,0.90963876,0.2049565,1.5046358,0.20851842,1.4371765,0.22718398,1.7904042,0.16990362,1.5345348
-1.5447965,0.13853584,0.54482204,0.20558971,-0.048310254,0.23832786,-1.324816,0.22344758,-0.65520066,0.18235444,0.06291535
1.0639745,0.21355502,1.1927023,0.3456684,0.82907,0.20545983,0.71115685,0.2718975,0.8018623,0.1975755,0.49096248
0.027792843,0.16542721,0.5803087,0.25285798,-0.29202098,0.37356073,-0.2180767,0.33227026,-0.338021,0.2732643,0.4245889
0.82255083,0.22681883,1.39232,0.280121,-0.09064205,0.40717226,0.28355345,0.2822757,0.7169443,0.28936094,0.57615393
-1.7286466,0.24913126,-2.8478518,0.38143334,-1.7310278,0.2604384,-2.0965858,0.37869307,-1.918399,0.2997142,-1.4166794
0.114986144,0.20459647,-0.5377165,0.3456684,-0.79969734,0.20545983,-0.31270325,0.2718975,-0.70654815,0.19236645,-0.9337417
-0.42992577,0.11047072,-1.3116827,0.22578736,0.17317486,0.19995102,0.13063966,0.19010715,-0.13901521,0.14484203,-0.3724764
-0.85652655,0.12783629,-0.24777351,0.2626911,0.4026867,0.23138306,0.76476717,0.21583496,0.5213699,0.18054232,0.1755495
0.272552,0.18999967,0.7752932,0.3160013,-0.38648507,0.27369317,-0.49530584,0.21848612,0.17883037,0.23608644,-0.26941118
-1.9709256,0.15193616,-0.17045315,0.23981237,-1.1395528,0.28468946,-1.5531228,0.31309205,-1.3598133,0.21149763,-1.6276934
0.28602338,0.20880984,0.59796673,0.3739123,-0.28693387,0.17390372,0.026118133,0.29752678,-0.021942498,0.19082685,-0.4460427
0.6403741,0.11985678,-0.14638896,0.1922474,0.16487263,0.19188546,0.23083372,0.19822408,0.15545481,0.15319036,-0.12487542
1.1475967,0.23403181,1.0575821,0.25632203,-0.2640312,0.35537076,-0.97568804,0.2903642,0.027995914,0.3271178,0.64929146
-1.1967422,0.15463896,0.26838923,0.30981806,-0.9174688,0.2492583,-0.72359073,0.18663523,-0.6566769,0.19574124,-0.3032439
1.5070558,0.1753199,0.89170766,0.2701239,1.74569,0.19196367,1.5995129,0.17273308,1.7128024,0.16972405,1.9426677
1.1309538,0.23036577,1.0931612,0.30512604,0.03642867,0.41671553,-0.5171616,0.33874837,1.0224252,0.36615893,0.46859866
-0.9217734,0.1298971,1.2235988,0.22433582,0.93058014,0.21005656,0.795838,0.21382864,0.9523643,0.1548143,1.053043
1.3445681,0.18749085,0.28547692,0.2860417,1.6209278,0.1895976,1.5517414,0.22681955,1.5169055,0.18313089,1.8735967
0.015318269,0.1311784,-0.42342818,0.24781153,0.65421146,0.2758168,1.0605414,0.23763822,0.17099516,0.1539471,0.68803537
-1.7591312,0.13736834,0.5322913,0.22137748,-0.38613626,0.21585692,-0.73926026,0.20719877,-0.8019229,0.18340203,-0.9566179
-0.71568596,0.13862652,-0.913666,0.27811614,-0.4386146,0.18629672,-0.34152675,0.16682342,-0.7736445,0.17262934,-0.46642047
-0.52931166,0.12763944,-0.53079754,0.21523696,-0.5890211,0.2021783,-0.44173312,0.18276952,-1.0438932,0.14564463,-0.6361382
1.2452905,0.29187784,1.5188533,0.57297325,1.0254997,0.4508037,1.3479704,0.48397914,1.7161143,0.27470073,1.1833445
0.64612436,0.1753199,-1.2475227,0.2701239,1.0381153,0.19196367,0.861688,0.17273308,0.80771595,0.16972405,0.8230184
-0.00513157,0.16197324,0.74890935,0.28506348,0.72297734,0.3316608,-0.050411433,0.285401,0.3606251,0.20000316,0.5627989
-0.32783464,0.12357756,-0.5794187,0.21890731,-1.1883034,0.17709456,-0.7706114,0.16092843,-0.8207107,0.14424106,-1.0012373
-1.1322563,0.12555228,0.5229718,0.23933095,-0.49232656,0.21730424,-0.28309417,0.17789783,-0.6956397,0.13394496,-1.00106
-1.2800541,0.12661566,-0.81023234,0.24132012,-1.4829041,0.23000246,-1.5847722,0.22069009,-1.1579703,0.16285624,-1.4419199
0.5555223,0.12710533,0.59072804,0.19816442,0.4861541,0.20654812,0.25269508,0.18446925,0.14919554,0.13755572,0.22857042
-0.15878366,0.124064475,0.7846249,0.25246668,0.4281376,0.2158275,-1.0867554,0.18749568,0.31764826,0.15441297,0.91241986
1.1102599,0.14000337,0.4023029,0.2049565,1.4705592,0.21868967,1.4938486,0.22718398,1.6088763,0.17010814,1.3681307
0.6903071,0.20630153,1.0375652,0.27712518,0.028252639,0.3916907,-0.11480921,0.29492396,0.35385925,0.28761274,0.38690454
-0.3593794,0.14714971,-0.8356182,0.27811614,-0.79895395,0.18167102,-0.5009114,0.16682342,-1.048307,0.16539848,-0.6842039
0.07588996,0.13530447,-0.5081573,0.273783,-0.5866208,0.1970558,-0.14859939,0.18868788,-0.70313585,0.15993124,-0.7905453
-0.9276318,0.1360462,-1.8072004,0.26718533,-1.0878611,0.19873725,-1.0203737,0.1634164,-1.1538043,0.1431288,-1.2083712
0.6997411,0.13470897,0.56625473,0.2392498,1.208934,0.2102272,0.9205789,0.2002659,1.0105498,0.15832183,0.56971693
1.3561102,0.14997433,1.3616239,0.20956327,1.3797905,0.21868967,1.2734939,0.24996771,1.5107428,0.18576609,1.9443535
0.8019519,0.22661167,1.3384721,0.35001713,-0.5772502,0.3934035,-1.0933402,0.31581995,0.9779428,0.32328337,-0.21752493
-1.4751816,0.11021758,-1.1040139,0.2435471,-1.5381604,0.1766003,-2.001824,0.15072504,-1.8376318,0.13193719,-1.3732867
-1.5838302,0.12823799,-0.7366054,0.23941578,-0.77081686,0.2856664,-0.91922736,0.2237774,-1.1001415,0.15571307,-0.23533681
-0.11540276,0.13639084,-0.33169028,0.25413197,-0.34027696,0.2691678,-0.37486085,0.22591388,-0.39017388,0.16124617,-0.51874995
1.0559398,0.12728336,0.44751692,0.1922474,1.0360634,0.22090358,1.4845896,0.20621328,1.3489695,0.15844308,1.4410592
-1.66659,0.15537286,-1.549037,0.3159756,-1.1567823,0.18024944,-1.1976142,0.18127103,-1.5316399,0.19481193,-1.2469026
-0.4803144,0.11531662,-1.340903,0.24605513,-0.146724,0.19684543,-0.294944,0.16265297,-0.10163547,0.14322491,-0.39639333
0.3210243,0.21978322,0.93779814,0.3066951,-0.3286072,0.299674,-0.59948075,0.21127343,0.010710749,0.2084372,-0.32060438
1.617722,0.13155152,1.3613656,0.21966553,1.7918339,0.21904555,1.8447992,0.22564568,1.8832101,0.15266508,2.3078878
1.2762988,0.26624933,1.4806013,0.52371454,1.4494146,0.4541232,1.1189897,0.4895278,1.7331436,0.25856623,1.2213858
-0.102891244,0.12093246,0.17520067,0.23941578,-0.63848394,0.21188554,-0.87330234,0.16431469,-0.38554275,0.14851211,-0.35845014
-1.36791,0.14068334,-0.13761553,0.23855036,-0.95551467,0.19448934,-0.72657293,0.17927222,-0.9379375,0.16436918,-0.71833843
1.2925205,0.16157201,0.8423836,0.2701239,1.1597056,0.17719337,1.3124647,0.16209094,1.210211,0.16295205,1.4165275
-0.62420005,0.119648315,-0.31257346,0.20779568,-0.16423748,0.19225885,-0.14555098,0.19168362,-0.25655067,0.17547123,-0.16545643
-2.2260542,0.12140901,-0.7664044,0.27388433,-1.4889966,0.2136467,-2.1648204,0.16565852,-1.361762,0.14613181,-0.641272
1.1666205,0.4574085,0.728512,0.57573354,1.1529528,0.30231553,1.4822003,0.44084185,1.2090218,0.3946289,1.3347588
0.99057597,0.38760576,1.1697853,0.5567685,-0.584583,0.55598587,-0.6971223,0.67484075,0.80914056,0.7031033,-0.35663846
0.7392513,0.22681883,0.9555521,0.280121,-0.14224531,0.4826855,0.39035574,0.36282754,0.3429926,0.32844526,0.26372695
-0.20182563,0.11234803,-0.71397156,0.24604777,-0.6509419,0.22451249,-0.25203872,0.20230468,-1.1222856,0.1524941,-0.6666372
0.503726,0.3388224,0.6856681,0.42519823,1.1821593,0.41016325,0.6423412,0.31995824,0.9155268,0.34772584,0.60418475
-1.5304976,0.13308749,-0.8534784,0.24469157,0.24768452,0.25916514,-0.059605457,0.24174143,-0.5848367,0.16063079,-0.82758486
0.19261417,0.1206983,-0.1695521,0.23941578,0.05922993,0.19690268,-0.31205413,0.16302972,-0.36444363,0.14432985,0.058420014
-2.170276,0.1298392,-0.6569121,0.22541168,-1.738545,0.18497454,-2.1025884,0.17907844,-1.6604661,0.17294578,-1.3231797
-2.2019596,0.14284828,-1.1534047,0.21574846,-1.631063,0.25302842,-2.3279774,0.22612649,-1.6439658,0.19349186,-1.2543688
-0.7637554,0.2144461,0.19438383,0.3456684,-0.8689501,0.22248708,-0.41024604,0.29383928,-1.113346,0.20025104,-1.0788547
1.562134,0.21355502,1.5948035,0.3456684,2.004211,0.20545983,1.8627518,0.2718975,1.7425277,0.1975755,2.089597
0.9091737,0.13778625,0.78089,0.28017586,0.70391333,0.2071157,0.4668896,0.20793658,0.83036005,0.16765226,0.27324405
0.2928136,0.22319658,0.6897031,0.32008725,-0.2872543,0.2888104,-0.579521,0.20809783,0.099881336,0.2061914,-0.30307636
1.0056139,0.1541695,0.49174297,0.2158439,0.9146149,0.22158994,0.87125933,0.24345458,0.74690765,0.16705652,0.63575184
0.377285,0.15013695,0.7508071,0.2385638,1.8347402,0.23488335,2.1510324,0.23259799,1.7133945,0.18302926,1.5563704
0.08836246,0.12534086,0.08755231,0.23612024,-0.12495665,0.2571215,0.23586462,0.22076765,-0.34916523,0.14632048,-0.5519311
-0.7115123,0.1171108,-0.9403154,0.24932286,-1.6574847,0.21181281,-1.028236,0.1708006,-1.3831758,0.14558983,-1.1893208
-1.0646746,0.21250087,0.5338186,0.39620548,-0.50956285,0.28207695,-0.4341784,0.35689184,-0.1455695,0.25405762,-0.3777911
0.8832653,0.10645838,0.63232523,0.23450227,0.53701955,0.220827,0.7857186,0.22656763,0.6738716,0.14683701,0.44105238
-1.8112593,0.13065436,-0.23432599,0.2511619,-1.1904652,0.27052894,-1.6950836,0.26790717,-1.1648779,0.17637023,-1.5192826
0.29523364,0.1261827,-0.3132915,0.21596734,0.45859897,0.22665118,0.868867,0.20012474,0.35722092,0.16823901,0.74646264
0.34693712,0.16378316,-0.116878085,0.28284657,0.13532537,0.18406391,0.33537805,0.18147802,-0.37790272,0.17253669,-0.24158713
1.1323653,0.15759365,1.122222,0.24781153,0.5383016,0.3125352,0.5604862,0.27728444,0.3746922,0.17702268,1.2429484
0.17371787,0.14243521,-0.7365753,0.28320315,-0.1346865,0.20997095,-0.09363433,0.19807728,-0.5376304,0.16272141,-0.4034545
1.2192466,0.12881842,0.44874412,0.22578736,1.482449,0.20196924,1.1498948,0.22240879,1.4023378,0.15054272,1.3043773
1.4901336,0.142429,0.9791259,0.21109025,1.7078356,0.22158994,1.7049301,0.22154431,1.7471188,0.1538188,1.8237976
0.013284295,0.19692916,-0.77003324,0.3739123,-0.4753117,0.17360486,-0.30827007,0.3117465,-0.44970778,0.20743336,-0.6848738
1.2945601,0.1514497,1.0024348,0.21673635,1.2990037,0.20896402,1.5831361,0.24215724,1.4087615,0.17026466,1.5663259
1.1527212,0.15698953,1.2493601,0.24605513,1.1697439,0.23167607,1.3644446,0.23420012,1.4736559,0.16599002,0.76673025
-1.2512922,0.13853076,-0.27087,0.31767115,-0.5522534,0.31869173,-0.3635911,0.25252083,-0.59863687,0.20086837,-0.04486889
-0.7373688,0.110964105,-0.370714,0.24130794,0.24391803,0.21152513,0.33666345,0.1938275,0.39787996,0.14961343,0.380167
1.4072332,0.18749085,1.1894146,0.2860417,1.6591986,0.1895976,1.4211556,0.22681955,1.7670466,0.18313089,1.7614363
1.3777909,0.11053851,0.68457454,0.22972222,1.3521968,0.23261674,1.5873367,0.23348199,1.5495393,0.15461487,1.8557544
0.3115235,0.1179038,0.17913307,0.22578736,0.13625208,0.19458409,0.63441473,0.18233849,0.19019218,0.13106994,-0.30076218
0.9679623,0.21355502,0.899569,0.3456684,0.58555675,0.20545983,0.9168806,0.24939826,0.8662747,0.18210545,0.52234936
1.273961,0.2764213,1.5296198,0.45284724,1.2957847,0.4435565,1.1376846,0.44654787,1.6950495,0.30277595,1.1874509
-0.8335854,0.23223093,1.1555321,0.39288157,0.8452207,0.25941044,1.0517122,0.30934578,0.4804489,0.32697222,0.29151335
0.34080306,0.4573736,0.6764035,0.3936894,0.74828076,0.38146612,0.8407761,0.49914193,0.8422099,0.38669398,0.7783017
-0.84266263,0.19617262,-0.37806144,0.34535113,-1.3472788,0.2221253,-1.1883595,0.20704852,-1.1984483,0.23299082,-1.2745456
-1.4743828,0.15715359,0.12642437,0.29205847,-0.41578615,0.19184636,-0.6377211,0.19016927,-0.63682353,0.18879277,-0.49087256
-1.0121372,0.12758847,1.1538559,0.23933095,0.8397809,0.21769331,0.5965937,0.1984842,0.8459547,0.15273377,1.4000474
-1.0831854,0.15695915,-0.6409245,0.29205847,-0.38094336,0.19184636,-0.5747966,0.19016927,-0.002354469,0.18934047,-0.53074795
0.0017905976,0.12253922,-1.8564799,0.2049565,-0.58197343,0.2099702,-0.40020466,0.18834147,-0.802493,0.15712368,-0.84718573
1.2708151,0.18749085,1.5042168,0.2860417,1.5714936,0.1895976,1.7194974,0.22681955,1.5953255,0.18313089,1.368626
-0.20129934,0.1452925,-0.34077454,0.2189825,-0.28867805,0.2809654,-0.16195351,0.20460136,-0.46419978,0.15385349,-0.4860744
0.056197815,0.14885658,-0.20400994,0.28687263,-0.2554545,0.18036942,-0.2604939,0.14942698,0.009816418,0.15332143,-0.035375662
1.2028272,0.16201948,1.0639386,0.20681481,0.84742767,0.24290705,1.1643962,0.25412172,1.1306058,0.18293968,0.8968798
1.110087,0.21834868,1.6022023,0.28803214,1.9010377,0.45873222,1.2265339,0.48927596,1.572287,0.4937872,1.2310431
-0.13457769,0.11709824,-0.88358605,0.24605513,-0.91610724,0.20966189,-0.409248,0.19092403,-0.85797703,0.1516413,-0.7889505
1.3837909,0.14874098,0.8551206,0.24153912,1.7017622,0.21885781,1.8169276,0.2235853,1.7330087,0.15627189,2.041763
-2.2087672,0.124000356,-0.70219725,0.25444612,-1.5068189,0.21510355,-2.2041183,0.18862171,-1.4254284,0.14711307,-0.77862644
0.5690669,0.24567,0.87942755,0.33064833,0.5607656,0.37623262,0.2878767,0.298771,0.28041607,0.3162387,0.7593575
-0.77774996,0.10985741,-1.2634611,0.22198433,-1.110269,0.18111835,-0.7761784,0.17118365,-1.0941727,0.13070606,-0.8385094
-0.18099503,0.1432685,-1.0448211,0.37632996,-0.5904132,0.30732796,-0.09679588,0.22576052,-0.6099692,0.16008008,-0.61535025
-1.0384189,0.11148305,-1.1969135,0.24605513,-0.52905077,0.22172093,-0.9642352,0.200768,-0.8255669,0.15652058,-0.61493826
-0.012035531,0.1275496,-0.26937062,0.23612024,-0.44602558,0.24949399,-0.8538502,0.21355523,-0.52389646,0.15619504,-0.48227262
-0.43370882,0.16378123,-0.08123752,0.3160013,-0.695688,0.20706353,-0.3290191,0.18936358,-0.5357434,0.21906088,-0.14905415
-1.0138888,0.12448221,-1.2870125,0.22680736,-1.2645546,0.18111835,-1.0196253,0.17905828,-1.3990598,0.13659036,-1.0556632
-1.0158463,0.18290077,0.20064066,0.33652997,-0.7234522,0.19732139,-0.61445314,0.15912923,-0.4568478,0.18341206,-0.694695
1.4061841,0.12881842,0.9279839,0.22578736,1.5108219,0.20196924,1.5443404,0.22240879,1.6421129,0.15054272,1.7979436
-2.0398114,0.20788588,-1.6735226,0.3425064,-1.2065011,0.2385787,-2.0165431,0.3076686,-1.4288915,0.18256018,-1.3615323
-0.19279674,0.12349332,-0.4370302,0.2626911,-0.5542744,0.21227047,-0.2827024,0.19488843,-0.9289429,0.1597079,-0.7915433
1.2762988,0.26624933,1.4806013,0.52371454,1.4494146,0.4541232,1.1189897,0.4895278,1.7331436,0.25856623,1.2213858
0.36648172,0.12468539,0.0785409,0.1922474,-0.11380437,0.2051001,0.5852736,0.19016229,-0.08191864,0.13721125,-0.3027666
-1.2217335,0.1732842,-1.4402182,0.31146678,-1.459256,0.2093498,-0.8423359,0.15537092,-1.064426,0.19057174,-0.87377125
0.55233526,0.12719728,0.6087406,0.20011306,0.22390613,0.21180531,0.076616585,0.23122269,0.20635784,0.1704052,0.26168382
0.46422055,0.22592847,-0.48681977,0.39620548,-0.05214821,0.28207695,-0.13021424,0.35689184,-0.42361468,0.25405762,-0.42087984
-1.1542742,0.13155672,0.5875344,0.23851493,0.25498208,0.23819458,0.290435,0.22092755,0.54928875,0.17639694,0.44843847
-0.45963374,0.20444411,0.12503737,0.29725292,-0.30410412,0.28751478,-0.4571754,0.23837593,-0.74800676,0.20579521,-0.7402467
1.3928447,0.14874098,1.190874,0.24153912,1.6625379,0.21885781,1.4500185,0.2235853,1.7774427,0.15627189,1.6940341
1.553311,0.14874098,1.3077213,0.24153912,1.9448231,0.21885781,1.5490135,0.2235853,1.7431409,0.15627189,2.0602
-2.2417223,0.14092636,-0.2518262,0.2915663,-1.8764395,0.24351719,-2.4539397,0.20807396,-1.3858362,0.17201556,-1.3176636
-0.10720095,0.13016674,0.25156876,0.21109025,1.1014605,0.21495114,0.58460265,0.19711788,0.5533635,0.15424623,0.32702202
-0.9663656,0.13078217,-0.25380445,0.22422254,-0.8029298,0.2198071,-0.8740865,0.2184227,-0.7046111,0.17223763,-0.8379089
-1.0604906,0.13493493,0.43244046,0.24424958,0.24554284,0.22176439,0.31984368,0.20339584,0.46184066,0.15303622,0.13220188
-1.268769,0.4175326,1.0120828,0.6607629,-0.34027025,0.8815659,0.03779898,0.40651804,-0.02383088,0.6638826,0.37127522
0.8942372,0.13152792,0.68578374,0.23933095,0.6535264,0.2097444,1.0144539,0.17789783,0.7726694,0.13255784,0.30395406
-0.7494724,0.23647669,-1.1045531,0.4094311,-0.7247631,0.17910731,-0.22796842,0.3204367,-1.1943688,0.21945713,-1.0198424
0.25515983,0.14060792,-0.2464192,0.23854543,-0.3747735,0.26110798,-0.6033966,0.20910726,-0.42906317,0.1690987,-0.119589
0.9244487,0.15686293,1.1348246,0.24786642,0.8677024,0.2666568,0.18655315,0.27657998,0.63241094,0.1886809,1.3346112
0.41130894,0.260855,1.1569437,0.36473665,-0.42375135,0.41016325,-0.2501916,0.31995824,0.6040254,0.32927966,0.5105547
0.0053626965,0.17535475,0.24556957,0.3082949,-0.5952292,0.18672062,-0.38491532,0.18569571,-0.27437165,0.2033786,-0.3237006
1.2899939,0.14327,0.4118182,0.23933095,1.617794,0.2187689,1.7305198,0.23553073,1.7746925,0.15479517,1.6056739
-0.8923468,0.15903103,-1.481762,0.30158466,-0.86005586,0.21243529,-0.77892643,0.19521338,-1.2604102,0.20219296,-1.0030514
1.0882198,0.12982412,0.63840246,0.22680736,0.4745612,0.2189731,0.74363106,0.2255636,0.5289115,0.15903684,0.5707537
0.9963428,0.1312911,0.7798127,0.23223656,1.0374452,0.21947493,1.1556925,0.21157242,1.0165969,0.15106107,0.6943797
0.60069096,0.13896951,-0.097780146,0.26359117,0.12289821,0.22977796,0.7051493,0.20793675,-0.20397991,0.16792366,-0.10128636
1.2762988,0.26624933,1.4806013,0.52371454,1.4494146,0.4541232,1.1189897,0.4895278,1.7331436,0.25856623,1.2213858
-0.7735602,0.13053724,-0.8840864,0.22422254,-1.0021425,0.16885178,-0.79302925,0.16665858,-1.2181299,0.14662604,-1.0404527
-2.1747696,0.12201045,-2.7586865,0.2382643,-2.1979167,0.18556167,-2.2077925,0.22030257,-2.4061635,0.16971935,-1.5830836
0.38068533,0.15914555,-0.27394357,0.31601527,-0.045844205,0.19901654,-0.2711613,0.2311553,0.089251734,0.19271895,0.24791366
-1.5061817,0.22541088,0.026145848,0.42171597,-1.1692929,0.18166141,-0.98440063,0.34659758,-0.6550144,0.29959714,-0.8655901
0.264593,0.13117664,0.027139762,0.2133969,-0.48669836,0.1943233,-0.6208421,0.18580036,-0.48517913,0.15396452,-0.6691438
0.18475579,0.16066517,0.1753462,0.31543368,-0.7362628,0.22359283,-0.739144,0.17738774,-0.49479955,0.16658917,-0.2930664
1.4927156,0.21870299,1.5753306,0.35292608,1.9449744,0.22783983,1.5526394,0.25399637,1.7967945,0.2066422,2.1970432
0.84669906,0.14477314,0.8383687,0.273783,0.65593755,0.20034954,0.93378043,0.19123328,0.61689353,0.16142654,0.35672355
-1.1896263,0.1302253,0.2079378,0.2528543,-0.47714174,0.19299208,-0.34330833,0.18443565,-1.1021193,0.15064187,-0.99514264
0.694654,0.21358274,0.701278,0.3153305,-0.92330855,0.31811088,-0.31947854,0.27163205,0.5676916,0.31083736,1.8248535e-05
-1.4311919,0.14840585,-1.0875806,0.29205847,-0.92683566,0.19068696,-1.8551917,0.19016927,-1.6070216,0.1841471,-1.1888676
-0.79620516,0.11025816,-0.51356226,0.23852235,0.103498705,0.21289143,0.31027618,0.18615797,0.200584,0.13774991,0.099442124
1.2770199,0.20221563,0.45946825,0.31338027,1.6857573,0.2030091,1.238092,0.23431627,1.4075015,0.1623705,1.3282828
0.98807245,0.14488491,1.0651277,0.19816442,1.7798067,0.22740935,1.2132504,0.21766974,1.5128907,0.15981357,1.5665973
-0.71255445,0.12545477,-1.3915435,0.27938786,-1.3061731,0.2416196,-0.86263514,0.19919705,-1.4129744,0.17296052,-1.3264225
-1.1045015,0.13108172,-0.25048763,0.25199842,-1.2167914,0.1834827,-1.2803023,0.1569288,-1.2201396,0.14439602,-1.213841
0.9313117,0.13600521,1.0318472,0.22715022,1.5796137,0.22854838,1.3253548,0.22064209,1.5304168,0.16040415,1.4636984
0.7609002,0.3388224,0.8394432,0.42519823,0.6386204,0.41016325,1.2695265,0.31995824,1.1939383,0.34772584,0.6509998
-0.5382611,0.124417886,-0.9117738,0.2479616,-0.64923775,0.21578494,-0.3258281,0.16610746,-1.114896,0.13347985,-1.1619991
1.0210537,0.14410016,0.9762519,0.24153912,1.449904,0.21885781,1.0965697,0.2235853,1.287083,0.15380853,1.3692245
-0.9340336,0.111646034,-1.094046,0.23852235,-1.1277992,0.20516142,-1.4028852,0.17759877,-1.6864015,0.13470043,-1.1550704
-0.93080074,0.16513574,1.1823506,0.24132012,1.4296793,0.31821164,0.91598994,0.2928198,0.92495465,0.18544427,1.2782172
-0.26909044,0.12679115,-0.205201,0.24605513,-0.5544164,0.17249309,-0.3242809,0.15476695,-0.3672244,0.13761692,-0.4900491
-0.3873227,0.10385695,-0.47550708,0.22801979,-1.3731272,0.16547851,-0.92324287,0.17023218,-0.881993,0.12911013,-0.7180965
-0.9641009,0.19617262,-1.1905978,0.3160013,-1.0611638,0.2221253,-1.0085878,0.20704852,-1.1902502,0.23299082,-1.03629
0.9063088,0.10395423,0.6875673,0.2336128,0.8727367,0.21680266,1.2234777,0.20693156,0.9812823,0.14274734,0.7467902
-1.6928283,0.116839595,-0.50910056,0.24605513,-0.47998065,0.21328937,-0.9182337,0.19092403,-0.57924104,0.15807834,-1.0509049
1.5419569,0.14631811,1.040961,0.23933095,2.099874,0.2187689,1.8738544,0.23553073,1.8984418,0.15479517,2.352359
0.15810755,0.11031315,-0.18289922,0.2435471,-0.85306394,0.1766003,-0.48374578,0.15072504,-0.44725794,0.1331139,-0.6768087
-1.3065187,0.25608963,-0.1918218,0.4352209,-0.59987116,0.30231553,-1.1339141,0.39226258,-0.99284136,0.29636618,-0.68951255
1.5748358,0.16370337,1.4612186,0.25533524,1.716216,0.23818368,1.6739094,0.2549957,1.8441004,0.1723666,2.038585
1.2768495,0.26714954,1.1645678,0.23565063,0.8876941,0.35066926,1.2453609,0.352298,1.0363104,0.2751684,1.0142316
0.9703797,0.12053448,1.0541061,0.21966553,0.92687947,0.20227832,1.0530338,0.20074922,1.0226016,0.12777355,0.31017965
1.4991903,0.13332866,0.9979972,0.21966553,1.6128343,0.21904555,1.7788972,0.22564568,1.7597796,0.15266508,1.9775072
-0.33188388,0.11023065,-1.4255806,0.24605513,-0.66394675,0.17249309,-0.17824247,0.15476695,-1.0226455,0.13471897,-1.0707301
-1.703883,0.13828109,0.35667986,0.25199842,-0.36736462,0.2433732,-1.6024628,0.20555615,-0.71242607,0.16812344,0.27481022
-0.86159235,0.124397255,-1.0975257,0.21260111,-0.4308779,0.19778444,-1.2300262,0.23179777,-0.90622985,0.18788101,-0.6527863
1.0686156,0.25280815,1.3912883,0.28007093,-0.99537194,0.35751906,-0.68163306,0.3028549,0.492277,0.31737506,-0.014165889
0.41805288,0.1637279,-0.29873735,0.27811614,-0.16827577,0.18629672,0.1655748,0.16682342,-0.41060352,0.17565262,-0.34285957
-0.06734856,0.2764213,1.2022564,0.26442173,1.4459015,0.33001983,1.7675738,0.29375273,0.91916007,0.21457404,0.6078756
-1.508199,0.14978538,-0.4616086,0.28687263,-1.1460541,0.20643473,-0.9858144,0.17123614,-0.5944011,0.18292607,-0.8527517
0.047626868,0.13109905,-0.20552045,0.23941578,-0.4049906,0.25916514,0.013904043,0.22056375,-0.33191845,0.15134205,-0.44789088
-0.85759956,0.2144461,-0.6933911,0.3456684,-0.490329,0.22248708,-1.6216825,0.3327563,-0.68358684,0.2214034,-0.46058849
-0.5091252,0.11023065,-0.9918058,0.24605513,-0.6747245,0.17249309,-0.19296929,0.15476695,-0.41150686,0.13471897,-0.9097875
-1.0386419,0.12908478,0.4595302,0.23150824,0.21126115,0.21475992,0.47120193,0.22248602,0.48690727,0.16290462,0.15266977
-0.6179877,0.1275496,-0.46858165,0.23612024,-0.61373055,0.25601372,-0.4817274,0.20386592,-0.992643,0.15386553,-0.9680911
-0.28148526,0.20880984,-0.049991496,0.3739123,-0.14402017,0.17390372,-0.5201569,0.3117465,-0.80568993,0.2124291,-0.42400312
-1.4064366,0.15333958,-0.73685867,0.23981237,-1.062899,0.20896426,-0.67439187,0.20353585,-0.91841424,0.17503564,-0.64834845
1.3243084,0.23617366,1.2782722,0.3523993,1.512511,0.44928673,1.3894268,0.46022296,1.1979246,0.37675837,1.3017727
-0.027837683,0.123608634,-0.21171129,0.21498749,-1.3088887,0.17445217,-0.97583705,0.16077276,-0.9846651,0.14421633,-0.851863
0.7361456,0.29169068,1.3217882,0.4748072,0.38855076,0.18761756,0.030303229,0.3586605,0.94790906,0.34883457,-0.02659513
0.9393762,0.45578972,0.713235,0.5952037,1.1265986,0.33154643,1.4591006,0.41624996,1.2309973,0.32863772,1.3134038
-0.07263929,0.11777495,-0.3314337,0.21831912,-1.3738968,0.1930058,-0.99135685,0.1620371,-0.98683816,0.14994627,-0.89780915
-0.8015673,0.20788588,-1.1454413,0.3425064,-0.81583035,0.2385787,-0.70942587,0.3076686,-1.4572417,0.18320484,-0.9718313
-0.4860639,0.1107234,-0.91647834,0.24429454,-0.45595652,0.18672736,-0.25069067,0.15759236,-0.35766318,0.14057694,-0.8257546
-1.4746873,0.123010956,-2.1548967,0.25012425,-1.63032,0.1824354,-1.1693908,0.18409653,-1.8089429,0.14355575,-1.0962337
0.6905551,0.13503653,0.42385545,0.24576741,0.9878686,0.1895577,0.7205849,0.19239752,0.8379517,0.15770902,0.30060637
1.0956463,0.12729622,0.67960453,0.23933095,1.1644968,0.21485567,1.4151711,0.1984842,1.2254157,0.14813891,1.4416269
-0.11573669,0.11983679,-0.72745025,0.26359117,-0.8854343,0.22977796,-0.49169004,0.20793675,-0.9108352,0.16546161,-0.97969353
-1.6003704,0.27966994,-0.54373175,0.49002594,-1.2006434,0.51749384,-1.7767726,0.5073089,-1.2391787,0.22433916,-1.1288207
0.26668593,0.15690604,-0.25017798,0.29205847,-0.39495966,0.19068696,-0.3085053,0.19016927,-0.052030485,0.18465526,-0.14130682
1.1226628,0.18660334,0.17955106,0.28284657,1.6503707,0.19735359,1.2154645,0.19807447,1.3332889,0.18001331,1.3057561
0.7828683,0.49184886,1.1048,0.3629172,1.2794707,0.43521574,1.3497759,0.30570865,1.0692215,0.40628618,1.2513132
-1.3180246,0.12508959,-1.1299549,0.22680736,0.5445418,0.21946669,0.6841596,0.2255636,0.25365016,0.15915419,0.3665302
0.8544181,0.3388224,0.7881848,0.42519823,1.0586277,0.41016325,0.90768874,0.31995824,1.1433179,0.34772584,0.83826005
-1.1210307,0.23647669,-0.82892954,0.4094311,-0.9163896,0.17910731,-1.1963086,0.30505288,-1.2011615,0.1958726,-1.4456195
-1.458554,0.109663144,-2.1921906,0.2382643,-1.4676101,0.17395556,-1.2607164,0.18045378,-1.5848318,0.13843171,-1.3380815
-0.4053864,0.11064115,-1.6278589,0.22801979,-0.79547834,0.19463488,-0.9239369,0.17134829,-0.8717598,0.13981214,-0.89382535
-1.6473206,0.12825282,-0.3294029,0.22972222,0.6773151,0.25089207,-0.18524584,0.20516212,-0.078558914,0.15846126,-0.046911303
-0.13078906,0.29359677,0.4409788,0.5865168,-0.7647284,0.29585695,-1.2327087,0.36699727,0.2741331,0.53950053,-0.22204024
0.77672964,0.19120492,0.81999266,0.21239938,0.36062244,0.28918326,0.890397,0.3396846,0.76615125,0.25151086,0.45675525
-1.0604069,0.19728291,-0.5640158,0.3425064,-0.82329106,0.2385787,-0.82024646,0.3076686,-1.1927472,0.18256018,-1.3252921
1.408297,0.23735057,1.6379166,0.36136803,1.9752564,0.2451937,1.8643367,0.2614693,1.8705697,0.24842621,2.010145
0.8284368,0.2144461,0.0337703,0.3456684,0.18777913,0.22248708,0.8391864,0.29383928,0.2365083,0.20025104,0.14405957
-2.1707678,0.13393305,-0.18969251,0.22541168,-0.8615785,0.28675106,-2.1032963,0.22730246,-1.4785666,0.1877317,-1.3768289
0.50843513,0.25159094,0.51422185,0.25367594,-0.26445282,0.36265606,0.8316994,0.37910423,0.60099596,0.20687006,0.40049854
0.53571874,0.14967118,1.1532285,0.21727818,1.8265064,0.22861144,2.0507727,0.22809975,1.856512,0.16643785,1.6154581
0.47656372,0.20805575,-0.9725841,0.3739123,-0.11160669,0.16825922,-0.55335,0.27709433,0.3134562,0.1942361,-0.38109034
-1.9349682,0.13067381,-1.005786,0.25367594,-1.6768237,0.22439805,-2.268742,0.18034442,-1.5718307,0.16214646,-1.236862
-0.38608098,0.89341265,1.144099,0.7234809,-0.9890186,0.62620515,-0.9412109,0.5318991,-0.78132284,0.8277906,-0.5815785
0.3677662,0.15136082,0.059348613,0.2789576,-0.18037343,0.19047342,0.18078063,0.17654943,-0.1867827,0.15240447,-0.32250184
-1.5052581,0.25608963,-1.8415498,0.4352209,-1.3510814,0.30231553,-1.4657143,0.33241734,-1.5336235,0.25060722,-1.2523606
0.5621245,0.4573736,0.9996701,0.27612472,0.7931339,0.43363854,1.235446,0.48657343,0.8587297,0.5122708,1.2233114
1.5317855,0.1418707,0.9990865,0.2049565,1.8709329,0.20851842,1.814362,0.22718398,2.0392468,0.16990362,2.2283504
-0.50807726,0.12139976,-1.0371606,0.19638619,-0.8588852,0.17493246,-0.6188772,0.17141207,-0.59292173,0.14056142,-0.41894644
0.85199517,0.16334145,1.0094144,0.3050092,0.7437587,0.20525458,0.43131322,0.2030998,0.92455816,0.19310711,0.19294593
1.5609205,0.121991545,1.0394727,0.22715022,1.7023034,0.21616761,1.8002647,0.22064209,1.8239131,0.15686005,2.128221
0.67437845,0.29144546,1.3439106,0.4352209,0.40174252,0.30231553,0.04190049,0.39226258,0.9597655,0.3205457,-0.019418102
1.5318438,0.14997433,1.3062904,0.20956327,2.0006554,0.21868967,1.908909,0.24996771,1.937358,0.18576609,1.9832349
1.1944952,0.23482366,1.3912883,0.28007093,1.7824863,0.4471436,0.9086541,0.4601504,1.5700372,0.49949622,1.2154403
1.5468305,0.1697288,1.4393984,0.20629324,1.7194749,0.23962653,1.6532393,0.24479894,1.8680389,0.17974831,2.0948215
-0.2383221,0.20880984,-0.044978514,0.3739123,-0.0329143,0.17166327,0.024469333,0.28813973,0.2769329,0.20404732,-0.03540749
-0.28919977,0.20221563,-0.80017364,0.31338027,-0.020434739,0.20120774,0.24581455,0.23419213,-0.07094621,0.16206945,-0.25807995
-1.0041212,0.11321238,-1.3605607,0.24424958,-0.5147323,0.22139232,-1.2123799,0.20339584,-0.8453348,0.14607158,-0.57269967
0.54846317,0.49184886,0.70398766,0.42395952,0.24521823,0.43521574,0.36079752,0.30570865,1.0692215,0.40628618,0.29986104
1.4534867,0.1301442,1.0614218,0.22578736,1.781098,0.2160969,1.729891,0.22240879,1.7474993,0.15172005,1.8793426
-0.05842836,0.20880984,-0.54881525,0.3739123,-0.6878501,0.17390372,-0.9298178,0.3117465,-0.93402374,0.2124291,-0.9696822
0.7866717,0.14997433,-0.79453635,0.20956327,1.3396751,0.21868967,1.3092972,0.24996771,1.064818,0.18576609,1.1813228
1.4990538,0.18749085,1.2180318,0.2860417,1.8608559,0.1895976,1.533917,0.22681955,1.661396,0.18152973,1.9822315
-0.5498546,0.14248373,-0.23475888,0.2789576,0.0367702,0.19101869,0.29487252,0.18876773,0.2974689,0.16695029,0.2901177
-1.1720048,0.1732842,-1.1539768,0.31146678,-1.0579709,0.2093498,-1.0371263,0.15537092,-1.4234533,0.19057174,-1.0733129
-0.22885981,0.1962453,-0.45496595,0.30034962,-0.5003089,0.21630257,-0.49572366,0.18004201,-0.6638478,0.20271736,-0.5582616
0.74624044,0.19241714,-0.22786495,0.31338027,0.64590937,0.2030091,0.540943,0.23431627,0.1487723,0.1623705,0.5502697
-0.8405113,0.13079529,-1.6667789,0.23941578,-0.40269464,0.24010824,-0.7316069,0.19261318,-0.6370217,0.15938771,-0.78567666
-1.0707428,0.13742574,0.9221869,0.26359117,0.4121272,0.2400774,0.69605374,0.22101687,0.5861114,0.17729308,0.5068445
-1.2347194,0.14622329,-0.8851783,0.28687263,-1.1063191,0.20037636,-1.2400362,0.16633298,-1.464795,0.17215523,-1.323182
0.29921892,0.15216674,0.32003012,0.28284657,-0.28974903,0.18574029,-0.05185034,0.17146616,-0.21005437,0.16310096,-0.4106699
-0.28780368,0.10773607,-1.3234413,0.22198433,-0.5400492,0.18111835,-0.31745875,0.17118365,-0.83143294,0.12953544,-1.0988777
0.111124784,0.11232881,-0.9999154,0.23933095,-0.23986524,0.20592012,0.3928209,0.18679623,-0.5660995,0.14461374,-0.25388741
1.0769452,0.12176023,0.3311021,0.21966553,1.1849756,0.20962365,1.5361981,0.20077854,1.2876568,0.14793156,1.5435913
-1.1193469,0.11480885,-0.36178738,0.2710602,-1.0645045,0.2316635,-1.101496,0.18789811,-1.3785639,0.16327596,-1.3087646
-0.4618636,0.13025552,-0.39217263,0.23941578,-0.751769,0.25719294,-0.31521297,0.22056375,-1.0927811,0.16649021,-1.1736711
1.0670812,0.26844153,1.0571781,0.23805772,0.15936819,0.37182036,0.2824815,0.2975333,0.55009776,0.2452052,0.6908334
-0.3430473,0.19853051,-0.61401707,0.37775585,-0.8385532,0.26230276,-0.25874928,0.29751632,-0.5965726,0.17774644,-0.6389759
1.6879343,0.1427277,1.1617161,0.19816442,1.8596388,0.22740935,1.6021165,0.21766974,2.004236,0.15981357,2.2411373
-0.19456789,0.1271988,-1.1758405,0.20558971,-0.715862,0.18438266,-0.7438073,0.18042377,-0.6505589,0.15128697,-0.69521767
-1.2196488,0.15537286,-2.114921,0.29303238,-1.273715,0.18024944,-1.032017,0.17682873,-1.4245312,0.18219773,-1.2413235
1.640593,0.16872622,1.2952772,0.2701239,1.8586187,0.19196367,1.4785024,0.17273308,1.9124818,0.16972405,2.0002527
-0.9656792,0.18066323,0.09009034,0.3425064,-0.7785211,0.21452433,-0.6120513,0.24029171,-1.1509147,0.15782131,-1.1498895
1.4402661,0.17545755,0.7091367,0.2789576,1.8538574,0.20748004,1.3464165,0.21286894,1.3112298,0.17337133,1.3603826
-1.2111033,0.11186578,-0.11095162,0.24234171,-0.018382927,0.17319328,-0.030156894,0.18208854,-0.1467163,0.13667978,0.62512743
-0.34580687,0.14714971,-0.6232642,0.27811614,-0.681765,0.1775008,-0.6252406,0.16227978,-0.77110076,0.15730853,-0.81975615
-1.462464,0.15006249,-0.39068067,0.2789576,-0.12596837,0.19101869,-0.34622884,0.18876773,-0.5854687,0.16627353,-0.56506157
-0.0009979995,0.11510484,-0.75115365,0.24153912,-0.33120155,0.20316128,-0.3146947,0.18504071,-0.6119353,0.14900972,-0.8896406
0.64422154,0.20880984,0.8789317,0.3739123,0.45986268,0.17166327,0.67242205,0.27680042,0.15956353,0.18468153,0.21805428
1.0730109,0.13721977,0.63410956,0.2392498,1.0110382,0.20998885,1.3227832,0.1852996,1.1222755,0.14406145,0.9678077
0.51415116,0.1259367,0.18060909,0.24130794,-0.36641,0.21765976,0.5975213,0.19054088,-0.01557025,0.14163908,-0.18621615
-0.17786567,0.1750955,-1.2992107,0.34964156,-0.19751672,0.30168754,-0.6172425,0.20938122,-0.9122541,0.21746771,-0.65076745
1.5737056,0.13039929,1.3851725,0.22578736,2.1810606,0.20196924,1.8416722,0.22240879,1.9556596,0.15054272,2.2001712
-1.1966655,0.15474848,-0.123644054,0.3081053,-0.9023456,0.28480297,-0.78003687,0.19250011,-0.7710529,0.20614584,-0.5424625
0.1911356,0.16297486,0.39413947,0.31035107,-0.7532696,0.2424402,-0.81705487,0.18957463,-0.45739883,0.1861499,-0.288337
-1.6232038,0.16710156,0.277536,0.31601527,-0.9087032,0.19964284,-1.0227793,0.2311553,-0.56023085,0.19941022,-0.39979687
1.4643878,0.14874098,0.94501925,0.24153912,1.7357157,0.21885781,1.6970556,0.2235853,1.8070201,0.15627189,2.1241586
1.2022254,0.25092462,1.2795318,0.39620548,1.2342838,0.28207695,1.1431049,0.35689184,1.2908224,0.2656429,1.3023238
1.6786814,0.20221563,1.3623818,0.31338027,1.5868511,0.2030091,1.6717001,0.23431627,1.795414,0.16282354,2.1819603
0.929966,0.6355755,0.9360635,0.2785208,0.6895026,0.4908341,0.542312,0.515426,1.1850786,0.5265229,1.3114007
0.59724396,0.3388224,0.63440984,0.42519823,0.34214452,0.41016325,0.71470875,0.31995824,0.99145716,0.34772584,0.37010956
-0.26773742,0.11031315,-0.41792497,0.2435471,-0.5957082,0.1766003,-0.31756988,0.15072504,-0.3975034,0.1331139,-0.6413861
1.0358663,0.3427723,0.62958956,0.5567685,-0.02845024,0.41016325,0.44936115,0.31995824,0.83328414,0.72485083,0.32329455
1.5529037,0.18749085,1.7531841,0.2860417,2.0964026,0.1895976,1.8156534,0.22681955,1.903889,0.18152973,2.3690097
1.4940722,0.16281368,1.501111,0.2648508,2.1671948,0.20130588,1.6018198,0.21566325,1.9595134,0.17271253,2.4541109
-1.4121907,0.12716617,-2.2346215,0.21667859,-1.5210725,0.1733906,-1.3114665,0.17261313,-1.6405066,0.17172612,-1.3487475
0.66225034,0.17545755,-1.3226813,0.2789576,1.2415962,0.20748004,0.8175634,0.21286894,0.84827054,0.17337133,0.9119444
1.0408865,0.10395423,0.81542975,0.2336128,1.0566055,0.21680266,1.2768883,0.20693156,1.1098675,0.14274734,0.85124
-1.0877409,0.12710533,-1.0293351,0.19816442,-0.29451334,0.21953665,-0.5599523,0.18446925,-0.7983143,0.13870105,-0.9522428
-1.4325243,0.12124565,-1.6798586,0.21594997,-0.7117758,0.17183487,-1.0155996,0.1629255,-0.4543958,0.14577073,-0.55976063
-1.1099461,0.19654119,-0.8122297,0.38434094,-0.8163978,0.24180575,-0.8454736,0.1701688,-0.9547476,0.20124166,-0.7118306
1.006277,0.1753199,1.0357695,0.2701239,1.2850904,0.19196367,1.258731,0.17273308,1.2243966,0.16972405,1.2101241
-1.3434371,0.13595718,-0.8999276,0.2779033,-1.4571271,0.20190856,-1.2891428,0.22792208,-1.6117241,0.17360288,-1.341574
1.5451832,0.123187535,0.9956252,0.22715022,1.9028561,0.21616761,1.5635065,0.22064209,1.8680539,0.15686005,2.1580687
0.087051935,0.16399977,0.9127486,0.28942022,0.47166246,0.31869173,0.19089168,0.26614052,0.17126715,0.22913188,0.334429
-1.0448022,0.13026957,0.59024173,0.2435471,0.37253433,0.22974905,0.44281864,0.20470612,0.5368237,0.16117544,0.31951016
-1.7668173,0.18482076,0.36023107,0.31146678,-1.1336845,0.24650323,-1.4419128,0.17615989,-1.155784,0.21222694,-0.7232308
0.7585203,0.27281755,1.0971991,0.4362975,0.3014974,0.29585695,-0.025812507,0.36699727,1.2597135,0.3552293,-0.07085652
-1.1254296,0.17329527,-2.06751,0.30333257,-1.2172384,0.22231829,-1.6434402,0.18313348,-1.6629655,0.20563199,-1.4472524
-1.6376091,0.11210495,-0.60205483,0.23852235,0.07083444,0.20561273,-0.25913626,0.17759877,-0.45380998,0.13676336,-0.5147276
1.3665044,0.20221563,1.1298112,0.31338027,1.6591942,0.2030091,1.1529698,0.23431627,1.3139341,0.1623705,1.446859
-0.89450616,0.19293775,0.049797524,0.3425064,-0.17475933,0.21671158,-0.3017539,0.26255658,-0.051582698,0.17013991,-0.4926678
0.5314826,0.12555228,0.36009106,0.23933095,-0.06973672,0.2097444,0.68043256,0.17789783,-0.09706136,0.13255784,-0.23702355
-0.29031023,0.12540433,-0.54259264,0.20779568,-0.6210874,0.21042317,-0.28947014,0.20701694,-1.0192469,0.17125896,-0.77126527
-1.8764087,0.11663894,-0.43178412,0.23150824,0.07071347,0.21475992,0.07968884,0.22248602,0.15299559,0.15862781,-0.027216319
-0.06992399,0.13625856,0.03849802,0.20681481,-0.97756535,0.22073857,-0.18811879,0.21476516,-0.6255901,0.16913311,-0.9986308
-0.20693353,0.11191971,-1.220532,0.21966553,0.43258744,0.20240828,0.4509816,0.17519745,-0.036608554,0.14352836,0.16134478
0.16796885,0.12543069,-0.37295243,0.2049565,-0.015978131,0.20090371,-0.02160693,0.19741161,-0.3211734,0.16904803,-0.43989563
0.14148904,0.1311784,0.12491182,0.24781153,-0.08426191,0.2758168,0.4167249,0.23763822,-0.075887896,0.1539471,-0.3519572
-1.4591631,0.11223707,0.18908845,0.24067757,-0.21485314,0.19547091,-0.60995865,0.15563849,-0.5418808,0.13276802,-0.61472994
-0.54229426,0.15376818,0.12379918,0.28685582,-0.8629559,0.16587788,-0.6217295,0.17383102,-0.13042325,0.16814788,-0.8011944
0.4242718,0.12074063,-0.14126092,0.22801979,0.32475534,0.20618004,0.44759744,0.19767688,-0.25340003,0.15180986,-0.38092095
-1.505781,0.14447102,-0.28574634,0.29303238,-1.0598735,0.21923761,-1.1036932,0.19983101,-0.47645658,0.18803483,-0.82943773
-0.8315285,0.12894775,-0.7338785,0.24605513,-0.83861065,0.17249309,-0.54454094,0.15476695,-0.73262745,0.13761692,-0.3285442
-0.20380981,0.13007936,1.4608593,0.22972222,2.3248599,0.23886482,2.2128673,0.20847191,1.8702372,0.15440105,2.1497471
0.2800915,0.113063045,-0.23485458,0.24153912,-0.29564056,0.20001903,-0.8308368,0.18504071,-0.6944681,0.1435817,-0.4454751
-0.3462142,0.25404254,0.30140316,0.45390606,-0.1428416,0.33154643,-0.31657276,0.36769044,-0.27672738,0.26267537,0.63055193
0.3188701,0.1306902,0.6543016,0.2336128,-0.4671799,0.22907136,-0.20856681,0.19310902,-0.22534238,0.15760718,-0.5286458
1.5246066,0.14219958,0.9517797,0.1922474,1.7853503,0.21110147,1.6811044,0.22809975,2.1008766,0.16193755,2.2523403
-1.9102774,0.115254305,0.8318967,0.24605513,-1.0827825,0.22378485,-1.185801,0.200768,-0.94340956,0.15963838,-1.2103703
0.6939553,0.21560204,0.7912731,0.29294446,-0.55844957,0.3849224,-0.12276508,0.2820616,0.45842758,0.3257106,-0.01759817
0.17850158,0.11232881,-0.72646344,0.23933095,0.09925983,0.20592012,0.15633778,0.18679623,-0.55203134,0.14461374,-0.43974814
0.91565484,0.13152792,0.7152606,0.23933095,0.73786885,0.21730424,0.96012276,0.17789783,0.77632606,0.13394496,0.3724218
1.0645236,0.15417852,0.53073376,0.24576741,0.3558287,0.1969793,0.97683007,0.20937869,0.3790064,0.16117685,0.47728795
1.2051101,0.3388224,0.4293764,0.42519823,1.1574531,0.41016325,1.1971589,0.31995824,1.0673876,0.34772584,0.9787051
1.1171191,0.1991875,0.1994206,0.31601527,1.2953374,0.21493234,1.1933897,0.25694427,0.9895935,0.20922579,1.1262842
-1.3626438,0.10965485,-1.5069637,0.24067757,-0.51449966,0.17909442,-0.9949231,0.1504622,-0.74180436,0.12693878,-0.6678766
1.44895,0.20805575,1.4104629,0.3739123,1.7316496,0.16825922,1.6587121,0.27709433,1.808153,0.1942361,1.7321635
-0.57838,0.12251643,-1.4100866,0.23851493,-0.8163041,0.18492113,-0.7076898,0.16862413,-0.5413761,0.1521074,-0.5259087
-0.7473239,0.12668364,-0.27493247,0.21417129,0.12655416,0.23380077,0.2673186,0.20236664,0.22232938,0.15411021,0.06282966
-1.1248889,0.23376355,-0.61586493,0.38143334,-0.98768467,0.2604384,-0.6746326,0.37869307,-0.7596322,0.2840455,-0.8314476
-0.25272182,0.11042767,-0.17865671,0.22801979,-0.44668663,0.20618004,-0.837611,0.19767688,-0.87014836,0.14862172,-0.5025282
-0.41864112,0.12927419,-0.6468619,0.22024554,-0.91020393,0.22565147,-0.36646575,0.18322545,-1.0350132,0.16590554,-1.0719554
-0.5620727,0.13400471,-0.2971358,0.20011306,-0.25176883,0.21499562,0.15851991,0.19712259,-0.41779625,0.14601234,-0.5651554
-0.58701277,0.12037287,-1.3831033,0.2710602,-1.3150842,0.2316635,-0.77846825,0.18789811,-1.2857734,0.16483414,-1.2155895
0.091934875,0.11810846,-0.8415538,0.2528543,-0.7645122,0.18855652,0.07482541,0.19715112,-0.7046549,0.15588108,-0.22156215
-0.0835168,0.1275496,-0.45980507,0.23612024,-0.7020785,0.24949399,-1.0185483,0.21355523,-1.2071515,0.15619504,-0.82440394
-1.3706211,0.15101582,-0.6264004,0.23028909,-1.0136648,0.19989529,-0.7393523,0.19806811,-0.9881783,0.1878898,-0.6693722
1.3210229,0.14764906,0.49287987,0.24130794,1.6342301,0.22878669,1.785268,0.23062365,1.6966494,0.15826295,1.6689043
1.5075055,0.14327,1.2364888,0.23933095,1.811124,0.22738864,1.8123673,0.23553073,1.8618876,0.15701675,2.3294034
-0.10270491,0.19692916,-0.21537037,0.3739123,-0.6915003,0.17137578,-0.19300817,0.28813973,-0.87022597,0.19960786,-0.8652775
0.5929933,0.22099271,0.47840893,0.28007093,-0.79175717,0.31641835,-0.3430012,0.2561789,0.1456953,0.23172818,-0.13472955
-1.4585502,0.16730103,0.69302994,0.33050954,-1.046411,0.2633313,-1.3002762,0.19529612,-1.0729183,0.21212974,-0.53733987
0.880853,0.13178724,0.9713124,0.23676789,1.0467005,0.22838253,0.93161833,0.21948661,1.0239562,0.16161764,0.2521683
-1.42548,0.20880984,0.23127043,0.3739123,-0.9081128,0.17390372,-1.1001139,0.3117465,-1.1368109,0.2124291,0.28915253
1.4421278,0.18660334,0.8781172,0.28284657,1.7724967,0.19735359,1.5752631,0.19807447,1.8427721,0.18001331,1.895287
1.3877326,0.12321743,0.90233403,0.21109025,1.4880159,0.20949604,1.5301347,0.22154431,1.886325,0.15332817,1.6014769
-0.21159495,0.14448643,-1.0873548,0.28685582,-0.68737626,0.16587788,-0.2748536,0.17383102,-0.8642299,0.16690668,-0.89788026
-0.61503136,0.12605898,-1.2560807,0.21594997,-0.73093665,0.20086792,-0.81310076,0.18058577,-0.6650301,0.1571467,-0.83595705
0.18652366,0.15690604,0.47807434,0.29205847,0.25604352,0.19068696,0.22492406,0.19016927,0.28817564,0.18651943,0.18930858
0.95338523,0.12209979,0.3423838,0.21109025,0.43841854,0.20949604,0.72445387,0.22154431,0.26352194,0.15332817,0.24246822
1.1910754,0.26141453,1.2821244,0.33286983,1.191974,0.29679266,1.3241079,0.20991474,0.8710945,0.3289909,1.1808383
0.32505494,0.26145712,1.0503718,0.4748072,-0.38056445,0.18761756,-0.6517147,0.38636038,0.26879126,0.3505094,0.40166718
0.43278015,0.11953693,-1.2291741,0.22578736,-0.16039263,0.191367,-0.4780948,0.17498617,-0.04569131,0.13831086,-0.51708573
0.6187782,0.14219958,-0.14044596,0.1922474,0.29834607,0.21110147,0.32616448,0.22809975,0.37384754,0.16193755,-0.13570444
1.1036775,0.13691525,0.78021646,0.2143566,1.4700592,0.23350912,1.4735563,0.22411491,1.2962021,0.17101714,1.2060528
1.2886877,0.25159094,0.31254596,0.27579004,1.2653793,0.36265606,1.1772332,0.37910423,1.172391,0.20687006,0.9333475
0.49336487,0.23230533,0.9854752,0.25412327,-0.20663305,0.34936112,-0.27379954,0.2672102,0.28094113,0.27108884,0.4030907
-2.206442,0.12802923,-0.69849265,0.24747567,-1.7697873,0.1950914,-2.177599,0.17751007,-1.6215005,0.15695067,-1.3891706
-0.10930838,0.1206983,-1.638742,0.23941578,-0.726333,0.20779988,-0.46693927,0.16431469,-0.4384727,0.14810605,-0.05937601
-0.23416725,0.118156366,-0.32069647,0.23301464,-1.1726547,0.17954683,-0.7721002,0.15899704,-0.99689335,0.14266409,-1.034576
-1.5510364,0.18194331,-0.61115795,0.33064833,-1.030013,0.31434157,-1.301684,0.24034365,-1.259658,0.24134597,-1.1475947
-2.085672,0.13499427,-0.7204381,0.26092178,-0.7190314,0.2355084,-1.5364773,0.1593686,-1.4166418,0.13381092,-1.3079854
0.24049315,0.120300755,-0.13907908,0.23612024,-0.034973796,0.19453998,-0.28106597,0.16885518,-0.2856964,0.13945939,0.007891439
0.11465159,0.20537965,-0.16238832,0.3456684,-0.35470736,0.22248708,-0.06474327,0.3327563,-0.5395503,0.21414596,-0.7918448
1.3251632,0.13919927,0.9545354,0.23852235,1.723261,0.21432865,1.2362169,0.21836512,1.4348489,0.14254119,1.5199289
-0.8505943,0.25159952,-1.2657821,0.34964156,-1.2246743,0.36093396,-1.0243163,0.27609518,-0.107248865,0.33569747,-0.37824473
0.78241456,0.13852398,0.40737346,0.2158439,1.0368586,0.21271284,1.14099,0.21207489,0.9498652,0.14801306,0.32426435
-0.043301202,0.12692046,-1.1145941,0.1922474,-0.13713562,0.20790444,0.44441202,0.19822408,-0.25197598,0.15603682,-0.39717925
1.226977,0.12353439,1.0388792,0.23301464,0.6713024,0.22668315,0.6221463,0.19667533,0.6296735,0.15556528,1.2264807
-0.7307145,0.16776492,1.3871267,0.2647393,0.91371167,0.24737294,1.0849861,0.2737251,0.7825433,0.19949313,0.9842918
1.2051101,0.3388224,0.4293764,0.42519823,1.1574531,0.41016325,1.1971589,0.31995824,1.0673876,0.34772584,0.9787051
-0.7973922,0.14654061,-0.49863926,0.25318784,-1.7912923,0.21261048,-1.2061778,0.20679508,-1.4564056,0.2278598,-1.581135
-1.1835728,0.12727767,-0.2561057,0.21417129,0.13793083,0.23886482,0.12028641,0.20847191,-0.4437395,0.14159115,-0.3556039
0.29855776,0.4574085,0.27414897,0.57573354,0.40174252,0.30231553,0.53684753,0.44084185,0.20126885,0.3946289,0.4319742
1.4026786,0.35760242,0.4766191,0.44368258,1.0215323,0.3070519,1.1116174,0.21363607,1.1094154,0.365848,0.78930914
1.1028352,0.1520986,1.0492275,0.24750973,0.6263344,0.29635212,0.4103274,0.26305288,0.3524023,0.18142173,1.1926116
0.7702491,0.2354797,0.42617434,0.29725292,0.27402893,0.30321658,0.24843022,0.29817978,0.19968016,0.2537563,0.45026743
1.4302132,0.11089416,0.8568225,0.2336128,1.5044135,0.22790752,1.5622184,0.23154943,1.5304106,0.16004433,1.6491203
1.1508975,0.38760576,1.1697853,0.5567685,-0.42375135,0.41016325,-0.2501916,0.31995824,0.80914056,0.7031033,0.5105547
-1.0314447,0.21250087,-1.9528805,0.39620548,-1.7919441,0.28207695,-1.7348288,0.40077296,-1.8808695,0.28008208,-1.0989152
1.5541831,0.15583432,1.1314452,0.23850638,2.032249,0.24756005,1.7329297,0.25642997,1.8081639,0.1750209,1.9896975
-0.066543974,0.12154979,0.15169486,0.20298342,-0.61214197,0.16634594,-0.47632384,0.1615781,-0.21986915,0.1420844,-0.34659916
0.6731516,0.113359384,0.5636535,0.22715022,0.54393095,0.20844239,1.0219481,0.19588219,0.4124229,0.14070374,0.6388336
-1.8533198,0.12405412,-2.3866453,0.23851493,-2.2509866,0.18967149,-2.1313128,0.17899263,-2.3701854,0.15528561,-1.7090726
-0.20381257,0.11435078,-0.16844486,0.26071763,-1.1969486,0.19370158,-0.73083967,0.1625842,-0.8625353,0.14050743,-0.8600418
0.13063766,0.19692916,0.1238153,0.3739123,0.22357851,0.17360486,0.6455667,0.3117465,-0.16697995,0.20743336,-0.20110565
0.012519553,0.14191464,-0.3393671,0.21057026,-0.61489046,0.23301384,-0.35439622,0.20245853,-0.77442545,0.17624633,-0.9099132
-1.465074,0.12911955,0.11001652,0.20650044,-0.44735134,0.25088137,-1.1434478,0.19588657,-0.8615308,0.1500765,-0.28955042
0.800454,0.42988524,0.67957616,0.301696,1.2625139,0.39894333,0.59927225,0.5026605,0.8347943,0.39829195,0.779971
-0.61424303,0.23376355,-0.9424413,0.38143334,-1.1735204,0.2604384,-0.95448005,0.37869307,-1.4251894,0.2840455,-1.1666871
-1.894067,0.15182681,0.20754437,0.31543368,-1.2626191,0.3316608,-1.445691,0.285401,-0.87139225,0.19815683,-1.1989161
-0.84952813,0.14778283,-0.70645165,0.22736059,-1.6448367,0.21393292,-1.212227,0.21785474,-1.3385043,0.18597126,-1.5567119
-0.15664037,0.19962749,-0.24263018,0.3066951,-0.2936583,0.299674,-0.38474986,0.21127343,-0.54226893,0.20377238,-0.55254227
-1.0670583,0.15914896,-1.9197339,0.31601527,-0.9411486,0.19964284,-0.42042643,0.2311553,-1.3292272,0.19734798,-0.8015312
1.524413,0.14003593,1.4679276,0.1922474,1.925409,0.22861144,1.943838,0.22809975,2.004161,0.16414855,2.2496402
0.06664182,0.23473811,0.45265344,0.34964156,0.061891425,0.36093396,-0.28260216,0.26457682,0.009974545,0.26889685,0.27608153
-0.2189688,0.19728291,-0.12580338,0.3425064,-0.49317455,0.2385787,-0.1495932,0.3076686,-0.80207396,0.18320484,-0.5343643
0.9614333,0.13115709,0.72117066,0.20956327,0.82641,0.20091909,0.885479,0.20072451,0.61935836,0.16273324,0.18029553
1.3229373,0.23278354,1.2971395,0.34126225,1.5360004,0.42360643,1.4056735,0.41238505,1.2177851,0.3640521,1.317765
-0.2227673,0.19692916,-0.47039235,0.3739123,-0.7439151,0.17137578,-0.6920494,0.28813973,-0.92934924,0.19960786,-1.0788109
-0.23631847,0.14560434,-0.2802393,0.2756381,-1.4238839,0.23381789,-1.2582889,0.18022062,-1.4379485,0.22280693,-1.3001521
0.87645274,0.21064326,1.3552448,0.27712518,-0.09811376,0.4170097,0.27322835,0.28582105,0.81366843,0.28951663,0.58717906
-0.21193402,0.12446951,-1.9069009,0.22127773,-0.9387332,0.17144877,-0.6006463,0.17130466,-0.7782402,0.1525757,-0.6436131
-0.6986015,0.10990766,-0.3830133,0.2435471,-0.22884104,0.21650808,-0.11956508,0.19195448,-0.21353418,0.15441987,-0.23142375
-0.14554481,0.1200451,-1.2822472,0.19638619,-0.3574258,0.17493246,-0.34839568,0.17141207,-0.4118225,0.14056142,-0.93890476
0.11430529,0.21941449,0.30226344,0.34535113,-0.046759825,0.3116802,-0.6505169,0.24702305,-0.17975703,0.2473489,0.26275948
1.1113954,0.24190181,0.89370567,0.28274652,0.7401333,0.3089341,0.3089069,0.2613677,0.7208963,0.21243912,1.0518991
1.107203,0.14327,0.71768695,0.23933095,0.9812621,0.2187689,0.7179365,0.23553073,1.0257841,0.15479517,1.0626636
-0.5993895,0.124390006,-1.2977515,0.22347608,-0.77555805,0.21046871,-0.7556295,0.17994444,-1.0548177,0.15191121,-0.7663101
-0.9092652,0.115548275,-1.0761698,0.25432348,-0.98615336,0.19146955,-0.8430029,0.15464939,-0.89763886,0.1370928,-0.7127346
1.3349607,0.14545809,0.8599025,0.24153912,1.5749083,0.21885781,1.5164528,0.2235853,1.6486722,0.15627189,1.7462103
-0.18979423,0.250477,0.81767994,0.33064833,-0.5472829,0.41016325,-0.5155392,0.31995824,0.014129568,0.32927966,0.08921932
0.4607491,0.13092284,-1.3555479,0.24153912,-0.0060816044,0.19210339,-0.34953326,0.16789065,0.017980825,0.13986877,-0.4524063
-0.8945421,0.14002348,0.021186959,0.20681481,-0.7267036,0.20236042,-0.7124089,0.24195394,-0.5467851,0.17449611,-0.700949
-0.20378658,0.10385695,-0.16212085,0.22801979,-0.71357363,0.16547851,-0.35327387,0.17023218,-0.47721446,0.12911013,-0.7809513
-1.909666,0.12468905,-2.3573625,0.21616668,-2.1770053,0.18694858,-2.1702902,0.20212573,-2.3129408,0.18397439,-1.6770499
-0.055232286,0.12995757,-0.21123439,0.23941578,-0.3126774,0.25229454,-0.34409225,0.20421326,-0.8475371,0.16469944,-0.53264683
-1.5537015,0.20880984,-1.0569082,0.3739123,-0.9236356,0.17390372,-0.968231,0.3117465,-1.2897229,0.2124291,-1.1890086
-0.39013404,0.11015781,-1.5582875,0.24067757,-0.13269523,0.21357246,-0.1209117,0.18430658,-0.63422734,0.14231785,-0.90014595
1.0952035,0.110376775,0.5784335,0.2336128,0.36119598,0.22790752,0.5451582,0.23154943,0.2694864,0.16004433,0.5425559
1.2974117,0.13702391,0.3517076,0.23852235,1.6039793,0.21432865,1.649374,0.21836512,1.6587437,0.14254119,1.6148635
0.95613104,0.12793717,0.9657734,0.1922474,1.0009084,0.22104461,0.6577703,0.19016229,0.9996122,0.13854848,0.7218444
1.1049694,0.2378879,1.0943527,0.33064833,1.184961,0.37623262,1.0793378,0.28004512,1.4241277,0.26037157,1.4089805
0.9763544,0.13857032,0.42141783,0.20702998,1.569073,0.22158994,1.6193442,0.22154431,1.5057456,0.1538188,1.3244252
0.8169585,0.15541251,0.7082282,0.27811614,0.1456044,0.18167102,0.5941565,0.16682342,0.49726367,0.1680518,0.36519247
1.5439613,0.20221563,1.7586812,0.31338027,1.9833757,0.2030091,2.0251813,0.23431627,1.7445303,0.1623705,2.1380067
-1.0695015,0.1346878,-1.8469836,0.26071763,-1.0739698,0.24021393,-1.0099621,0.22331943,-1.5562868,0.192686,-1.2580647
0.93871963,0.15044478,0.8090864,0.24639824,0.053191092,0.2090728,0.019716209,0.2055569,0.5140701,0.14736657,0.8856803
1.1769862,0.14110902,-0.47459957,0.24153912,0.941484,0.21885781,1.1870525,0.2235853,1.1560023,0.15380853,1.0549481
1.1161937,0.23939973,0.19174547,0.301821,1.2072879,0.33523294,1.2336377,0.35225838,1.1708723,0.23715916,1.1212956
0.07607158,0.13679007,0.27663064,0.2259923,0.16602363,0.2422596,0.24392073,0.21906166,-0.11519797,0.19066995,-0.053473834
0.8946775,0.15485886,0.8409728,0.27378613,-0.100973316,0.2040006,-0.14643936,0.17730896,0.46327785,0.14821479,0.87715256
-0.86647755,0.14276133,0.30284458,0.24824175,-0.8334782,0.26284534,-0.38252047,0.24340695,-0.7063932,0.1783184,-1.1663318
-1.1314207,0.18734181,-0.16634014,0.33064833,-0.59144825,0.24226269,-0.1499254,0.22536096,-0.75793666,0.23609224,-0.36509553
1.5025363,0.11053851,1.0263803,0.22972222,1.7098244,0.23261674,1.687519,0.23348199,1.7972505,0.15461487,2.1258671
-0.40194067,0.11214435,-1.379089,0.22198433,-0.8063207,0.19764295,-0.95947254,0.17015378,-0.93616736,0.13861421,-0.85661906
-1.0745322,0.12702563,-0.54118896,0.21109025,-0.06472172,0.21271284,-0.54835165,0.19711788,-0.81752235,0.14054534,-0.84847087
1.2762988,0.26624933,1.4806013,0.52371454,1.4494146,0.4541232,1.1189897,0.4895278,1.7331436,0.25856623,1.2213858
-1.0614465,0.1378602,0.7833398,0.20681481,0.07983541,0.23670171,0.5704524,0.22313868,0.3735799,0.17518345,0.2645596
-0.284869,0.20282012,0.00020970062,0.3425064,0.016994981,0.21671158,0.27494264,0.26255658,0.35836574,0.17013991,0.061176512
1.1951303,0.38095725,1.1318533,0.586252,-0.6065216,0.63609004,-0.69719523,0.49507773,0.8263304,0.72966194,-0.32829285
-0.964695,0.23647669,-0.3674612,0.4094311,-0.9584045,0.17910731,-0.3340776,0.3215558,-1.1865377,0.20219629,-1.1328204
-1.241135,0.1306052,-1.8529229,0.24388154,-1.457386,0.20414333,-1.0731461,0.1847539,-1.4388038,0.14412332,-1.0055319
0.121691875,0.111646034,-0.6677686,0.23852235,0.2572816,0.20516142,0.18437746,0.17759877,-0.5498877,0.13470043,-0.47473776
-0.2563153,0.10847342,-0.22696647,0.23150824,-0.6368046,0.16547851,-0.41751945,0.17856143,-0.81991297,0.13342895,-0.60259867
0.1899729,0.19324394,-0.23706117,0.3425064,-0.30999228,0.21671158,0.015979305,0.26255658,-0.3682222,0.16791776,-0.48350108
1.0327587,0.13322233,1.0498796,0.24130794,0.9559893,0.21765976,1.2224591,0.19054088,0.9002372,0.14316747,0.34374
1.5414126,0.1418707,0.86791545,0.2049565,1.8505648,0.20851842,1.5722249,0.22718398,1.9139998,0.16990362,2.2455208
1.5819179,0.23144715,1.3316486,0.29035416,1.7715893,0.21959293,1.6386087,0.18210557,1.8188006,0.21252131,1.6474158
0.1083923,0.11025821,-0.7142238,0.22578736,0.30745143,0.1994265,0.4181552,0.19010715,-0.5491499,0.14370902,-0.59152025
-1.1100522,0.19728291,-1.4325774,0.3425064,-1.0107493,0.2385787,-0.71020937,0.3076686,-1.2458444,0.18320484,-0.9872982
0.60034525,0.12454337,0.30361992,0.23301464,0.13031557,0.2308838,0.39286116,0.20323591,-0.17217557,0.15590522,-0.6231183
-0.28974196,0.112266846,0.034040287,0.24605513,-0.6159568,0.17249309,-0.14174522,0.15476695,-0.20417246,0.136365,-0.3456066
-1.0615368,0.21188493,1.1071069,0.3240828,0.9177418,0.3468517,0.9860573,0.31692302,0.40165552,0.32584658,0.20935553
0.12658328,0.15006249,-0.7174057,0.2789576,0.26921245,0.19101869,0.21965556,0.18876773,0.06238729,0.16627353,-0.24613224
-0.9141283,0.11638675,-0.30441967,0.250919,-0.869725,0.2133787,-0.5918422,0.15832897,-1.0504881,0.13617648,-1.2556496
-1.2387573,0.14221439,-1.6903833,0.27811614,-0.9190157,0.17009534,-1.115707,0.1464676,-0.9388968,0.15084152,-0.7725084
0.8773129,0.21064326,0.86585677,0.27712518,0.30848688,0.4170097,0.37604192,0.28582105,0.68338776,0.28531516,0.56951195
0.73719287,0.12120609,0.7966461,0.22578736,0.6883977,0.19458409,0.8999464,0.18233849,0.58298737,0.13106994,0.29410318
1.103837,0.2559116,1.1869593,0.29294446,-0.008037528,0.40302613,-0.48264214,0.33066314,0.89139616,0.3672721,0.28300387
-1.3910037,0.13340586,-2.6991932,0.2133969,-1.8873595,0.19478828,-1.3892359,0.18580036,-1.7060677,0.15444264,-1.1663505
-1.1226087,0.13430905,0.061942287,0.21161032,-0.70168895,0.22106002,-0.53164077,0.18477373,-0.9816966,0.15564679,-1.129094
1.2977833,0.14327,0.79683447,0.23933095,1.5154887,0.2187689,1.5706861,0.23553073,1.6375047,0.15479517,1.7664288
1.5632167,0.29169068,1.1695222,0.61303073,1.4140377,0.18761756,1.2664398,0.38636038,1.1583625,0.38886514,1.3181432
-0.5631929,0.11585142,0.10854237,0.24130794,1.0687038,0.21152513,0.28681204,0.1938275,0.24728386,0.15141815,-0.09050641
1.0861077,0.26141453,1.1475878,0.33286983,1.0491774,0.27958515,1.2395779,0.20107074,0.8266299,0.27633595,1.084857
0.7285312,0.16186124,0.42884257,0.2789576,0.81971806,0.1950475,0.7939755,0.19378558,0.9096041,0.16935514,0.3788489
-1.2915195,0.17769152,-1.3653858,0.3160013,-1.4230249,0.20706353,-1.8559688,0.19484976,-1.5631636,0.24812111,-1.3296057
0.12285785,0.15917104,0.619655,0.25662312,0.28252247,0.4462169,0.07887492,0.38856006,-0.04800789,0.40707248,0.6865927
0.15928286,0.12756866,-0.71382093,0.1922474,0.3243058,0.20808466,0.07730353,0.19822408,-0.36928058,0.15776294,-0.43945307
1.3225213,0.14111212,0.9410727,0.22433582,1.5387577,0.21904555,1.5638853,0.24467006,1.7272036,0.15622553,1.4557002
-1.2720414,0.13187912,-1.9395108,0.21596204,-1.2080834,0.17337804,-0.7352082,0.1732176,-1.1679341,0.14987509,-1.2664849
0.6374105,0.23421001,1.0985091,0.33175614,0.37877735,0.31170413,-0.044892438,0.26626426,0.98702574,0.2911748,0.30415142
-0.15838364,0.1363948,-0.26095626,0.2511619,-0.29810053,0.28556624,-0.3039907,0.24450459,-0.38033804,0.15506482,-0.44024405
0.6207255,0.14223512,-0.32016367,0.273783,0.19577205,0.19742437,0.21792518,0.20237081,-0.39613268,0.17106962,-0.29128504
0.6805478,0.19976547,0.95355517,0.27849552,-0.09608376,0.35612768,-0.28939578,0.27165863,0.20847397,0.2675574,0.36949882
-0.52443504,0.13015608,0.45198882,0.2435471,0.1633508,0.22696695,0.15838271,0.20470612,0.5857736,0.16079573,0.29807782
-0.42732772,0.15690604,-0.8555472,0.29205847,-0.49585417,0.19068696,-0.61183363,0.19016927,-0.30877382,0.18465526,-0.7345424
-0.8225452,0.19165872,1.0615057,0.30158466,0.44284958,0.22906406,0.67351407,0.21634105,0.46612486,0.20984457,0.5608845
-1.8051575,0.16686481,0.42478582,0.28687263,-0.5499125,0.20643473,-1.3198147,0.17123614,-1.0865347,0.18653497,0.26849496
1.535238,0.1322594,1.4113023,0.20948239,1.6636808,0.22854838,1.8795285,0.22064209,1.8763329,0.16040415,2.1671305
-0.098644964,0.12958075,1.1862714,0.1922474,2.1753144,0.22111979,2.22636,0.20621328,1.820655,0.16025124,2.0675638
-0.50993466,0.10859774,-0.8757402,0.24604777,-0.6269688,0.18400764,-0.25598925,0.15564291,-0.34488222,0.13777016,-0.84016377
-0.2691442,0.20880984,-1.778299,0.3739123,-0.18362929,0.17390372,0.064729966,0.3117465,0.16126023,0.2124291,-0.05653933
-1.0654027,0.23395377,-0.1623601,0.3456684,0.56640023,0.22248708,0.7632052,0.3327563,0.35234648,0.23095733,0.25078893
-1.0818768,0.11322186,-1.4058076,0.24424958,-1.1753923,0.17889829,-0.8894011,0.15475778,-1.2826817,0.13001312,-1.0309936
-0.32065254,0.10773607,-0.27994528,0.22198433,-1.2268062,0.18111835,-0.71057314,0.17118365,-0.86762005,0.12953544,-0.95740044
1.5648508,0.12308559,0.85165673,0.22715022,1.9990468,0.21616761,1.8496252,0.22064209,2.0487819,0.15686005,2.1501448
-0.51944894,0.15460236,-0.29348513,0.30092695,-0.6955054,0.18354076,-0.6242535,0.20975761,-0.8439955,0.16838355,-1.091394
-0.08704454,0.16420789,-0.16383728,0.33732522,-1.0719501,0.21392776,-0.6070614,0.2340023,-0.6560057,0.17914602,-0.38754308
0.65433246,0.35760242,0.74628407,0.44368258,0.22452442,0.3070519,0.3689879,0.21363607,1.1094154,0.365848,0.78930914
-1.4021463,0.21136402,0.12636623,0.4362975,-0.49817196,0.29585695,-0.25963992,0.33802933,-0.78202605,0.281025,-0.060139928
0.06616818,0.14363348,-0.74783176,0.26761767,-0.6555095,0.22236156,-0.60658735,0.20362695,-0.86148185,0.19201565,-1.1183417
-0.71161336,0.1206983,-0.43696555,0.23941578,-0.63177985,0.19690268,-0.6268174,0.16302972,-0.52306885,0.14432985,-0.3550932
1.078994,0.35524127,0.3500617,0.56331897,0.3736759,0.37623262,0.15336537,0.298771,0.8765082,0.6738757,0.27636617
-1.7652636,0.13420734,-2.6500835,0.24132012,-2.348561,0.23909241,-1.8367319,0.22917591,-1.7754974,0.163697,-1.6941874
1.1606722,0.23199603,0.84907836,0.3066951,0.94271326,0.3481397,0.43920985,0.25692627,0.826714,0.21294877,1.2954733
0.633674,0.20564908,0.8786072,0.24802686,0.263139,0.43363854,0.3375771,0.36286247,0.50330204,0.31151608,0.68803877
-0.7113999,0.25608963,0.35281193,0.4352209,-0.09906432,0.30231553,-0.4524464,0.39226258,-0.45713162,0.29636618,-0.5155842
0.13283025,0.13331747,-0.46235242,0.26718533,-1.1858587,0.23612107,-1.0528289,0.19362754,-1.1867653,0.15243475,-0.8240165
-1.0059723,0.20137912,0.7583588,0.33175614,0.17039628,0.29971653,0.40653697,0.2595191,-0.034912698,0.27178496,-0.60204905
-0.5890019,0.13013606,-0.45846143,0.22663754,-0.5327885,0.25444517,-0.40157557,0.21162605,-0.9353223,0.14265338,-1.0995537
1.2762988,0.26624933,1.4806013,0.52371454,1.4494146,0.4541232,1.1189897,0.4895278,1.7331436,0.25856623,1.2213858
0.3768928,0.14754759,0.374922,0.23941578,-0.64506704,0.3270899,-0.70495635,0.2559248,-0.10268058,0.1797228,-0.39651746
-1.0543067,0.13286464,0.76005304,0.21260111,0.18983042,0.22449209,0.6067349,0.23179777,0.402703,0.19509381,0.33361337
0.59460765,0.14269455,1.0635725,0.27811614,0.58188504,0.18156329,0.7205749,0.16682342,0.5411087,0.16792972,1.1607927
-0.34081817,0.14815526,-0.39106193,0.28685582,-0.72098166,0.1935998,-0.42958352,0.19553475,-0.8502907,0.1704558,-0.9460818
-0.28513867,0.19642057,-0.5399896,0.39620548,-0.91778016,0.2773035,-0.41591012,0.30622742,-1.0206677,0.21771954,-0.85556364
-0.5050726,0.15246694,1.0740223,0.24028644,0.86492926,0.24003701,1.0985782,0.26990733,0.589225,0.17899148,0.63907504
1.6295582,0.20805575,1.3419925,0.3739123,1.7717665,0.16825922,1.8919401,0.27709433,1.8583938,0.1942361,2.1102457
0.3969042,0.16157833,-0.34566855,0.28685582,0.12981685,0.19550036,0.151438,0.19553475,-0.4120291,0.17783447,-0.3933784
0.5111747,0.23199603,0.95758826,0.3066951,0.48114753,0.43449232,0.6313797,0.46299163,0.94209474,0.35675117,1.2722981
-0.38509017,0.25608963,-1.6389029,0.4352209,-0.59987116,0.30231553,-0.7019885,0.33241734,-1.2181487,0.25060722,-0.982506
1.4332995,0.20805575,1.2884995,0.3739123,1.7115437,0.16825922,1.2142317,0.27709433,1.3669467,0.1942361,1.3596543
1.1219143,0.20875114,0.7745329,0.29207346,1.1409132,0.35333392,1.0528295,0.300434,1.1856661,0.25448593,1.3300717
0.32374763,0.12333244,0.63437873,0.22715022,-0.19170788,0.21577111,0.04072449,0.18998662,-0.23621906,0.15640147,-0.43183437
-1.1809906,0.14451562,-1.3124917,0.28685582,-0.8779026,0.16634865,-0.9916146,0.17383102,-0.8934459,0.17020771,-0.7574935
0.90619415,0.15646781,0.8162377,0.23854543,0.48130378,0.29443726,-0.050464157,0.24098964,0.07259885,0.18570004,1.1338518
0.3317865,0.14269455,0.6259761,0.27811614,0.074225,0.18156329,0.14239733,0.16682342,-0.06611397,0.16792972,0.15028182
-1.7939019,0.14026217,0.67892766,0.2511619,-0.745371,0.26145124,-0.8159411,0.2306333,-0.8578922,0.1663774,-1.0660965
0.48149374,0.13488482,0.5608293,0.2648508,0.55522764,0.19010529,0.36519513,0.18221864,-0.04824604,0.15273948,0.044990115
0.4223558,0.16551638,0.0031797083,0.23217934,-0.59639364,0.31848377,-0.6522132,0.2572999,-0.82613224,0.18903328,-0.14256786
-0.95305127,0.121338785,-1.3502775,0.24234171,-1.0715753,0.17272693,-0.9007946,0.18208854,-1.0764383,0.13799906,-1.4261138
0.38614613,0.15460236,0.46484032,0.30092695,-0.19658782,0.18354076,0.04570179,0.20975761,-0.2656046,0.16838355,-0.4407132
-0.34199393,0.1612137,-0.7652677,0.32360187,-1.7290066,0.23083699,-1.538727,0.1988314,-1.1579722,0.19213216,-0.8125943
0.24670784,0.1465219,-0.14380229,0.23941578,-0.23673156,0.30033284,-0.5192567,0.23438087,-0.39758274,0.17096363,-0.16520333
-2.172562,0.14498432,-1.2944188,0.2721848,-1.6194898,0.24538647,-2.2343445,0.20463283,-1.5350367,0.18036912,-1.6596674
-1.1660079,0.12513082,-1.2796166,0.21523696,-0.62430507,0.16907257,-0.9715077,0.15909997,-0.42804945,0.14038594,-0.48202407
-0.784368,0.20904125,-0.34411585,0.36473665,-0.63575715,0.24226269,-0.74466866,0.22536096,-0.7727962,0.24168459,-0.42907128
-0.9644008,0.12895404,-2.6037812,0.23851493,-1.2862834,0.24473111,-1.0797154,0.2285143,-1.7563732,0.18058223,-1.3742237
0.60999,0.20010042,0.91286963,0.30512604,-0.39754838,0.39144686,-0.40184763,0.31428736,0.3181549,0.33525166,-0.1461441
-0.23108083,0.112505354,-0.58667445,0.2435471,-0.67548716,0.21371593,-1.1240517,0.19195448,-1.1432291,0.14967585,-0.70774436
0.84014887,0.1597748,0.9745327,0.321823,0.69427365,0.20881106,0.3916103,0.21073484,0.89970607,0.18161118,0.15276466
1.0358663,0.3427723,1.1697853,0.5567685,-0.6708145,0.41016325,-0.081334054,0.31995824,0.83328414,0.72485083,0.79144496
-0.7541395,0.17133808,1.2426623,0.21574846,1.0565666,0.28803116,0.8481415,0.2735745,0.40460166,0.20748496,0.5685161
0.12214673,0.26145712,1.0503718,0.4748072,0.6449225,0.18761756,0.30736253,0.38636038,0.59960014,0.3505094,0.54595155
1.0067217,0.12634976,0.8733998,0.21172263,1.1663319,0.21289882,0.57620656,0.19655472,1.0182841,0.14687373,0.8093295
-0.38075626,0.12287389,-0.4273629,0.20298342,-1.3035984,0.16634594,-0.789259,0.1615781,-0.6837349,0.1420844,-0.85888845
-0.95941985,0.112896375,-1.0147614,0.24234171,-0.9929935,0.17319328,-0.67119503,0.18208854,-1.0088382,0.13667978,-0.84667975
-1.5792035,0.26145712,-1.8453324,0.4748072,-1.1496797,0.18761756,-1.3409305,0.3586605,-1.5021523,0.32034823,-0.74513996
-0.79656357,0.16457507,-0.45677444,0.30092695,0.07888519,0.1841526,0.024381734,0.22274236,0.061608892,0.1877856,-0.06232304
-0.9200034,0.18117636,-1.8918524,0.34964156,-0.7951507,0.30462041,-0.41427085,0.2284522,-0.6106308,0.24872231,-0.5888429
1.4364138,0.13039929,1.031073,0.22578736,1.6326877,0.2160969,1.79122,0.22240879,1.7701026,0.15251504,1.7778703
0.8496562,0.13154857,0.7467651,0.24130794,0.561311,0.21765976,1.0421777,0.19054088,0.6840176,0.14163908,0.11255222
0.5912612,0.2313016,0.6360453,0.2615655,-0.517082,0.3539063,-0.3250823,0.28564546,0.23040274,0.2346962,0.47641212
1.0586206,0.26423398,0.95039237,0.5470868,-0.27770478,0.9954045,0.19274855,1.0535274,-0.16171393,0.77703565,-0.42882386
0.217162,0.13200283,-0.79832166,0.2988032,-1.0659938,0.2680946,-1.3416331,0.21056585,-1.0507045,0.19076322,-0.6503191
-0.96909803,0.12970765,-0.9944293,0.19816442,0.28014797,0.20895863,0.21049337,0.19138496,-0.16806555,0.1549752,-0.53245413
1.1286961,0.1427277,0.9178401,0.19816442,1.1855223,0.21306385,0.9525358,0.21766974,1.1268008,0.15806863,0.92533517
0.1989435,0.118264735,-0.21729946,0.22198433,-0.17961286,0.21913454,-0.070326254,0.18867272,-0.33283576,0.13248506,-0.35743296
0.1245922,0.121617734,0.2523668,0.22198433,-0.5422609,0.21064295,-0.061866112,0.20055795,-0.71686584,0.15189014,-0.89726466
-0.83426094,0.12333244,-1.3717276,0.22715022,0.019244969,0.21585727,-0.0038399906,0.18998824,-0.33066943,0.15705574,-0.30294728
0.028605409,0.1327836,-0.32744017,0.20764013,-0.6525286,0.2215055,-0.06467668,0.175647,-0.35862094,0.1424743,-0.91558576
-0.16091321,0.13492016,-0.7183209,0.27378613,0.3357905,0.21970807,0.5866398,0.15643184,-0.20598498,0.13561341,0.012301577
-0.010510932,0.14193897,-0.7908074,0.2721848,-0.7511962,0.22327328,-0.5784881,0.17088124,-0.91205835,0.16245705,-1.242566
-0.7411554,0.20256548,0.23204109,0.26734936,-0.42580923,0.35685283,-0.42292732,0.2893097,-0.61291957,0.3065426,-0.7910284
0.19980168,0.19728291,-0.5878905,0.3425064,-0.1659558,0.2385787,-0.19456467,0.3076686,0.07998818,0.18320484,-0.09458554
0.19806552,0.15434527,-0.44582087,0.2701239,0.033137795,0.17719337,0.16098136,0.16209094,-0.38298953,0.15801966,-0.34417954
-0.3914666,0.12970765,0.25895756,0.19816442,0.95808625,0.20895863,0.7163912,0.19138496,0.42457667,0.1549752,0.21102385
-1.0880177,0.12684147,-0.84025383,0.24132012,-0.54488564,0.24591495,-1.3392982,0.24747537,-0.7931003,0.17146128,-0.64506835
-0.3872007,0.1277434,-1.8038627,0.2572496,-0.15362471,0.24662939,-0.27410066,0.2049965,-0.601164,0.17234634,-0.99949807
-1.5592346,0.2144461,-0.04410658,0.3456684,-1.0551071,0.22248708,-1.2457857,0.3327563,-0.5370841,0.2214034,-0.91468954
-0.5880308,0.12601842,0.11038514,0.23150824,0.08532658,0.19460368,0.23518269,0.16767524,-0.34097123,0.13164452,-0.5304502
0.98820955,0.1696663,0.9936922,0.26757622,1.0703026,0.27258226,0.5489947,0.27738935,0.71639043,0.19025226,1.3483768
-0.86024207,0.12785561,-1.1368953,0.22972222,-0.12756029,0.23380077,-0.010028477,0.20236664,-0.40849078,0.15411021,-0.33874303
0.46429726,0.12793891,0.3593663,0.24153912,-0.3716205,0.20989187,0.61771494,0.17814942,0.053940374,0.13652351,-0.30980048
1.156144,0.22807327,0.8026702,0.3081053,1.0749809,0.44083738,1.0532635,0.3492604,0.8935032,0.33986443,1.146967
-1.1203055,0.15559721,-0.26257855,0.33175614,-0.91589457,0.2479356,-0.84012926,0.19273148,-0.88609266,0.20797706,-0.66727173
-1.8062809,0.11603426,-2.012107,0.24424958,-0.5102613,0.21357246,-0.95211905,0.1923768,-0.7787703,0.14804041,-1.1007379
1.4632188,0.5161649,1.2167764,0.30930543,0.54605,0.4574296,-0.28797495,0.485649,1.355714,0.48281574,1.8415827
-1.2698585,0.16861473,-2.1896195,0.39288157,-1.5317073,0.23374438,-1.6050154,0.2670882,-1.6312529,0.27971175,-1.0342886
-1.3505449,0.11312221,0.09982123,0.24604777,0.32291824,0.22452374,0.08789367,0.20230468,0.0795686,0.15875354,-0.16558172
1.121939,0.26844153,0.5724882,0.23805772,-0.07071405,0.46665654,0.52937394,0.50645006,-0.6741281,0.5170643,0.04908683
-1.5294415,0.12602897,-0.68591243,0.23851493,-0.08649461,0.23080178,-0.2140399,0.21257286,-0.5910701,0.15632506,-0.82996404
-1.3009994,0.1596245,-2.6886485,0.28687263,-1.6364279,0.20979625,-1.5389513,0.17632838,-1.716897,0.20497929,-1.3777841
-0.60727096,0.12135559,-0.39607644,0.23941578,-0.06677517,0.22502145,-0.12172676,0.20421326,-0.25322035,0.16150787,-0.43399402
-0.5196608,0.1255659,-1.6189727,0.20779568,-0.44288957,0.21062733,-0.4049223,0.20701694,-0.79659647,0.17965902,-0.97104037
-2.313395,0.14575212,-0.020749725,0.30454284,-1.7688559,0.25842127,-2.2832808,0.21088357,-1.3934107,0.193173,-1.4435169
-1.2979193,0.11576882,0.20851244,0.2528543,0.69514483,0.19468994,0.19137803,0.19715112,0.11295891,0.1623625,-0.012532148
0.26797673,0.24075487,-0.48689038,0.4362975,-0.7647284,0.29585695,-1.2327087,0.36699727,-0.837535,0.33244303,-0.22204024
1.5486053,0.18660334,1.3416133,0.28284657,2.0160036,0.19735359,1.6102536,0.19807447,1.886711,0.18001331,2.1478837
-1.8381141,0.12684147,-2.5769682,0.24132012,-2.1090255,0.21414016,-1.9362751,0.19131726,-2.305494,0.15281746,-1.6706722
1.0316017,0.15305589,0.5508665,0.20681481,1.0452553,0.24290705,1.0579381,0.22841537,1.0351418,0.17995816,1.0040948
0.9491987,0.24126007,1.1129189,0.33286983,1.2901713,0.29679266,1.1540885,0.20475732,1.3347509,0.26781756,1.4105877
-0.70748186,0.11555833,-0.50132424,0.24429454,-0.33439586,0.22081171,-0.21594551,0.20627917,-0.32965067,0.16301386,-0.3868437
0.13211015,0.12333244,-0.49340457,0.22715022,0.17359352,0.21585727,0.04104074,0.18998824,-0.3230286,0.15705574,-0.452072
-0.120654635,0.11031315,0.39442188,0.2435471,-0.6170899,0.1766003,-0.45341322,0.15072504,-0.4876466,0.1331139,-0.4369863
1.5848075,0.1459511,1.3003421,0.24199788,1.8614289,0.2223759,1.6153362,0.23215929,1.722142,0.14817204,2.02907
-0.054537218,0.28247356,1.430736,0.2954118,1.3760676,0.33409798,1.7549136,0.31309205,0.84358877,0.22356522,0.63748664
-2.1661835,0.13107625,-0.729676,0.23433635,-1.7625339,0.19266814,-2.162272,0.18211427,-1.5897738,0.16254553,-1.211471
0.028416518,0.15914555,-0.15993433,0.31601527,-0.0885787,0.19901654,-0.50818557,0.2311553,0.023213815,0.19271895,-0.34279007
-0.6232978,0.10887953,-2.0340776,0.2528543,-0.97215706,0.16247751,-0.94757307,0.15882581,-1.075396,0.13950948,-1.1263944
0.5149603,0.12468539,0.6191124,0.1922474,0.6784402,0.2051001,0.27657536,0.19016229,0.21824704,0.13721125,0.2011641
-0.20599598,0.12549542,1.5007864,0.22715022,2.2127345,0.21947493,2.1601129,0.19588219,1.8701682,0.15740557,2.1565318
0.806075,0.22014713,0.7907085,0.24594994,-0.15665251,0.32537937,0.106639944,0.2618341,0.20996827,0.2731255,0.5615657
0.1524028,0.12903292,-0.016997365,0.20298342,-0.26255172,0.22073857,0.08475085,0.20047057,-0.5975982,0.16123986,-0.4240863
-0.5154488,0.1234497,-1.672521,0.23301464,-0.7809265,0.23080178,-0.5098305,0.19667533,-0.8345708,0.1633882,-1.1512363
-0.46614885,0.15366574,-0.45230803,0.28274652,-1.60206,0.24729429,-1.3866023,0.23335703,-1.0789295,0.18196145,-0.78155166
1.372685,0.16281368,1.0744509,0.2648508,1.8269917,0.20130588,1.6444111,0.21566325,1.8997688,0.17271253,1.904877
0.7911725,0.2339006,0.51838005,0.32008725,0.19046842,0.3114367,0.27222863,0.25000492,0.1183894,0.2486755,0.47588444
-0.2503574,0.11326374,-0.6736758,0.24605513,-0.73975855,0.20966189,-1.2591795,0.19092403,-1.2050402,0.1493874,-0.7445744
-1.6458327,0.26145712,-2.1167488,0.4748072,-1.4060513,0.18761756,-1.5215511,0.36023185,-1.6481574,0.2727648,-1.2730327
0.6190437,0.20459647,0.03328128,0.3456684,1.0974352,0.20545983,1.3759195,0.2718975,1.0976018,0.19236645,1.2975073
-0.5309956,0.16204421,-0.48106778,0.31146678,-1.353792,0.2093498,-1.1014994,0.15537092,-1.1510156,0.1867283,-1.0854917
0.5233201,0.22801179,0.36452731,0.25485447,-1.0310221,0.36589724,-0.8543011,0.2980542,-0.17691231,0.31152952,-0.012885332
1.0256717,0.42988524,0.95299083,0.34492502,0.48095137,0.39894333,0.3586253,0.5026605,1.0963672,0.39829195,0.29941115
-0.3124728,0.17126459,1.0120828,0.6607629,-0.20238756,0.57153475,0.03779898,0.40651804,-0.7579991,0.2888736,-0.7352407
0.91206306,0.1146661,0.9099894,0.21673635,0.6981819,0.20146316,0.8218693,0.21181478,0.5359378,0.15175717,0.12535474
0.44752437,0.12035203,1.0118471,0.19638619,0.29562354,0.21180531,0.764808,0.21612002,0.53954357,0.16181561,0.8130401
0.38999057,0.2144461,0.5001022,0.3456684,-0.52674264,0.22248708,0.21122012,0.29383928,-0.11056264,0.20025104,-0.6498066
0.33616522,0.16987506,0.2577018,0.31808802,-0.73843074,0.22614701,-0.5772742,0.20420942,0.030082576,0.21553509,-0.74471164
0.74228805,0.20282012,0.41943416,0.3425064,0.20991491,0.21452433,0.6962307,0.24029171,0.14890109,0.15823725,-0.041916825
-1.5933179,0.13346021,0.5214039,0.2710602,-1.1670969,0.26285332,-1.2468202,0.20900296,-1.0688901,0.16399911,-0.5590363
0.24470922,0.21437816,0.25944972,0.34964156,-0.45273495,0.36093396,-0.53651625,0.27609518,-0.21819057,0.31847808,-0.1094251
-0.44014648,0.12585403,-0.5649181,0.21594997,-0.5046749,0.20134939,-0.43500188,0.18186668,-1.0492258,0.15429512,-0.71742016
0.5011164,0.14692588,0.1042776,0.23522983,0.48142976,0.23115148,0.24512981,0.25342765,-0.16671512,0.17069554,-0.1823795
-0.36774105,0.11537575,-0.22254255,0.26359117,-0.92243844,0.21389379,-0.42155415,0.18415995,-0.80818355,0.15234467,-0.7689296
-1.2315981,0.18041189,-1.804398,0.31146678,-1.3461823,0.23245127,-1.2220229,0.1746517,-1.6630887,0.21424565,-1.3912842
-0.39112753,0.2144461,0.32502094,0.3456684,-0.46208525,0.22248708,0.33512914,0.3327563,-0.37070537,0.2214034,-0.99528754
-0.5767301,0.115256526,-0.2697358,0.24424958,-0.8978885,0.20007472,-0.35355335,0.17035368,-0.7255759,0.13411829,-0.73796964
1.0691638,0.22661167,0.80057436,0.30981806,0.7907852,0.3574899,0.43491,0.25348362,0.96572477,0.22728017,1.1275408
-1.5084778,0.17809099,-1.6515132,0.4362975,-1.2126955,0.25935063,-0.94576496,0.2849022,-1.0712912,0.25404295,-0.7160655
0.5776709,0.23939973,1.1496379,0.301821,1.2462443,0.33523294,1.1570364,0.35225838,0.8944794,0.23715916,1.1212956
0.4083861,0.12788479,-0.002027171,0.22137748,-0.5972616,0.17350553,-0.5734814,0.17657226,-0.61202073,0.16570085,-0.5011906
0.5329697,0.11635521,1.1040415,0.22198433,0.42141768,0.21047133,0.69255644,0.20055795,0.5945217,0.15224315,0.90651536
0.8544181,0.3388224,0.7881848,0.42519823,1.0586277,0.41016325,0.90768874,0.31995824,1.1433179,0.34772584,0.83826005
0.07476129,0.14027119,1.0820959,0.25413197,0.35160378,0.27344444,-0.31188533,0.22591119,0.6057054,0.18197402,1.6193342
-0.17045029,0.14815526,-0.68057084,0.28685582,-0.6482143,0.1935998,-0.26537427,0.19553475,-0.62674457,0.1704558,-0.80915934
-1.3427476,0.12852098,-1.0441173,0.23676789,-1.4845554,0.19262223,-1.0698339,0.18250711,-1.4639041,0.14008328,-1.3309965
-1.8799025,0.13127984,-0.15621975,0.25413197,-1.0165081,0.2654407,-1.6719257,0.25330856,-1.2792052,0.19253665,-1.5456187
0.27460167,0.13115811,-0.4660819,0.21161032,0.32605234,0.23443775,0.76564366,0.18929598,0.24261141,0.14585939,0.73201984
1.1051382,0.12793717,0.8429408,0.1922474,0.76831806,0.2051001,1.0633154,0.19016229,0.8716645,0.13721125,0.68220943
-0.2069852,0.11746832,0.36362928,0.2626911,-0.75189286,0.18965113,-0.5671377,0.16012932,-0.5295062,0.15010345,-0.39810944
-0.84752154,0.13286042,0.07185533,0.2604739,-0.16639477,0.20076732,0.26894656,0.15237376,-0.48135832,0.13365693,-0.6950396
-0.16010444,0.23128873,-0.7126937,0.38418293,-0.72458893,0.24693064,-0.36554685,0.32018402,-0.3316688,0.21378852,-0.6364196
0.053745765,0.12779129,-0.010348521,0.23851493,-0.5561861,0.22668315,-0.1234825,0.21257286,-0.5521633,0.16572921,-0.8751173
0.7844178,0.44894844,0.791546,0.3359819,-0.027633049,0.43449232,0.6313797,0.46299163,1.0909524,0.41208923,0.791372
1.0233907,0.14670894,0.45244482,0.2435471,1.5263064,0.23802008,1.4210232,0.24613336,1.2096072,0.16355845,0.96928585
-0.37459528,0.19642057,-0.68286794,0.39620548,-0.5464176,0.2773035,-0.17210157,0.30622742,-0.50101626,0.21881545,-0.84808624
0.8985066,0.13735963,0.9204997,0.20172459,1.3917632,0.2195927,1.3413392,0.21080633,1.1571028,0.16331232,0.7700799
-0.20733829,0.11590971,0.3637922,0.273783,-0.88343555,0.16488013,-0.65560657,0.16151707,-0.5496665,0.14946574,-0.5517357
-0.34639305,0.12903292,-0.65506023,0.20298342,-0.73952085,0.22073857,-0.30758503,0.20047057,-0.9361587,0.16123986,-0.7597128
-1.6026758,0.20788588,0.2278216,0.3425064,-0.22940785,0.2385787,-0.12271224,0.3076686,-0.16541128,0.18256018,-0.19514568
0.7834459,0.4573736,1.0650738,0.3139291,0.81035495,0.45873222,1.2265339,0.48927596,1.0838174,0.4937872,0.6212862
0.1535395,0.1416038,1.0236796,0.2511619,0.44531202,0.2954739,-0.28518325,0.244487,0.6096619,0.1722953,1.6627104
1.1713572,0.10407124,0.718466,0.22972222,1.3347677,0.220827,1.5398093,0.20847191,1.3728034,0.13979256,1.6100682
0.09125751,0.1252762,-1.1379966,0.22972222,-0.38299397,0.23886482,-0.2521033,0.20847191,-0.6901485,0.14159115,-0.81172484
0.83283937,0.16185834,1.0277488,0.3263361,0.61788017,0.19772029,0.41257238,0.17460023,0.941243,0.17946595,0.21913765
0.044756237,0.14077948,-0.42214832,0.21574846,-0.6044183,0.23286542,-0.5564699,0.19711724,-0.84460926,0.17506237,-0.92755
-0.31878513,0.14735517,-2.2712264,0.2789576,-0.21207856,0.18924469,-0.086416334,0.18876773,-0.69520015,0.16129188,-0.14063145
1.4312465,0.12209979,0.59127533,0.21109025,1.5560944,0.20949604,1.7618033,0.22154431,1.6224884,0.15332817,1.9329078
-0.90880364,0.12116367,-1.8944502,0.32248533,-0.92742807,0.20467015,-0.5235527,0.21059604,-0.6213909,0.18786557,-0.6929431
0.06409594,0.16293015,0.7876572,0.28083846,0.6071146,0.31894153,0.012542915,0.30067533,0.3127118,0.2238504,0.3362773
-1.2902708,0.23115301,0.6936756,0.4362975,0.56805384,0.29585695,-0.5085709,0.36699727,0.069401726,0.33244303,0.44992244
0.061659668,0.13210261,-0.46751454,0.27378613,-1.2518383,0.23304948,-1.1106281,0.19141391,-1.1851587,0.15719604,-0.7546763
-0.06415701,0.26145712,-0.07111318,0.4748072,-0.38056445,0.18761756,-0.4017357,0.3586605,-0.0061752605,0.32034823,-0.6392087
-0.85343945,0.15006769,-0.753626,0.33216527,-1.0759032,0.22168046,-1.1244667,0.19358763,-1.3234925,0.17943539,-1.1860453
1.1862639,0.37306467,1.0707449,0.6193249,-0.68204474,0.5668243,-0.29700854,0.8915332,0.498723,0.5419591,-0.31616628
-0.16029032,0.11023065,0.089181244,0.24605513,-0.6295564,0.17249309,-0.47070557,0.15476695,-0.48013407,0.13471897,-0.44784907
1.2260886,0.4573736,0.25967705,0.32336026,1.1020826,0.4574296,1.1918962,0.485649,1.1126158,0.48281574,0.62748426
0.48132104,0.12981255,0.78224957,0.273783,0.16231179,0.19512099,0.17359342,0.20237081,0.19643556,0.17178161,0.19695204
-1.2676098,0.14721332,-0.15140072,0.20469727,-0.7195865,0.18681423,-0.4988511,0.19673038,-0.69662,0.15649755,-0.6939828
1.5950878,0.14327,1.3323115,0.23933095,1.8733428,0.22738864,1.5119846,0.23553073,1.8898758,0.15701675,2.0772521
0.44803306,0.12338885,-0.47386461,0.20627439,-0.29260308,0.20132686,-0.116344914,0.19072802,-0.28728917,0.15524174,-0.5369219
-0.0936463,0.19629622,-0.5840482,0.3739123,-0.5407133,0.16798848,-0.30869052,0.27709433,-0.7501976,0.19039504,-0.8629471
-0.30328357,0.112505354,-0.85292447,0.2435471,-0.7230994,0.21371593,-0.17224489,0.19195448,-0.94412386,0.14967585,-0.5407844
-0.37515673,0.25608963,0.56497645,0.4352209,-1.6014849,0.30231553,-1.1175196,0.44084185,-0.8813859,0.32727668,-0.970211
-1.9085401,0.26145712,-2.4173095,0.4748072,-2.1751666,0.18761756,-2.0903304,0.38636038,-1.7880754,0.3505094,-1.2917048
-0.2781521,0.11970631,-0.5619287,0.21594997,-0.65015113,0.17144877,-0.5939875,0.1629255,-0.45261914,0.14482208,-0.46472037
-1.1140891,0.19581969,-1.4303285,0.4200652,-1.5864754,0.3720803,-1.7209384,0.34909815,-1.2734762,0.32414022,-0.8194555
-0.75876075,0.27777728,-1.4057261,0.4748072,-1.1496797,0.18761756,-0.891484,0.38636038,-0.039659597,0.37663558,0.04149151
-1.1707642,0.15715359,-1.5490459,0.29205847,-0.5841347,0.19184636,-0.82737,0.19016927,-0.9206246,0.18879277,-0.8044572
0.18616475,0.16542721,-0.27188635,0.22619511,-1.0693939,0.26567173,-0.98125947,0.22724225,-1.1121516,0.18482554,-0.54216015
-1.0922604,0.12562883,0.6266385,0.24130794,-0.52349305,0.21119675,-0.2943807,0.18196777,-0.926386,0.13999718,-0.9806415
0.2495688,0.12748143,-0.35591415,0.22972222,-0.2639353,0.23271227,0.48556376,0.20236664,-0.37924024,0.15048039,-0.5032865
1.2793641,0.29143694,1.2841992,0.24432918,0.8888661,0.31969896,1.3442403,0.3598965,1.2537749,0.24732916,1.2804073
-0.5991637,0.120980754,-0.35321838,0.23612024,-0.08872,0.24039957,-0.035005618,0.21684828,-0.19162999,0.16019925,-0.42034483
-0.66023046,0.26145712,0.8821818,0.4748072,0.90129423,0.18761756,1.0266705,0.38636038,0.01748983,0.3505094,-0.32294056
0.51797605,0.13404612,0.605397,0.2564487,0.4578031,0.21128604,0.41139737,0.1868999,0.038477756,0.15111499,0.059037972
-0.12049367,0.15313543,-0.58254206,0.29205847,-0.6703277,0.19110732,-0.6112432,0.18216838,-0.904822,0.18548585,-0.4941893
1.111954,0.2354797,0.85335773,0.29725292,0.7787624,0.30321658,0.29105058,0.26613742,0.77127534,0.21189333,1.079907
1.1767969,0.26844153,0.98958576,0.51164603,-0.5687648,0.7770295,-0.82056296,0.7374463,0.2756464,0.68030125,-0.478502
-1.4681702,0.12093246,-1.9350351,0.23941578,-1.6374993,0.21188554,-1.4654043,0.16431469,-1.2101054,0.14851211,-1.2896873
1.4024436,0.13919927,1.1935216,0.23852235,1.6026701,0.21432865,1.3769768,0.21836512,1.7989631,0.14254119,1.4702893
-1.7011684,0.11522536,-0.45178133,0.24153912,0.08166702,0.20316128,-0.29809394,0.18504071,-0.46321377,0.14900972,-0.5194566
1.0173647,0.13835591,1.1493744,0.2577881,1.1227174,0.22244744,0.8471473,0.19522421,1.0078497,0.15184641,0.93939745
0.5115232,0.20537965,0.37057424,0.3456684,0.35981435,0.22248708,0.82103926,0.3327563,-0.13036343,0.21414596,-0.13986547
-1.311892,0.11771429,-0.3276696,0.28506348,-0.21652795,0.21217723,-0.53233767,0.16453344,-0.4724019,0.15967007,0.108792886
-0.13875261,0.11324734,-1.7792363,0.24130794,0.06292348,0.21152513,-0.079146676,0.1938275,-0.55022186,0.14961343,-0.7780951
-1.3069032,0.18087861,-1.1125221,0.34964156,-1.0794005,0.30462041,-0.86001605,0.2284522,-0.9582214,0.24997872,-0.58858776
0.04510325,0.20959798,0.06720866,0.3764399,-1.0042483,0.31170413,-1.10592,0.26626426,-0.6036709,0.27932426,-0.2027711
1.3805808,0.13884543,0.989604,0.20702998,1.5885209,0.22158994,1.9016424,0.22154431,1.7060543,0.15653361,1.801111
-1.4719682,0.10773607,-0.778662,0.22198433,-1.3752171,0.18111835,-1.8718905,0.17118365,-1.630184,0.12953544,-1.3818034
0.958088,0.20221563,1.1975527,0.31338027,1.1418357,0.2030091,0.79735416,0.23431627,1.2897592,0.1623705,1.229919
-0.88647544,0.11520214,-2.0246785,0.2528543,-0.38062522,0.17742832,-0.47976246,0.18527177,-0.85724753,0.15033491,-0.8183443
1.3175595,0.20221563,0.8220564,0.31338027,1.8472652,0.2030091,1.4754755,0.23431627,1.8123326,0.1623705,1.7510587
-0.16592263,0.11209429,-1.8534623,0.24130794,-0.02194604,0.21151571,0.27238998,0.1938275,-0.381236,0.1459581,-0.26154262
-0.19024476,0.17769152,-0.50527084,0.3160013,-0.77481556,0.20706353,-0.6837695,0.18936358,-0.64945763,0.22188996,-0.8873201
-0.2695202,0.10774284,-1.2447908,0.24067757,-0.5771805,0.17889829,-0.24082763,0.1504622,-0.91299665,0.12608539,-0.9637425
0.30530018,0.12905422,-0.59135795,0.2626911,-0.25935984,0.22891286,-0.43724316,0.20570497,-0.4642712,0.16772845,-0.34168217
-0.61155015,0.20880984,-0.46612242,0.3739123,-0.31877056,0.17166327,-0.76580644,0.28813973,-0.8142385,0.20404732,-0.27884716
-0.71107143,0.12560572,-0.49239838,0.2049565,0.15731056,0.20090371,0.078043476,0.1839831,0.2653695,0.16904803,0.27901113
1.1995407,0.5116558,0.69951415,0.38278705,0.99100983,0.4690234,1.1277368,0.3668957,1.0909199,0.38243693,0.7849666
-0.09819967,0.24518134,-0.017183067,0.38434094,-0.6392714,0.265136,-0.9753331,0.20304108,-0.8142224,0.26003575,0.087780945
-0.6861983,0.12337085,-0.7025623,0.21523696,-0.66469043,0.16885178,-0.27349523,0.15909997,-0.30541015,0.13935621,-1.0321285
0.73230076,0.12321743,0.16594377,0.21109025,0.28810844,0.20949604,0.41208854,0.22154431,0.13433288,0.15332817,-0.030618867
-1.1269212,0.13748047,0.7049762,0.21109025,1.4237294,0.21271284,0.92881817,0.19711788,0.79974496,0.1555277,1.1475084
-1.8113892,0.2144461,-2.2599683,0.3456684,-1.0551071,0.22248708,-1.2984934,0.3327563,-1.670088,0.2214034,-1.1197947
-0.75908214,0.13500087,-1.3855708,0.28320315,-0.8172059,0.19002037,-0.65603495,0.18603976,-1.3172928,0.15158942,-1.3255605
1.0696145,0.14072508,1.085729,0.2648508,0.95663565,0.19305749,0.79479015,0.18450797,0.89984107,0.15404037,1.0264728
0.6494062,0.13990946,-1.1012847,0.22917284,1.24334,0.2160969,1.1593801,0.24202509,0.9716385,0.15978019,0.906051
1.0047673,0.4573736,1.3153437,0.27612472,1.3231289,0.43363854,0.86785984,0.48657343,-0.088209495,0.5122708,1.2233114
1.0585314,0.23022419,1.1504655,0.3081053,-0.5333737,0.38161707,-0.23367177,0.33866644,1.1589167,0.34894782,-0.24031949
-1.5005587,0.11898828,-1.04084,0.2572496,-0.54401106,0.24662939,-1.4165939,0.2049965,-0.99435616,0.17314197,-0.4841055
-0.5002481,0.14951558,-0.34628034,0.25527036,-1.6869968,0.21048449,-1.1687165,0.20707095,-1.132865,0.21868101,-0.8255172
-0.12379746,0.16541275,-0.018572573,0.30034962,-0.3819868,0.18353708,-0.29255578,0.1520521,-0.35279223,0.16997436,-0.055555593
-1.9885489,0.14241952,-2.5119483,0.278447,-2.3798287,0.21242386,-1.9654185,0.19668546,-1.9889263,0.20935804,-1.7844251
0.67252386,0.20805575,1.0569692,0.3739123,0.55347526,0.16825922,0.8720683,0.27709433,0.7597,0.1942361,0.58082104
1.1078888,0.12875697,0.9918796,0.19638619,0.42869726,0.21868944,0.7237106,0.20697474,0.76191634,0.16246027,1.3883917
-0.29212898,0.15398955,-0.18691017,0.23805772,-1.7382133,0.22657698,-1.1232728,0.22752017,-0.89831054,0.19048803,-0.58658767
-0.6070195,0.13362871,-0.045865465,0.22127773,-0.17838344,0.2240282,-0.06401664,0.22283159,0.09787247,0.18140821,-0.33629608
0.59724396,0.3388224,0.63440984,0.42519823,0.34214452,0.41016325,0.71470875,0.31995824,0.99145716,0.34772584,0.37010956
0.9001147,0.2041186,0.91326857,0.27849552,0.3100751,0.37311688,0.2939291,0.26516113,0.6073077,0.26491264,0.58912915
-0.53234684,0.15958358,-0.15663476,0.31601527,-0.5860186,0.19886394,-0.40310866,0.21673806,-0.6261598,0.17661195,-0.9803502
0.4805485,0.14737184,0.2861143,0.20764013,0.28313398,0.24118435,0.07367162,0.2290107,-0.1345405,0.17668009,-0.33945295
-1.9166536,0.13826405,-2.6634445,0.24469157,-1.7397808,0.28912917,-1.6289192,0.23615615,-2.0701375,0.18767539,-1.7819228
-1.6365763,0.13023438,-0.48186013,0.21078306,0.8406749,0.23350912,-0.3133033,0.20693156,0.035164542,0.15993327,0.05369374
0.54846317,0.49184886,1.1048,0.3629172,0.7623445,0.43521574,0.8552868,0.30570865,0.8104313,0.40628618,0.77558714
-0.98624164,0.22541088,-0.37615263,0.42171597,-0.6885879,0.18166141,-0.3910797,0.3714007,-0.73124963,0.32382706,-0.8426208
0.2854885,0.11811107,-0.07563809,0.22801979,-0.18486536,0.21471798,-0.0626247,0.18898544,-0.2986199,0.13617429,-0.32752573
-1.203705,0.11316557,-1.8064094,0.24429454,-0.46665242,0.19002901,-0.9826847,0.15759236,-0.6594631,0.1448206,-0.6321859
-2.11302,0.13888377,-0.8058726,0.2189825,-1.6755178,0.2175293,-2.0858474,0.196727,-1.5670025,0.16497035,-0.88546944
1.4197655,0.14631811,0.88885987,0.23933095,1.76319,0.22738864,1.6959767,0.23553073,1.7577183,0.15701675,2.0236108
0.013480446,0.14183307,-0.3913142,0.30273956,-0.46531653,0.20548736,-0.71638376,0.16558473,-0.3123988,0.15568744,-0.05820239
-1.6994972,0.11335653,-0.49308842,0.24130794,0.15361786,0.21152513,-0.2183934,0.1938275,-0.47917467,0.14996205,-0.52630764
-0.54789406,0.15583013,-0.40147987,0.30609456,-0.7536278,0.18139884,-0.46067733,0.15764607,-0.35152873,0.15396665,-0.6726259
1.3408978,0.17849523,1.6362746,0.25367594,1.5146722,0.36265606,1.5352745,0.37910423,1.7437862,0.20687006,1.7012407
1.273961,0.2764213,1.2309213,0.24116345,0.8805072,0.33001983,1.3669003,0.33613655,1.2557701,0.261185,1.2941562
0.012254033,0.14439136,-0.8698735,0.27938786,-0.7604997,0.22367908,-0.7673915,0.20274699,-0.8346963,0.19424659,-1.1399372
0.96381164,0.5001003,0.40125155,0.37083346,-0.021332702,0.42360643,0.65330213,0.41238505,1.1250547,0.39835414,0.83261555
-1.5384513,0.11520214,0.40512025,0.2528543,-0.25140813,0.17742832,-0.6259798,0.18527177,-0.51889884,0.15033491,-0.74761736
-0.030693365,0.12242096,-0.251164,0.22021282,-0.69823205,0.17755811,-0.77511847,0.16463237,-0.37672842,0.15076412,-0.6665321
-1.5941931,0.16309798,-0.32762718,0.2860417,-0.1230972,0.1788536,-0.5827659,0.20848858,-0.51702976,0.175007,-0.55789757
1.0377274,0.121991545,0.3106858,0.22715022,0.9956349,0.21616761,1.0484749,0.22064209,1.0193765,0.15686005,0.6949541
1.3617438,0.14219958,1.032192,0.1922474,1.6013033,0.22861144,1.8573735,0.22809975,1.9187196,0.16414855,1.8494647
0.46049878,0.18066323,0.37796462,0.3425064,0.03797548,0.21452433,0.19995749,0.24029171,-0.12377708,0.15782131,-0.17862453
1.5218813,0.16140637,1.3260132,0.21673635,1.6778238,0.22180973,1.6892937,0.24215724,1.7312989,0.17732377,1.9813571
-0.10626516,0.24796362,0.7010602,0.40466738,1.0969015,0.20545983,1.8355749,0.2718975,0.9841407,0.20987654,1.3033819
-0.19766128,0.11426527,0.3904937,0.22680736,-0.6551662,0.18111835,-0.46577546,0.17905828,-0.5987531,0.13418542,-0.56902164
0.7627751,0.20221563,0.33273962,0.31338027,0.58745915,0.20120774,0.7436658,0.21808119,0.6071163,0.15192951,0.14603767
0.392457,0.1867084,1.2330108,0.34842056,-0.41123512,0.3265074,-0.4464761,0.27937782,0.5905015,0.26779616,0.27323616
-0.18189014,0.13569127,-0.28701606,0.2169023,0.0016289705,0.27150056,0.37351477,0.20421381,-0.21618037,0.15429619,-0.23854674
-0.09142193,0.22541088,0.4402092,0.42171597,-0.6885879,0.18166141,-0.54335713,0.34659758,-0.0809926,0.29959714,0.18564714
0.7966998,0.29128316,1.2831423,0.45390606,0.36493447,0.33154643,0.023206072,0.36769044,0.9784705,0.27554175,-0.042195026
1.3971418,0.1524529,1.2151927,0.2392498,1.553662,0.21908851,1.850817,0.22479999,1.7282214,0.16150005,1.7392373
1.097228,0.13953112,0.4473136,0.24153912,1.502784,0.21885781,1.3983377,0.2235853,1.5913202,0.15252773,1.2864764
0.62039167,0.18826701,1.3362905,0.2884939,1.6090235,0.19196367,1.788501,0.17273308,1.6016077,0.17453627,1.770194
0.48936725,0.111281484,1.102347,0.22801979,0.37790254,0.18642274,0.63551855,0.19767688,0.49451527,0.14645134,0.8934633
-2.135808,0.17816164,0.18799877,0.39288157,-1.8644726,0.23374438,-1.8834044,0.25527817,-1.3152161,0.24696732,-1.0266626
-0.819087,0.12889463,-2.2694013,0.21523696,-0.63135314,0.20928808,-0.64125735,0.18275332,-0.66685444,0.15131077,-0.7771666
-0.46865633,0.11667512,-0.39043537,0.24424958,-0.5240268,0.20007472,-0.15286404,0.17035368,-0.9053609,0.13553788,-0.8339358
1.4220172,0.1427277,0.6998243,0.19816442,1.6827854,0.21306385,1.7182444,0.21766974,1.7879333,0.15806863,1.8143287
-0.7386691,0.24934463,1.0120828,0.6607629,-0.34027025,0.8815659,0.03779898,0.40651804,-0.02383088,0.6638826,0.37127522
1.501542,0.17545755,0.93546355,0.2789576,1.9844792,0.20748004,1.7112195,0.21286894,1.7953924,0.17337133,2.005869
0.4632896,0.24761932,1.1389341,0.28139332,1.197371,0.33104292,0.97446346,0.365418,0.76783234,0.21177483,0.4921036
0.6056134,0.15902166,0.09963808,0.28279042,-0.12938347,0.28234434,-0.54138815,0.25908938,-0.23413002,0.21858901,-0.027266076
-1.4710349,0.1374411,-0.10218752,0.2613027,-0.9809837,0.1952576,-0.5435908,0.20837526,-0.77432674,0.15237987,-0.5498658
1.0357543,0.20880984,0.38775152,0.3739123,1.1716638,0.17390372,1.2619668,0.3117465,0.857321,0.2124291,1.3312882
1.4107296,0.15338954,1.2440097,0.25236255,1.5772606,0.23247123,1.0519453,0.252883,1.6885669,0.16046001,1.9328232
-0.15671043,0.14714971,-0.9710299,0.27811614,-0.6997327,0.1775008,-0.6938521,0.16227978,-0.76542485,0.15730853,-0.74197906
-1.5363193,0.1596245,-0.24061401,0.28687263,-0.38093847,0.20979625,0.110850625,0.17323826,-0.022657473,0.18937385,-0.10352434
0.42598075,0.25608963,0.74227905,0.4352209,-0.34946772,0.30231553,-0.14522028,0.39226258,0.050550632,0.29636618,-0.6494131
-1.2122394,0.10944539,-0.5104317,0.24604777,-0.3740922,0.22452374,-0.20163499,0.20230468,-0.1297836,0.15667732,-0.76590925
-1.2301724,0.11900181,-0.16848826,0.20948239,0.10646577,0.21947493,0.11889777,0.19588219,-0.49024153,0.1432447,-0.262958
-1.110294,0.15016639,-2.2191346,0.28942022,-1.4655113,0.2667043,-1.6894686,0.21801952,-1.8790048,0.20125398,-1.4462923
1.4830855,0.15862145,0.863552,0.2577881,1.6865687,0.23436625,1.775119,0.23907429,1.7496291,0.17023398,2.1027684
-1.2189765,0.13012886,-1.1650667,0.20298342,-1.2572924,0.20700976,-1.2364826,0.17942429,-1.25222,0.15287659,-0.831322
-0.9892509,0.2144461,-0.63226676,0.3456684,-1.1907288,0.22248708,-1.2663581,0.3327563,-0.908677,0.2214034,-0.9032038
0.10165674,0.15865982,0.8567662,0.28206983,0.62342,0.3040218,-0.017649978,0.26662827,0.05998874,0.18975917,0.6001977
-0.76785666,0.12362479,-0.84324616,0.23851493,-0.83614707,0.17868695,-0.795881,0.16705072,-1.2161136,0.1489022,-0.89245206
-1.0368965,0.111281484,-0.5322373,0.22801979,-0.92270446,0.16547851,-0.95976824,0.17023218,-1.0580356,0.13118377,-1.2175846
-1.1981888,0.12051835,-1.6146669,0.21501607,-1.7188781,0.20312421,-1.4228891,0.16302972,-1.7038351,0.14614452,-1.5521538
-0.49292982,0.16309798,0.5395941,0.2860417,0.92150605,0.1788536,0.52082336,0.20848858,0.3931108,0.175007,0.24672928
0.81586057,0.12727767,0.56634414,0.21417129,1.4071641,0.23886482,1.0355921,0.20847191,1.1756359,0.15440105,0.72457933
0.3994542,0.12011841,-1.2893099,0.21966553,-0.15934417,0.19295768,-0.48088562,0.17509787,-0.06288075,0.13709974,-0.5139681
1.0079553,0.11053851,0.43747854,0.22972222,0.88723177,0.23261674,0.76886594,0.23348199,0.8942065,0.15461487,0.7376768
-0.31196463,0.11184349,-0.7441414,0.24067757,-0.7271078,0.21306682,-0.21161018,0.18430658,-1.0314147,0.13999756,-0.5372482
1.3249885,0.15862145,0.6205712,0.2577881,1.3806595,0.23436625,1.4056703,0.23907429,1.3352058,0.17023398,1.3626375
-1.3077165,0.16983616,-1.4422371,0.31940094,-1.3934716,0.20027706,-1.2015132,0.15787081,-1.5037382,0.18305224,-1.531993
-0.09351489,0.20193951,-0.15688786,0.33064833,-0.68649924,0.37623262,-1.1480653,0.298771,-0.59241134,0.2911538,-0.33504128
-1.1601562,0.1206983,-1.4065106,0.23941578,-0.8753126,0.19690268,-0.9227303,0.16302972,-1.0974479,0.14432985,-1.0927142
0.59724396,0.3388224,0.63440984,0.42519823,0.34214452,0.41016325,0.71470875,0.31995824,0.99145716,0.34772584,0.37010956
0.7609002,0.3388224,0.8394432,0.42519823,0.6386204,0.41016325,1.2695265,0.31995824,1.1939383,0.34772584,0.6509998
-1.4459066,0.13036583,-1.9651966,0.2563781,-1.5518745,0.19486788,-1.1525028,0.15929957,-1.6257732,0.14603743,-1.5341895
-0.030531254,0.13820957,-0.8084438,0.26757622,-0.73097354,0.2142388,-0.56959456,0.166684,-0.9325112,0.15962617,-1.039379
0.4862777,0.13704005,0.61292696,0.25913855,0.59005815,0.21935333,0.4722756,0.18538058,0.043875948,0.14560606,-0.08609498
0.6777291,0.4803429,0.5474564,0.5181415,0.8346103,0.29585695,0.93970436,0.36699727,1.2091354,0.38193086,0.85021037
-1.1123565,0.25404254,0.49193668,0.45390606,0.6188226,0.33154643,-0.42855445,0.41624996,0.13042615,0.29175824,0.5743396
0.05908891,0.12793891,-0.3023194,0.24153912,-0.84776986,0.20989187,-0.5591125,0.17814942,-0.7867284,0.13652351,-1.0717368
1.4993654,0.14988607,1.2544923,0.24576741,1.5830294,0.1969793,1.6953194,0.20937869,1.7947909,0.16117685,2.322551
1.0307108,0.141463,0.89859957,0.273783,0.37792093,0.192341,0.401181,0.20237081,0.55154735,0.1694046,1.1300435
0.7152279,0.29128316,1.0192577,0.45390606,0.6188226,0.33154643,0.51527303,0.41624996,0.341132,0.3097026,0.8615376
0.42598405,0.12513332,1.0644466,0.24424958,0.41043848,0.21324007,0.57667524,0.1923768,0.6014004,0.14993809,0.96656746
-0.024626527,0.12630036,-0.27802876,0.21905676,-0.37075555,0.2274346,-0.9765993,0.20311958,-1.2334462,0.16878158,-0.67995137
1.5287591,0.29144546,1.1828752,0.57573354,1.6537597,0.30231553,1.4822003,0.44084185,1.4746735,0.3607654,1.3347588
0.007819365,0.11956792,-0.8369035,0.20948239,-0.2793775,0.21247675,0.030455897,0.18998824,-0.6460109,0.15007006,-0.89916885
0.9188543,0.15903121,0.8455053,0.23612024,0.44527626,0.31821164,0.011817453,0.2565672,0.055984575,0.17182563,1.1343329
0.9396508,0.13253489,0.66796595,0.20729105,1.1556323,0.21319543,1.1969466,0.23010813,0.9488931,0.17107315,0.317964
-0.70995677,0.10809544,-0.3922568,0.24553926,-0.26467434,0.22871383,-0.17663628,0.18754134,-0.27548447,0.14546564,-0.45225123
-1.4079213,0.12291034,0.33238912,0.23301464,-0.12973958,0.2500417,-0.6633833,0.20608868,-0.8360981,0.15114634,0.032411866
-0.43813464,0.12540433,-0.43331212,0.20779568,-0.7302389,0.20086731,-0.5209411,0.18609251,-1.1261736,0.16134508,-0.65736085
-0.40641335,0.21355502,-1.089741,0.3456684,-0.6625535,0.20545983,-0.507688,0.24939826,-0.855797,0.18210545,-0.95437354
-1.4304402,0.11971944,-1.5367777,0.20948239,-1.6947868,0.21247675,-2.3622139,0.18998824,-2.2535937,0.15258771,-1.5122426
-0.9629664,0.13727161,-2.396992,0.24469157,-1.2918139,0.2856664,-1.1121539,0.26254508,-1.7315573,0.18948549,-1.2505285
1.146502,0.12209979,0.029155735,0.21109025,1.4523683,0.20949604,1.1549146,0.22154431,1.4259015,0.15332817,1.3131903
-0.021019518,0.16609375,0.876536,0.28284657,1.8818929,0.1864186,1.7852523,0.18147802,1.5371509,0.17554979,2.1691678
-1.1767207,0.118001364,-0.408455,0.21966553,-0.52490765,0.20976529,-0.39058003,0.18164286,-0.77289903,0.12895402,-0.9212658
1.6227485,0.11089416,0.9819078,0.2336128,1.9604417,0.22790752,1.8980756,0.23154943,2.0578685,0.16004433,2.2700768
0.09971508,0.13015173,-0.9140766,0.2336128,-0.014559229,0.23206347,0.2200756,0.20693156,-0.45208734,0.1581142,-0.34405017
-1.7797344,0.13874857,-0.5068259,0.2511619,-0.7064475,0.25444517,-1.0380929,0.2306333,-1.2255472,0.15016308,-1.3278556
1.0047673,0.4573736,1.0061514,0.32261878,1.536465,0.4826855,0.95557684,0.49073493,0.69535357,0.49933192,1.325617
0.5587312,0.26844153,0.9845507,0.23805772,-0.07071405,0.46665654,0.52937394,0.50645006,-0.17593017,0.47354075,0.63489777
-0.4051817,0.11333922,-1.1335337,0.23852235,0.11032935,0.20561273,0.0903828,0.17759877,-0.22975253,0.13826956,-0.35324404
0.5173051,0.5116558,1.0857381,0.33110604,0.73591626,0.4690234,0.8772063,0.3668957,0.82646406,0.38243693,1.261871
1.5038148,0.15987015,1.2344089,0.2564487,2.0350683,0.22385348,1.6454643,0.232354,1.8279457,0.17337562,2.1403494
-0.11638152,0.122428425,-0.7300857,0.23301464,-0.77405524,0.22668315,-0.9861015,0.19667533,-1.1743644,0.15556528,-0.7619898
0.7834459,0.4573736,0.9996701,0.27612472,1.3231289,0.43363854,0.86785984,0.48657343,0.6219949,0.5122708,0.63505226
-0.6159341,0.21355502,-1.2311118,0.3456684,-0.31286222,0.20545983,0.36366838,0.2718975,-0.099510565,0.1975755,-0.35407764
-0.5831007,0.15914555,0.008120139,0.31601527,-0.76508594,0.19901654,-0.5324083,0.2311553,-0.39091676,0.19271895,-1.0216175
0.0015209413,0.21377823,0.3003827,0.34742737,-0.83391404,0.29376698,-1.1102176,0.23837593,-0.51289356,0.20657414,-0.4002751
1.5488794,0.14545809,1.2765325,0.24153912,1.8374075,0.21885781,1.464951,0.2235853,1.8734992,0.15627189,1.9849834
0.2998537,0.40674442,0.26463172,0.61303073,0.38855076,0.18761756,0.54713184,0.38636038,0.21193363,0.4255134,0.421651
1.1679076,0.24197349,1.5982634,0.39288157,1.0501482,0.25941044,1.0608813,0.29139608,1.4749427,0.2835329,0.77474725
-0.4739187,0.1277958,-0.8955632,0.19638619,-0.7738577,0.20302111,-0.9551605,0.18599665,-0.7825091,0.15239738,-0.89212996
-0.68177736,0.25608963,-1.1417494,0.4352209,-1.3510814,0.30231553,-0.88118136,0.44084185,-1.1665473,0.32727668,-1.1226839
-0.7593519,0.13255638,-0.74378806,0.21616668,-2.1371531,0.21340916,-1.2489432,0.20156257,-0.99838156,0.18243887,-1.3305683
-0.2279245,0.20282012,-0.72626126,0.3425064,-0.60765225,0.21671158,-0.9412081,0.26255658,-0.99113,0.1696232,-1.2120826
-0.36627707,0.12111898,-1.0896649,0.23941578,-0.329994,0.1995163,-0.4454348,0.16302972,-0.39034608,0.14575754,-0.713267
-1.6966712,0.114279196,-0.8057897,0.2435471,-0.4392073,0.21650808,-0.85528135,0.19195448,-0.5931276,0.15631586,-1.1024865
-1.584773,0.2144461,0.007875389,0.3456684,-0.50445086,0.22248708,-1.3156185,0.3327563,-1.0458633,0.2214034,0.3446169
0.87252563,0.107137494,0.4749994,0.23450227,0.87457407,0.220827,1.1908224,0.22656763,0.94990414,0.14683701,0.71910864
-0.9738429,0.2144461,-2.1424487,0.3456684,-0.88307196,0.22248708,-0.8224188,0.360895,-1.2643765,0.2090226,-1.195605
-0.04311396,0.19324394,0.32920533,0.3425064,-0.6205028,0.21671158,-0.017429935,0.26255658,-0.80345327,0.16742097,-0.74544406
1.2861689,0.38760576,1.1697853,0.5567685,-0.6708145,0.41016325,-0.081334054,0.31995824,0.80914056,0.7031033,0.79144496
-0.7845758,0.11283017,-0.35645705,0.24153912,0.2419807,0.20316128,0.2831206,0.18504071,0.21656795,0.14900972,0.16472952
1.1465452,0.13170029,0.82498604,0.2435471,0.6295243,0.21371593,0.5993066,0.19195448,0.7867906,0.15398578,1.2977015
-1.0837594,0.12692046,-0.8520022,0.1922474,-1.169328,0.20790444,-1.7400426,0.19822408,-1.9090585,0.15603682,-1.3945572
0.9824096,0.103448436,0.9220957,0.22972222,0.94917595,0.220827,1.2443845,0.20847191,1.0518197,0.13979256,0.58143455
-0.5197491,0.12889463,-1.6290854,0.21523696,-0.6425919,0.22282773,-0.4391396,0.19859307,-0.7667563,0.15968545,-1.1135007
0.9363542,0.2144461,0.4296586,0.3456684,0.30927888,0.22248708,0.9160481,0.29383928,0.5522888,0.20025104,0.3015754
1.1792902,0.13139929,0.5873927,0.21109025,1.184974,0.21271284,1.5505595,0.19711788,1.2327192,0.14054534,1.501292
0.79745466,0.13337924,0.4622171,0.21673635,0.89994156,0.21289882,1.1524904,0.21181478,0.9263562,0.1549805,0.5312767
-1.7566545,0.15882955,0.120704226,0.30158466,-0.9291761,0.21243529,-1.5125563,0.19521338,-0.907568,0.20286623,-0.8865246
-1.2844143,0.12174654,-1.3393874,0.19638619,-0.43686217,0.17527142,-1.0784141,0.17141207,-0.46845087,0.14092498,-0.4478993
-0.9936299,0.26145712,-0.99860156,0.4748072,-0.6369361,0.18761756,-1.2282218,0.3586605,-1.2561114,0.32034823,-1.3804239
-0.80675447,0.10887851,-0.60631526,0.22578736,0.00010387936,0.19995102,0.16557698,0.17596455,0.37553847,0.14484203,0.065909356
0.10961426,0.21496092,0.5723255,0.36473665,-0.71076196,0.24226269,-0.92899257,0.23478073,-0.2315336,0.2737402,-0.46326712
1.0344132,0.22661167,0.911906,0.30981806,0.62934124,0.3574899,0.48405632,0.25348362,0.6933887,0.23007846,0.79111725
1.4784822,0.14545809,1.0711553,0.24153912,1.8478771,0.21885781,1.8237383,0.2235853,1.9226749,0.15627189,2.3803186
0.57987005,0.23490313,1.3363608,0.29413733,1.2362142,0.32928088,1.1355357,0.3551629,0.8765328,0.2241985,1.3444024
1.469414,0.18749085,1.3026799,0.2860417,1.9334447,0.1895976,1.8192092,0.22681955,1.7072594,0.18152973,2.068362
0.21358474,0.16102847,-0.50062436,0.29303578,-0.766192,0.19189379,-0.5789131,0.16415931,-0.5197862,0.15651546,-0.23280868
0.57238466,0.12231406,-0.0914442,0.22715022,-0.09650689,0.21247675,-0.4369328,0.18998824,-0.40807465,0.15007006,-0.08366286
1.3364785,0.14903152,0.9958238,0.2392498,1.630697,0.21908851,1.6161655,0.22479999,1.7555907,0.16150005,1.7265193
0.06761265,0.11191971,-0.5932628,0.21966553,-0.33171436,0.20266993,-0.22185291,0.19217421,-0.58356905,0.14354345,-0.6891058
1.104882,0.13507532,0.40637088,0.2392498,1.1929023,0.20728236,1.4855865,0.19724673,1.1951876,0.15139677,1.34515
0.5219992,0.113063045,0.16366422,0.24153912,-0.15891734,0.20001903,0.12760727,0.18504071,-0.10385469,0.1435817,-0.07998561
1.0805551,0.24762747,1.2417209,0.3153305,-0.7415885,0.37052697,-0.79256445,0.31818548,0.6702796,0.33964735,0.084527776
1.3776191,0.1541695,1.4063898,0.2158439,1.4580073,0.22158994,1.4142816,0.24345458,1.7104969,0.16705652,1.8396975
0.3393214,0.29144546,0.728512,0.57573354,0.6521459,0.30231553,0.7731857,0.44084185,1.0535631,0.3607654,0.8833664
-0.61254376,0.120286584,-1.2281886,0.21501607,-0.7653448,0.21087891,-0.77828586,0.16431469,-1.0350236,0.14965001,-0.8115557
1.690358,0.13155152,1.1705972,0.21966553,1.9107121,0.21056087,1.9000388,0.22564568,1.9282776,0.15071708,2.2771206
-0.62459457,0.12607668,-0.882036,0.2246238,-1.1463552,0.1801341,-0.8173404,0.17414446,-0.71601576,0.1577437,-0.7124159
0.4535821,0.12632416,0.97098786,0.21954472,0.2808557,0.2148146,0.63298863,0.20187537,0.40806314,0.16073753,0.7491123
1.1249614,0.16609375,1.1864945,0.28284657,0.8992167,0.18574029,0.8817399,0.17146616,0.84939957,0.16310096,0.8985865
-1.4649689,0.18734181,-0.0046601896,0.36473665,-1.0837183,0.37623262,-0.5339509,0.28004512,-0.8007423,0.25583312,-0.24253038
0.010953102,0.14285484,1.1171299,0.23575321,0.6194204,0.24450105,-0.32605234,0.21386623,0.6571801,0.18314871,1.5729647
-0.6930282,0.10385695,-2.0884783,0.22801979,-0.99935883,0.16547851,-0.6817694,0.17023218,-1.1200739,0.12911013,-1.2268692
0.64532554,0.12934716,0.12158145,0.23612024,0.20975474,0.26435733,-0.16430467,0.22076765,-0.15244657,0.16119567,-0.13770676
1.5799466,0.1541695,1.3335534,0.2158439,2.0305405,0.22158994,1.7974615,0.24345458,1.9213985,0.16705652,2.0046282
0.701957,0.23421001,1.3496541,0.3764399,-0.46828523,0.31170413,-1.0062497,0.26626426,0.88501453,0.2911748,0.0923269
0.30389664,0.5001003,0.8687181,0.34848073,0.75733376,0.42360643,0.9040926,0.41238505,0.8410425,0.3847494,0.83261555
-0.39665812,0.19165872,0.2942869,0.30158466,0.07146121,0.22906406,0.37794954,0.21634105,0.548374,0.20720042,0.76597387
1.204611,0.2144461,1.2431306,0.3456684,0.75255734,0.22248708,1.0496013,0.29383928,1.1771631,0.20025104,1.1627748
0.21628882,0.1443208,-0.13620813,0.23612024,-0.41697147,0.28579715,-0.5261908,0.22706509,-0.41883877,0.16119297,-0.15074386
0.36628422,0.12472905,-0.44042346,0.20702998,-0.49885243,0.20211773,-0.28046,0.19097318,-0.2839169,0.14716789,-0.45842037
-0.5716114,0.15246485,-1.5145944,0.2789576,-0.47985306,0.1944671,-0.100426845,0.18063407,-0.91517526,0.15379746,-0.8256265
0.45886627,0.12881824,-0.3314581,0.19816442,-0.23230855,0.2089153,-0.16428253,0.19138496,-0.16665289,0.15208738,-0.43324205
-0.9762862,0.14960961,-1.7513883,0.27811614,-0.4546091,0.17559592,-0.6411198,0.16162984,-0.89032143,0.1601576,-1.0620456
1.1225429,0.14327,-0.31804374,0.23933095,0.9427606,0.2187689,1.1581904,0.23553073,1.1567881,0.15479517,1.160037
0.58913445,0.18749085,-1.4621383,0.2860417,1.0307938,0.1895976,0.9193499,0.22681955,1.0698231,0.18152973,1.1963185
0.8890373,0.12872885,0.8731343,0.22917284,1.2050673,0.20715906,1.135526,0.21185412,1.0435845,0.15615875,0.672395
-0.043545876,0.12832223,-0.34876528,0.23612024,-0.5140381,0.280948,0.0024669662,0.21684828,-0.46788502,0.15025046,-0.5496423
0.0136215715,0.12877242,-1.0920616,0.21109025,0.09759337,0.2092669,0.04082197,0.19097318,-0.5473032,0.15348104,-0.5541911
0.31982762,0.15723985,-0.21408245,0.2789576,0.07861952,0.18924469,0.4102476,0.18876773,-0.40991047,0.16241115,-0.38933486
-1.4374378,0.21355502,-0.39410523,0.3456684,-0.1987833,0.20545983,-0.2677084,0.2718975,-0.47680536,0.1975755,-0.353955
-0.025891906,0.1411351,1.1232967,0.2259923,0.5552507,0.22565147,-0.6749937,0.21066079,0.53275573,0.19503057,1.143277
0.2217027,0.29359677,-0.73295265,0.5865168,-1.1155281,0.41016325,-0.94974434,0.31995824,0.5713766,0.53950053,0.17756246
1.1314044,0.1753199,0.19302662,0.2701239,1.5011336,0.19196367,1.3043754,0.17273308,1.1175495,0.16972405,1.3276159
-1.25318,0.16962865,-0.7797332,0.30158466,-0.55498755,0.21243529,-1.2271631,0.19521338,-0.68051577,0.20047423,-0.31108654
-0.95214844,0.13122737,-1.0953505,0.23941578,-2.1874878,0.2701521,-1.3187405,0.19488816,-1.2507339,0.16541168,-1.423377
1.3367778,0.14764906,0.9438308,0.24130794,1.5135045,0.22878669,1.4888846,0.23062365,1.7340262,0.15826295,1.7458959
-1.1929884,0.13862303,0.5066664,0.24469157,-0.11808235,0.2965699,0.32979366,0.24599127,0.40581822,0.19033805,0.0863358
0.6288022,0.3239079,1.0355514,0.61605984,-0.2508071,0.41016325,0.063401,0.31995824,0.32356095,0.53079396,0.21630944
0.6442926,0.18660334,-1.5187844,0.28284657,1.1393867,0.19735359,0.9055447,0.19807447,0.9109845,0.18001331,1.0844175
0.37265635,0.1480934,0.50160956,0.2511619,-0.6919311,0.23253681,-0.95670825,0.20488407,-0.6773768,0.15812626,0.1448333
0.48482695,0.16499291,0.073229544,0.29205847,-0.111934684,0.1892828,0.33775407,0.19016927,-0.1405049,0.18557575,-0.39556536
-0.5452972,0.12544051,-0.17235358,0.21616668,-1.0953622,0.1727511,-0.8243683,0.17295398,-0.63577074,0.1678811,-0.6883683
-1.5535772,0.14448643,-1.204704,0.28685582,-1.0015126,0.16587788,-1.9749321,0.17383102,-1.6888974,0.16690668,-1.2535632
0.744717,0.5116558,1.0857381,0.33110604,1.2461033,0.4690234,1.3782673,0.3668957,1.0909199,0.38243693,1.261871
0.6668932,0.15986599,0.87326443,0.30092695,0.5367572,0.18366073,0.90015596,0.22274236,0.55902,0.18378417,0.6245376
1.0769345,0.14577527,1.0273482,0.2336128,1.4027579,0.24756005,1.375935,0.23154943,1.5794636,0.16319346,1.5654215
0.6516131,0.108660504,0.047030076,0.24576741,0.32434678,0.18365003,0.7469727,0.18980598,0.18130982,0.14716451,0.37827143
1.5550805,0.16674776,1.4503818,0.25913855,1.7433127,0.22964893,1.6433339,0.23840863,1.8196837,0.16944613,1.9635378
1.5568757,0.1514497,1.2568053,0.21673635,2.0502336,0.22180973,1.8818043,0.24215724,1.9211515,0.17485511,1.9848957
-1.0602744,0.14100191,-0.10302484,0.2246238,-0.9746905,0.21761458,-0.69657403,0.25476527,-0.7089922,0.18519665,-0.8203869
0.28019986,0.15406121,0.14404257,0.24504805,-0.8164625,0.19490251,-0.8171769,0.19387051,-0.75327164,0.16941956,-0.041964285
-1.7184982,0.13091101,-0.17647679,0.28083846,-0.90532607,0.24388652,-1.1867617,0.20578584,-0.95650333,0.17772096,-1.2813106
1.5376995,0.17585364,1.483718,0.2564487,1.5854398,0.22586516,1.7376187,0.232354,1.7479099,0.17659168,1.9615245
1.0538627,0.13763726,0.50827605,0.25491926,0.28053308,0.23112701,0.5962609,0.21690056,0.443259,0.16261488,0.59317356
-0.48362833,0.15519212,-0.7747966,0.29205847,-0.5708363,0.1892828,-0.34970322,0.19016927,-1.1009407,0.18505998,-0.73712796
-1.3997523,0.13196272,-0.23979764,0.23941578,-0.19680148,0.26072085,-0.5812336,0.19474228,-0.88604516,0.1483566,-0.80807716
0.15924314,0.12585403,0.16058847,0.21594997,-0.35788292,0.21065964,-0.024819622,0.19865248,-0.41230264,0.16249524,-0.7663366
1.1128007,0.29424587,1.1688751,0.25485447,-0.044604335,0.36589724,-0.9865138,0.2980542,0.06627076,0.32744604,0.66643685
1.1098393,0.14200512,0.6780624,0.19816442,1.4593973,0.22740935,1.2516365,0.21766974,1.5901123,0.15837964,1.3941159
-0.6876076,0.13521338,-0.68556017,0.25010827,-1.5230993,0.20090947,-1.223098,0.17947796,-1.2477989,0.22019337,-1.540682
-0.99982935,0.14564596,0.9234211,0.273783,0.93686473,0.20073693,0.62452793,0.2055207,0.31153592,0.18123558,0.88587254
-1.2083693,0.13543141,-0.9234118,0.27938786,-1.244368,0.19951181,-1.168881,0.16574705,-1.2663457,0.16792692,-1.1082785
-1.072312,0.1252762,-0.6837067,0.22972222,-0.077657536,0.23886482,-0.4680225,0.20847191,-0.78761,0.14159115,-0.90942603
-1.1799349,0.1200451,-1.6311766,0.19638619,-0.71567893,0.2002665,-0.68722504,0.19076474,-0.69836265,0.15925492,-0.57511455
0.52010846,0.16438547,0.048583075,0.21412544,-0.5432645,0.33914933,-0.46153376,0.27159193,-0.81431055,0.19926955,-0.15910682
0.19573997,0.13432384,-0.29572058,0.2764136,-0.0959679,0.25074524,0.11942592,0.20065424,-0.32037753,0.15794998,-0.21142136
1.4322639,0.120665416,0.58772147,0.21172263,1.6451242,0.20896402,1.7811493,0.22006781,1.6042815,0.15968367,1.8360144
0.24811356,0.15689018,0.0078264,0.3103449,-0.7525102,0.22323707,-0.74947906,0.18713619,-0.66947,0.15269303,-0.18266685
1.5683576,0.12209979,0.9405567,0.21109025,1.7042412,0.20949604,1.8314476,0.22154431,1.8165542,0.15332817,2.1451569
0.24886377,0.1753026,0.45239666,0.3082949,-0.80388886,0.18605557,-0.52732825,0.18569571,-0.19413742,0.19781573,-0.67757756
-0.36181477,0.18974465,-0.14674431,0.31601527,0.06722014,0.19594537,0.33026394,0.2455345,0.591442,0.19395706,0.9815452
-0.42211822,0.12641113,-1.8766088,0.25208917,-0.3145103,0.24533403,-0.33871627,0.20729186,-0.60616916,0.16583243,-0.8582514
-1.9992697,0.15010251,-0.20535243,0.22619511,-1.1432155,0.2627097,-1.4625493,0.29375273,-1.3211083,0.2039342,-1.5524548
-0.74029976,0.17631084,-0.72216535,0.33732522,-0.8079963,0.21489832,-0.19533518,0.25245896,-1.1628617,0.20090266,-0.9907842
0.03989708,0.16154535,0.59813714,0.2930076,0.6551579,0.29849496,-0.0068837116,0.26409078,0.117766954,0.19214335,0.5756913
1.010028,0.110376775,0.5790509,0.2336128,0.94726735,0.22790752,0.8110016,0.23154943,0.87586725,0.16004433,0.74164224
-1.2237499,0.13261038,-1.9047647,0.2202124,-1.7882881,0.18365665,-1.4203933,0.17562434,-1.6944526,0.15603426,-1.2990502
1.0220236,0.1441352,0.63512605,0.22680736,1.3832942,0.22978021,1.1245451,0.26271972,1.0935594,0.16496328,1.2433023
-1.2114807,0.12639503,-2.1785,0.29089096,-1.7393026,0.23413326,-1.2552489,0.1750491,-1.6147369,0.20740896,-1.3810716
0.12213069,0.1633872,0.29399413,0.30092695,-0.6098562,0.18351471,-0.16980642,0.22274236,-0.56652105,0.18388763,-0.8131452
-0.40402937,0.1265848,0.82649535,0.27388433,0.6798616,0.24323007,-1.1542048,0.17264439,0.20566554,0.15623012,0.8545874
0.47918075,0.10944714,0.6920319,0.21172263,0.5687886,0.20146316,0.31178254,0.19655472,0.33055896,0.14412153,0.087150946
0.9500313,0.17681287,0.3801776,0.28685582,1.107135,0.21325994,1.2191279,0.2227188,0.9086742,0.18490812,0.8732546
1.2753527,0.23647669,1.3117263,0.4094311,0.8871602,0.17910731,1.0905614,0.30505288,1.068723,0.1958726,1.1141878
-1.1140891,0.19581969,-1.4303285,0.4200652,-1.5864754,0.3720803,-1.7209384,0.34909815,-1.2734762,0.32414022,-0.8194555
-0.25710732,0.14840585,-1.2638689,0.29205847,-0.7341579,0.19068696,-0.32840312,0.19016927,-0.9233785,0.1841471,-0.96461684
0.18763113,0.15254284,0.7933625,0.23575321,0.5298888,0.2348041,0.024690807,0.27832264,0.1925109,0.19648933,0.8885179
-0.9060266,0.11555452,-1.3250433,0.22680736,-0.44474593,0.21878032,-1.320389,0.2255636,-0.8126177,0.15368706,-0.5215445
-0.4435101,0.12251643,-2.201104,0.23851493,-1.0689999,0.17868695,-0.60819155,0.16705072,-0.8463669,0.1489022,-0.6918932
1.1751894,0.1636634,1.0031004,0.2701239,0.75112104,0.18332644,1.0474734,0.15902583,0.8388092,0.15409993,0.62553227
-0.66261035,0.16457507,-0.3548152,0.31601527,-0.20728754,0.1841526,-0.4184987,0.22274236,-0.27871844,0.1860604,-0.4154031
-0.96528506,0.14447102,-1.5511867,0.29303238,-0.9716646,0.21923761,-0.8841788,0.19983101,-1.2334766,0.18803483,-1.0899059
1.0960238,0.123410344,0.45229286,0.23301464,0.37230968,0.2308838,0.5596211,0.20323591,0.5541614,0.15590522,0.65511495
0.7609002,0.3388224,0.8394432,0.42519823,0.6386204,0.41016325,1.2695265,0.31995824,1.1939383,0.34772584,0.6509998
-0.4168465,0.20880984,-0.20906998,0.3739123,-0.10441105,0.17390372,-0.102563486,0.3117465,0.22123131,0.2124291,-0.10692699
-1.6280481,0.123435,-0.25668916,0.22715022,0.5639225,0.22712205,-0.2888015,0.19231252,-0.24399848,0.16083066,-0.28900558
1.0914007,0.13025552,0.87277275,0.23941578,0.2573104,0.25719294,0.45639354,0.22056375,0.4518452,0.16649021,0.4957049
0.26006275,0.16194156,-0.7765454,0.2860417,-0.22847907,0.17826904,-0.88071656,0.20848858,-0.7610981,0.1745842,-0.41705573
-0.16339147,0.11396959,-1.0505546,0.2721848,-1.2003404,0.18819529,-1.1758381,0.16180417,-1.0251602,0.14618753,-0.60734344
1.3175286,0.15389465,1.0529912,0.19573942,1.5994247,0.21110147,1.7587318,0.2460757,1.7606947,0.17054759,1.692481
-1.2471448,0.12192933,0.028801313,0.20627439,-0.028113032,0.21289882,0.16787082,0.19655472,-0.47012204,0.14687373,-0.8182758
0.7461754,0.51117224,0.5008508,0.33214673,1.2704254,0.4514193,0.64275926,0.381994,0.84722614,0.3573372,0.79716533
0.15521753,0.1306902,-0.50647295,0.2336128,0.37900728,0.22982477,0.29816204,0.19325127,-0.22478074,0.15834388,-0.4279056
1.3355964,0.14903152,0.57465494,0.2392498,1.6410203,0.21908851,1.8680663,0.22479999,1.7201922,0.16150005,1.7328702
0.9474362,0.1425534,1.0366871,0.2564487,0.6902685,0.21417323,0.9741881,0.18946241,0.42862877,0.1523008,0.296646
1.0226845,0.22014713,0.8536908,0.24594994,-0.030007577,0.32537937,0.32346365,0.24025275,0.7330138,0.21742052,0.64862204
-0.13794611,0.13360597,-0.44490814,0.22028312,-0.14140937,0.22282773,0.36077648,0.21391529,-0.17826408,0.15331446,-0.38572782
0.32571796,0.47872943,0.9598802,0.34987396,0.7437582,0.44928673,0.89169264,0.46022296,0.8471122,0.4115061,0.8152648
0.12697558,0.14176635,-0.22217798,0.21883735,1.7337298,0.22854838,1.9820713,0.22064209,1.5964316,0.16254833,1.6869984
0.089800134,0.2144461,0.38924035,0.3456684,-0.3405855,0.22248708,-0.10695156,0.29383928,-0.06354356,0.20025104,-0.39980564
-0.90372145,0.12735912,-0.16259849,0.2493356,-1.3803102,0.18774442,-1.0189819,0.156658,-0.8939092,0.13581583,-1.0265315
1.0341703,0.2144461,0.65705067,0.3456684,0.49543595,0.22248708,1.1957873,0.29383928,0.5920542,0.20025104,0.6554921
0.9836308,0.14022812,0.9829442,0.2049565,1.8146981,0.21868967,1.4248552,0.22718398,1.4125078,0.17360005,1.519625
-0.34183386,0.11379896,0.15579955,0.2528543,-0.80046666,0.1646198,-0.39601636,0.15882581,-0.43382347,0.14513998,-0.3101181
-1.440625,0.13036917,0.60312307,0.23851493,-0.17598556,0.24806298,-1.4894748,0.21584366,-0.3254351,0.18125829,0.039371483
-0.4282667,0.15690604,0.041576758,0.29205847,-0.782055,0.19068696,-0.4935686,0.19016927,-0.18031149,0.18465526,-0.75881463
-1.3271712,0.11610776,-0.27209386,0.27378613,-0.15324144,0.19778192,-0.23978236,0.15979,-0.33083177,0.14393762,0.36516964
-0.16878957,0.1137651,-0.7352388,0.2528543,-0.6939381,0.18855652,-0.31537607,0.19715112,-1.097761,0.15285312,-0.8379027
-0.9123815,0.14399159,0.6960179,0.26359117,0.8684598,0.2381863,0.5675186,0.22101687,0.41722,0.17954707,1.0714505
-0.38608098,0.89341265,1.144099,0.7234809,0.91746306,0.5668243,0.5574002,0.8915332,1.1233267,0.6334707,0.56185174
-0.40940362,0.22327405,0.964015,0.3739123,0.77663964,0.17390372,0.6943053,0.3117465,0.688414,0.22014682,-0.005579059
-0.81064713,0.19728291,-1.0683527,0.3425064,-0.6200786,0.2385787,-0.3944558,0.3076686,-0.9218588,0.18320484,-1.1443636
-1.4027693,0.12458987,-0.41285992,0.23150824,-0.44453254,0.20672244,-0.4253405,0.19209608,-0.75610447,0.13994175,-0.97037506
0.97353166,0.3427723,1.1697853,0.5567685,-0.42375135,0.41016325,-0.2501916,0.31995824,0.83328414,0.72485083,0.5105547
1.1119246,0.12352761,0.6364652,0.21966553,0.9480408,0.20976529,1.410284,0.18164286,1.1509415,0.1301088,1.0882983
-0.38608098,0.89341265,1.144099,0.7234809,0.91746306,0.5668243,0.5574002,0.8915332,1.1233267,0.6334707,0.56185174
0.61427134,0.12439135,0.39730954,0.23301464,0.6258268,0.23819458,0.09842649,0.20323591,-0.28739426,0.16115609,-0.090190396
-0.46487448,0.11350899,-1.7985955,0.24604777,-0.11597409,0.2028244,-0.385202,0.17158946,-0.0007716653,0.14625424,-0.21860835
0.65433246,0.35760242,0.74628407,0.44368258,0.22452442,0.3070519,0.61653113,0.21363607,1.1094154,0.365848,0.78930914
-2.1244307,0.13586281,-0.59971935,0.26077685,-0.6837132,0.2285249,-1.5577813,0.15242253,-1.4524019,0.13040777,-1.3875649
0.92053056,0.16735582,1.0501854,0.29205847,0.7331951,0.19110732,1.0382953,0.17873995,0.48524702,0.17398131,0.35301125
0.2624328,0.117766775,-0.86992306,0.23301464,-0.0038265479,0.21157877,-0.3718708,0.19667533,0.11008467,0.15765369,-0.10531753
-0.17042081,0.11204194,0.5097738,0.24424958,-0.68564165,0.17889829,-0.46742374,0.15475778,-0.45642424,0.13001312,-0.41075328
1.0569181,0.13316533,0.9692097,0.24694167,0.9836554,0.22792666,0.69279635,0.17675585,1.0452075,0.1331337,0.9417195
1.4867127,0.14631811,1.4236069,0.23933095,2.2236924,0.22738864,1.8731017,0.23553073,1.9612527,0.15701675,2.1516697
0.725163,0.13754666,0.9228683,0.26037687,1.7383798,0.2160969,1.919578,0.22240879,1.5658209,0.15697531,1.636237
1.3606869,0.14631811,0.8106462,0.23933095,1.6540068,0.2187689,1.2828151,0.23553073,1.4178525,0.15479517,1.47383
0.63102996,0.1299668,0.16101411,0.19816442,1.0090959,0.2195927,1.1089668,0.19723935,0.9278529,0.156173,0.36940992
0.43213043,0.12555228,0.2736004,0.23933095,-0.11697519,0.2097444,0.672567,0.17789783,0.106409565,0.13255784,-0.3523946
-0.10943087,0.1200451,0.15621202,0.19638619,-0.53456014,0.17493246,-0.53390485,0.17141207,-0.22457579,0.14056142,-0.34768263
0.5872445,0.10352767,0.51242965,0.2336128,0.29277676,0.21680266,0.8400236,0.20693156,0.44452888,0.14274734,0.5720104
-1.313061,0.14430164,-1.0735402,0.20681481,0.55733323,0.23344883,0.81544346,0.22313868,0.42163602,0.17753579,0.13431771
0.98682624,0.1434266,1.0395089,0.22972222,1.5871205,0.2539961,1.3574713,0.23348199,1.5147004,0.15705897,1.4930559
1.0520674,0.16355327,0.539665,0.273783,1.2614081,0.20961474,1.2766484,0.22662576,1.0939746,0.18332322,1.0855626
-0.05552606,0.11510484,-1.0307906,0.24153912,0.28950176,0.20269696,0.28875482,0.17116414,0.04890855,0.14899097,0.08765571
0.60878605,0.1309814,0.09648448,0.20298342,0.32752523,0.22078969,0.031761814,0.20047057,-0.17028046,0.16312535,-0.25811583
-1.3257059,0.14710453,-0.96529585,0.2662203,-1.2923241,0.22776033,-1.2289199,0.22627407,-1.5423931,0.17709431,-1.2932875
0.8645913,0.58107672,0.91508048875,0.7183376862499999,-0.99323344,0.6155359,-1.1574713,0.56339204,-0.93375266,0.72381175,-0.2253539
-1.5708833,0.13484664,-2.5298553,0.24781153,-1.6343696,0.2984323,-1.3380222,0.23207937,-1.8714361,0.1755405,-1.1423769
-1.0041581,0.13587329,-2.528422,0.22422254,-1.2450714,0.2428856,-1.0463976,0.23230948,-1.791687,0.18016301,-1.4412273
1.3555444,0.121991545,0.5743086,0.22715022,1.5245639,0.21616761,1.7216082,0.22064209,1.6126331,0.15686005,1.9000667
1.1032859,0.2814238,1.0264002,0.6356432,-1.5182775,0.41666368,-1.0586153,0.27899012,0.10639505,0.31088486,-0.22415484
0.34073725,0.12513332,0.9116575,0.24424958,0.13596827,0.21324007,0.09231393,0.1923768,0.16311412,0.14993809,0.27747723
-1.3330896,0.16509967,-1.1565833,0.39456308,-1.6235236,0.26498008,-1.4498876,0.230702,-1.4167029,0.20563008,-1.2958193
-0.08397331,0.13139929,1.4879365,0.21109025,2.221915,0.21271284,2.12536,0.19711788,1.835307,0.15372124,2.1706436
0.6371692,0.20221563,0.39804503,0.31338027,0.6135406,0.2030091,0.5653676,0.23431627,0.8303397,0.1623705,0.27044517
0.8242216,0.29169068,0.5591521,0.4748072,0.38855076,0.18761756,0.14301191,0.3586605,0.08468155,0.34883457,-0.02659513
0.9667597,0.13214202,0.35976523,0.26359117,0.26779294,0.22977796,0.5661876,0.20793675,0.45368934,0.16547212,0.49320897
1.3715285,0.50440664,1.2188631,0.3522039,0.55734867,0.4462169,-0.25590122,0.46863475,1.3519256,0.48311755,1.8363502
-1.7131397,0.22194886,-1.9487872,0.39620548,-1.9757202,0.28207695,-2.0639687,0.40077296,-2.190434,0.29385304,-1.2315356
1.5267949,0.18660334,1.1618056,0.28284657,1.9539325,0.19735359,1.7181668,0.19807447,1.7094731,0.18001331,1.9959029
1.3786565,0.1753199,1.10395,0.2701239,1.6790516,0.19196367,1.6049575,0.17273308,1.8472495,0.16972405,1.9124235
0.9758798,0.29128316,0.18422072,0.45390606,0.36493447,0.33154643,0.20732094,0.36769044,0.098326825,0.27554175,-0.042195026
-0.57216555,0.17527507,-0.116337486,0.3160013,-0.10869286,0.27209648,0.10925,0.20013121,-0.4819506,0.19860613,-0.7034553
-0.51684135,0.2268599,0.9754344,0.3425064,0.7476855,0.2385787,0.68902856,0.3076686,0.6557529,0.18671964,0.10334522
-1.8601943,0.1484808,0.23612823,0.28206983,-1.2563868,0.3040218,-1.548466,0.26662827,-1.0107093,0.18975917,-1.2348307
0.7375207,0.3388224,0.9932182,0.42519823,1.2809845,0.41016325,0.7629538,0.31995824,0.9155268,0.34772584,1.1659653
0.04454953,0.16994244,0.622444,0.31808802,-0.42278817,0.22808816,-0.33495834,0.20420942,-0.24657352,0.2230911,-0.20843133
-0.31332344,0.1311784,-0.3805824,0.24781153,-1.0412511,0.2758168,-0.17862673,0.23763822,-0.2788922,0.1539471,-0.6436985
-0.14148393,0.11078395,-0.02413348,0.24424958,-0.6628465,0.17889829,-0.4491955,0.15475778,-0.5148937,0.1287586,-0.60335964
-1.2113388,0.1242656,-0.045263644,0.20702998,-0.005484037,0.21271284,0.10574325,0.19711788,-0.4856494,0.14054534,-0.46965182
0.03676843,0.12120609,1.3781784,0.22578736,2.0804102,0.20715906,1.9601084,0.19832212,1.6971819,0.149356,2.0705025
0.024949195,0.26642427,1.3849273,0.38434094,-0.45759362,0.265136,-0.9403768,0.20304108,0.75054836,0.26905873,0.25830755
-0.9486582,0.16184907,1.1603054,0.22127773,1.1400287,0.23823799,0.71351177,0.2590315,0.64231545,0.18912417,0.70813674
-0.16110018,0.11379578,0.47257286,0.26359117,-0.76748145,0.18687317,-0.50877404,0.15816435,-0.40474096,0.147108,-0.38960132
0.6420909,0.23022419,1.3420157,0.34842056,-0.66055596,0.3265074,-1.102148,0.27937782,0.8100231,0.29104748,0.15075995
1.3330423,0.18660334,0.27125072,0.28284657,1.7455653,0.19735359,1.6478059,0.19807447,1.6673995,0.18001331,1.9829539
-1.5160007,0.12613297,-1.550175,0.21417129,-1.8710805,0.23271227,-2.245967,0.20236664,-2.3315606,0.15291542,-1.5580112
-1.0907055,0.1386336,0.7349073,0.20011306,0.26346737,0.23423122,0.6884676,0.23122269,0.48529488,0.17718732,0.30476522
0.32825166000000006,0.71090036,1.1141164125,0.68823191875,-0.99323344,0.6155359,-0.9203545,0.56339204,-0.7891338,0.72381175,-0.43061766
-1.2093673,0.117766775,-1.5592167,0.23301464,-0.83137095,0.17868695,-0.8317868,0.15899704,-1.1258546,0.14139992,-1.1940209
0.7743677,0.21724346,1.1973494,0.25632203,0.67242783,0.35537076,-0.11998081,0.2903642,0.90312976,0.34439132,0.3362107
-0.38608098,0.89341265,1.144099,0.7234809,-0.9890186,0.62620515,-0.9412109,0.5318991,-0.78132284,0.8277906,-0.5815785
1.5403321,0.1418707,0.9122675,0.2049565,1.8496192,0.20851842,1.9732113,0.22718398,1.8768855,0.16990362,1.8986424
1.1128007,0.29424587,1.4176272,0.29657856,-0.65520906,0.36589724,-0.5633375,0.3366102,0.6550387,0.33804226,0.06990468
-0.0687929,0.19272086,-0.758917,0.31338027,-0.6926958,0.2030091,-0.31923005,0.23431627,-0.8652345,0.16087271,-0.64267504
0.4298323,0.10944714,0.3320499,0.21172263,0.12831235,0.20146316,0.66862416,0.19655472,-0.10591731,0.14412153,-0.17138277
-0.49353912,0.12641914,-0.8245641,0.21568069,-0.9225937,0.16996484,-0.7808512,0.16665858,-1.0535995,0.1470814,-0.7879485
0.31405798,0.49184886,0.973312,0.3629172,1.0209076,0.43521574,1.1025314,0.30570865,0.43460396,0.39623675,0.3454631
0.9488592,0.14538026,0.89462525,0.24130794,1.4512113,0.22878669,1.1320692,0.23062365,1.3086692,0.15620565,1.3238885
-1.4771843,0.12520513,-2.5680742,0.23851493,-1.7515713,0.22785306,-2.2822046,0.2246062,-1.7475666,0.17700537,-1.5603138
0.092698015,0.13188389,-0.62998104,0.2647393,-0.1820797,0.21705979,-0.62386787,0.20114107,-0.55584496,0.15686834,-0.5392422
0.18765193,0.18087861,0.6792858,0.34964156,-0.56877583,0.30462041,-0.62143284,0.2284522,-0.42570603,0.24997872,-0.57758343
0.9282115,0.1510167,0.26785415,0.24130794,0.5776174,0.22878669,0.8810618,0.23062365,0.853603,0.15826295,0.12667497
-0.7991566,0.12994204,-0.27573004,0.21078306,0.22739881,0.23350912,0.15067238,0.20693156,0.2128189,0.15993327,0.05046254
0.23107228,0.12731156,0.23898202,0.20298342,0.023229351,0.23338147,0.15139586,0.1925636,-0.055103466,0.14553754,-0.2933137
-2.2075303,0.13396432,-0.31757107,0.24445687,-1.3977182,0.26868275,-2.3999069,0.22000732,-1.6511196,0.19324228,-1.5939405
1.5663358,0.20805575,1.2340517,0.3739123,1.7423637,0.16825922,1.4882909,0.27709433,1.6472547,0.1942361,2.0314076
1.0047673,0.4573736,0.9138978,0.259939,0.9481148,0.46665654,0.8807483,0.50645006,0.019607974,0.5170643,1.2207086
1.0047673,0.4573736,0.98304904,0.274313,1.0040435,0.4471436,0.9086541,0.4601504,0.87931776,0.49949622,1.2154403
1.2260886,0.4573736,0.2390863,0.39195377,1.0830256,0.45873222,1.2265339,0.48927596,0.83958256,0.4937872,0.6212862
0.21445893,0.13197494,-0.53756845,0.2973242,-0.23840947,0.20034954,-0.53039503,0.19694847,-0.5369485,0.16754735,-0.27759147
1.2886877,0.25159094,1.2856171,0.4719984,1.1821201,0.488192,0.9340661,0.52220845,1.7187345,0.22204079,1.0228233
1.7379751,0.12881842,1.3520919,0.22578736,1.877041,0.2160969,1.6574111,0.22240879,1.9709369,0.15251504,2.2868276
1.2133919,0.23403181,0.95040536,0.57059056,-0.40186536,0.8694969,-0.18164885,1.0545719,0.3191771,0.6852098,-0.43436247
-0.54314786,0.12156546,0.2883797,0.24576741,1.254254,0.18676089,0.5365358,0.18980598,0.44910982,0.15381971,0.21322563
1.543607,0.14488491,1.0405873,0.19816442,1.86952,0.21306385,1.8314717,0.21766974,2.0825467,0.15806863,2.256496
-0.75750834,0.13713445,-0.6397613,0.22028312,-1.9327487,0.20933412,-1.2845451,0.19450065,-1.0461756,0.16128494,-1.2677543
-1.0986553,0.21760531,1.1233552,0.35511994,0.8660749,0.34606242,0.9357116,0.27420688,0.11510483,0.3329587,0.20188071
-0.34509125,0.11970631,-0.30128175,0.21594997,-1.1711932,0.17144877,-0.72103155,0.1629255,-0.8637311,0.14482208,-1.0546025
0.08849362,0.12919086,0.59704226,0.2435471,-0.5659984,0.19417427,-0.25804117,0.14789684,-0.3648412,0.14275731,-0.733135
-0.08556988,0.2144461,-0.37074676,0.3456684,-0.490329,0.22248708,-1.0493431,0.3327563,-0.9358645,0.2214034,-0.77301097
-0.27645838,0.12035331,-0.6154496,0.20155461,-1.345759,0.18438266,-0.88049567,0.17296776,-0.8035962,0.14517991,-0.77924335
-1.2387791,0.15914896,-1.5761799,0.31601527,-1.1321571,0.19964284,-1.2941351,0.23981403,-1.6333438,0.21289867,-1.1554927
-2.0014672,0.12844329,-2.380828,0.21053849,-2.185797,0.18706617,-2.0717025,0.2008283,-2.304109,0.18542852,-1.6250726
0.72614974,0.23918726,1.1099176,0.24857453,0.44313115,0.40302613,-0.16680935,0.33066314,0.89139616,0.3672721,0.62592584
-0.67678076,0.113323614,-0.3007418,0.2392498,0.23563686,0.20749466,0.31518212,0.19724673,0.36315992,0.15275612,0.28726384
1.191498,0.2579842,1.0407226,0.6418249,-0.6065216,0.63609004,-0.69719523,0.49507773,0.98430705,0.62420845,-0.32829285
-0.50511545,0.17870063,-1.1920414,0.4362975,-0.71264213,0.25764987,-0.73623204,0.25912842,-1.0840563,0.21379389,-1.2641419
-0.9591112,0.15696171,0.1542258,0.30092695,0.5224987,0.1841526,-0.08951868,0.22274236,-0.16676696,0.1877856,0.28364995
0.16417389,0.12752077,-0.79693174,0.21109025,-0.11110977,0.20211773,0.23587821,0.19097318,-0.36504728,0.14716789,-0.31701624
1.2062179,0.2620384,1.0618038,0.6064732,-0.58316034,0.67146385,-0.89729565,0.4337103,0.88774157,0.5659613,-0.53644013
-0.5235373,0.12075306,0.19330716,0.2392498,1.2424353,0.20749466,0.5043249,0.19724673,0.36687648,0.15484202,0.16680129
-0.101468585,0.16102847,-1.1559752,0.29303578,-0.33900866,0.19719476,-0.23243056,0.16886729,-0.29717135,0.1644774,-0.48840088
0.980311,0.35524127,0.62958956,0.5567685,-0.02845024,0.41016325,0.44936115,0.31995824,0.8765082,0.6738757,0.32329455
-0.5183703,0.10889698,-1.0005583,0.2435471,-0.57554877,0.1766003,-0.20133317,0.15072504,-0.39686957,0.13193719,-0.92349356
-0.51721007,0.117766775,-0.3735242,0.23301464,-0.8322633,0.17868695,-0.6523893,0.15899704,-0.55333143,0.14139992,-0.37158665
1.2762988,0.26624933,1.4806013,0.52371454,1.4494146,0.4541232,1.1189897,0.4895278,1.7331436,0.25856623,1.2213858
-0.14677352,0.15310733,0.56644917,0.2701239,1.0590973,0.18147737,0.6348485,0.16209094,0.4334454,0.1618073,0.17007978
-1.6002127,0.11490345,-1.3239261,0.22198433,-0.5276632,0.21946669,-1.4260186,0.21039806,-0.9186538,0.15162818,-0.79734683
0.28838798,0.15007807,0.06508543,0.22344396,-0.65765554,0.29101032,-0.65344656,0.24544087,-0.06825559,0.18122429,-0.21587594
-1.0215809,0.114989445,-0.5885174,0.22198433,-0.9025397,0.18111835,-0.93112206,0.17118365,-1.0429304,0.13169496,-1.2724395
0.11733022,0.12763944,0.023920313,0.21523696,-0.36502203,0.21425478,-0.016911564,0.19859307,-0.3478783,0.15261081,-0.8105924
1.3486608,0.20805575,0.9350058,0.3739123,1.5249205,0.16825922,1.5931019,0.27709433,1.500219,0.1942361,1.5710412
1.1056517,0.13404585,0.661367,0.23933095,1.0802553,0.21730424,1.3882021,0.17789783,1.1531299,0.13517672,0.9895363
-1.4313688,0.15398955,-0.77023226,0.2189825,-1.0162219,0.20842753,-0.5754499,0.2063885,-0.875662,0.16596156,-0.5965916
0.8824941,0.16292343,0.76600486,0.28685582,0.6945635,0.19920202,1.0581516,0.18653642,0.5607593,0.16168033,0.3695212
-1.4541941,0.12645335,-0.8959245,0.23612024,-0.7984982,0.28040352,-0.7845664,0.22441158,-1.0537388,0.15002891,-0.110224746
0.5967584,0.11970631,0.0918345,0.21594997,-0.16235195,0.17144877,-0.17200318,0.1629255,0.12854686,0.14482208,-0.22911929
-1.4292325,0.1392675,-0.6273595,0.23851493,0.2943528,0.23524013,0.4831545,0.22092755,0.48941112,0.17860655,-0.014110372
1.1461381,0.24762747,1.1787825,0.26734936,0.20017341,0.37052697,-1.0076084,0.2893097,0.07674263,0.32419688,0.7419697
0.7375207,0.3388224,0.9932182,0.42519823,1.2809845,0.41016325,0.7629538,0.31995824,0.9155268,0.34772584,1.1659653
1.5732886,0.20221563,1.391772,0.31338027,1.8793263,0.2030091,1.3494594,0.23431627,1.8001869,0.1623705,2.225828
0.710791,0.2144461,1.1802546,0.3456684,0.5358873,0.21352148,0.49621367,0.26792943,0.16883142,0.18864766,0.05798917
-1.5041268,0.13308135,-1.182374,0.2613027,-1.0657136,0.23450673,-1.0661455,0.17556238,-1.2631316,0.14259194,-1.2873309
1.0965545,0.1630464,1.1353613,0.22120954,1.0218557,0.33001983,0.56183547,0.260018,1.0903244,0.19267806,1.4878374
1.3050444,0.14526321,0.9663891,0.23223656,1.2856711,0.21616761,1.6004195,0.2438381,1.37606,0.16729738,1.4911152
1.2798382,0.49264838,1.1932358,0.3209215,0.52813643,0.43363854,0.13268751,0.48657343,1.3321992,0.5122708,1.2233114
0.46917525,0.2764213,1.1534176,0.26442173,1.1632044,0.33001983,0.8109339,0.33613655,0.81259274,0.2675457,1.0157892
-1.1978168,0.13148558,-0.34840423,0.22422254,-1.1786962,0.20722988,-1.3965772,0.19787024,-1.1219063,0.1640408,-1.359873
0.33514982,0.44894844,1.2057754,0.3359819,0.7355378,0.43449232,0.87639123,0.46299163,0.8297469,0.41208923,0.791372
0.27459532,0.15376818,0.66476303,0.28685582,0.13849033,0.1947374,0.23040041,0.19553475,-0.022537267,0.17485651,0.1152241
-0.13500884,0.12039668,-0.052844845,0.23854543,-1.1359291,0.1930058,-0.90054893,0.1620371,-0.78443766,0.14994627,-0.44548455
-1.2482547,0.18087861,-1.5388734,0.34964156,-1.2028778,0.30462041,-1.1195679,0.2284522,-1.4330381,0.25466305,-1.0207345
0.9671982,0.51117224,0.98446304,0.38323367,0.49814397,0.4514193,0.39081624,0.381994,1.1179795,0.3573372,0.31755528
-1.1637821,0.12710533,-0.035000283,0.19816442,-0.11027152,0.21953665,-0.07435353,0.18446925,-0.49704826,0.13870105,-0.84936357
0.18709853,0.1206983,-0.6957512,0.23941578,-0.1670649,0.22129174,-0.3885202,0.20421326,0.09563532,0.159572,-0.22955596
-2.2504284,0.13370275,0.4280879,0.24388154,-1.1188257,0.2634917,-2.11409,0.20736457,-1.3807088,0.14400378,-1.3146899
1.1144189,0.35524127,1.1697853,0.5567685,-0.6065216,0.63609004,-0.69719523,0.49507773,0.8765082,0.6738757,-0.32829285
-0.32485023,0.23647669,-0.15214881,0.4094311,-0.67008024,0.17666252,-0.41892156,0.28282973,-0.82354665,0.1892438,-1.110137
1.1422945,0.35595775,1.1697853,0.5567685,-0.42375135,0.41016325,-0.2501916,0.31995824,0.83971226,0.68780845,0.5105547
-0.48002902,0.26145712,0.23278499,0.4748072,-0.1241927,0.18761756,-0.289027,0.3586605,0.09835664,0.32034823,0.08654494
-1.2382993,0.20282012,0.40877357,0.3425064,-0.3942975,0.21671158,-0.64175224,0.26255658,-0.34556255,0.1696232,-0.5848631
1.2260886,0.4573736,0.3198934,0.3522039,1.1070012,0.4462169,1.2051591,0.46863475,1.1086996,0.48311755,0.63938063
0.840462,0.134472,0.94677466,0.24199788,1.1414047,0.21289143,1.111809,0.19448505,1.0265824,0.14591625,0.865112
1.109647,0.13039929,1.0191419,0.22578736,1.6109506,0.2160969,1.1089548,0.22240879,1.4360622,0.15251504,1.6482785
-1.5476441,0.1367915,0.48934776,0.2721848,-1.2090626,0.25752705,-1.1570314,0.19542575,-1.0264305,0.1549524,-0.56215173
1.2740015,0.25608963,1.0842658,0.4352209,1.4033563,0.30231553,1.2847304,0.39226258,1.2329906,0.29636618,1.5410473
1.3290371,0.12881842,0.48620144,0.22578736,1.5126032,0.20196924,1.7610879,0.22240879,1.6894352,0.15054272,1.7188926
0.51401436,0.25608963,1.0842658,0.4352209,-0.34946772,0.30231553,-0.6448432,0.44084185,0.2627243,0.32727668,0.40150598
1.3604534,0.23199603,1.3024883,0.3607753,1.4987087,0.43449232,1.6114253,0.46299163,1.3992738,0.36938298,1.2722981
1.3208325,0.35595775,1.1697853,0.5567685,-0.6708145,0.41016325,-0.081334054,0.31995824,0.83971226,0.68780845,0.79144496
-0.59847564,0.14821644,-1.3915856,0.2789576,-1.0555452,0.18924469,-1.065406,0.18876773,-1.2566488,0.16475695,-0.9782028
0.5599895,0.1299668,0.7462977,0.19816442,0.54678816,0.20654812,0.76204556,0.18446925,0.40403852,0.13755572,0.14709339
-1.2982454,0.11271017,-1.6410723,0.24605513,-0.5568446,0.1736516,-0.9319267,0.15476695,-0.8322819,0.13684407,-0.70472234
0.46973732,0.26748794,0.1380345,0.25413197,-0.16773196,0.32773316,0.73011523,0.3592252,0.5821432,0.21267106,0.009210821
1.3195269,0.20805575,0.17475751,0.3739123,1.6200272,0.16825922,1.1840664,0.27709433,1.4350855,0.1942361,1.1292112
0.8605259,0.134472,0.67120034,0.24199788,0.6980122,0.21260166,0.9264616,0.17403989,0.7680312,0.12977672,0.31981534
-1.7646029,0.16099188,-1.2991952,0.31590858,-1.1820251,0.2298059,-1.4239,0.19432485,-1.2466172,0.18586619,-0.91487193
-1.2748168,0.22541088,0.55960906,0.42171597,-0.61908287,0.18166141,-0.8415683,0.34659758,0.0169813,0.29959714,-0.37419522
0.02555363,0.15006249,-1.7058845,0.2789576,-0.21548179,0.19101869,-0.36946806,0.18876773,-0.62895226,0.16627353,-0.70770246
0.5251941,0.26141453,0.41512224,0.33286983,0.38838148,0.27958515,0.3624567,0.20107074,0.37823817,0.27633595,0.7435902
-0.69501585,0.19494854,0.83120894,0.31601527,0.4509083,0.19594537,0.26886192,0.2455345,0.5240933,0.19395706,0.65882534
1.0876163,0.21355502,0.8385974,0.3456684,0.6245209,0.20545983,0.61644083,0.24939826,0.7987679,0.18210545,0.7885552
-0.33279774,0.122428425,-0.57359225,0.23301464,-0.69404596,0.22668315,-0.31976175,0.19667533,-1.0835451,0.15556528,-0.89680624
-0.31379625,0.1704893,1.0120828,0.6607629,-0.23038863,0.55925864,0.03228224,0.40536833,-0.6273103,0.29505974,-0.6487741
1.0410557,0.13721977,0.7470967,0.2392498,0.69578,0.20998885,1.2060721,0.1852996,0.9414493,0.14406145,0.5952911
-0.28018543,0.11078395,-0.5553815,0.24424958,-0.566133,0.17889829,-0.20517057,0.15475778,-0.3503989,0.1287586,-0.37865043
0.7670042,0.16735582,1.0016432,0.29205847,0.60096115,0.19110732,0.9540423,0.17873995,0.5818594,0.17398131,0.2429278
0.7834459,0.4573736,0.8467092,0.32470283,1.271107,0.38146612,0.60145456,0.49914193,0.8422099,0.38669398,0.7783017
0.12448547,0.1269034,0.3643676,0.23676789,-0.5308772,0.19215769,-0.40126172,0.18250711,-0.5749363,0.13902894,-0.8579184
0.8427915,0.2690323,0.48608205,0.34964156,0.3192046,0.36093396,0.16534613,0.26457682,0.19056696,0.27261844,-0.10321895
1.2503513,0.17677961,1.4779269,0.25440973,1.6988815,0.31969896,1.3692999,0.31976625,1.6793164,0.25454703,2.0376062
-1.9324275,0.13678613,-2.708138,0.24132012,-1.7321122,0.28986472,-1.8716178,0.24747537,-2.070228,0.1784221,-1.7181966
0.49584904,0.23617366,0.9049994,0.32008725,0.48750722,0.44928673,0.64282554,0.46022296,0.9528699,0.365784,1.3017727
-0.116713464,0.12606093,-0.40448156,0.21523696,-0.4656573,0.21146637,-0.02072332,0.18276952,-0.41807473,0.1394264,-0.7255022
-2.1026106,0.1394726,-0.9505525,0.2682508,-0.6308617,0.23890564,-1.4691733,0.1666799,-1.3261955,0.13971725,-1.2760735
0.93112326,0.14425944,0.7841787,0.2648508,0.829258,0.19305749,1.0847822,0.18450797,0.4883936,0.15404037,0.37525696
0.5597838,0.44894844,0.6189699,0.3359819,0.7355378,0.43449232,0.87639123,0.46299163,0.8297469,0.41208923,0.791372
-0.24484201,0.13621905,-1.2505059,0.27811614,-0.71071976,0.16646975,-0.2882146,0.1464676,-0.880881,0.14531533,-1.0125368
0.621404,0.1541695,-0.91167027,0.2158439,1.2012026,0.22158994,1.2449713,0.24345458,0.9866867,0.16705652,0.78239167
1.0871874,0.16194156,1.0887964,0.2860417,1.0784869,0.17826904,1.3184963,0.20848858,1.25724,0.1745842,1.4791653
-1.342564,0.1307461,-0.27455285,0.25413197,-0.60196537,0.24567655,-0.51161414,0.24806653,-0.4605952,0.18337375,-0.28104094
0.81042045,0.2689985,1.1634085,0.64384705,-0.2508071,0.41016325,0.063401,0.31995824,0.8950701,0.5665032,0.23014048
-0.8708252,0.15819135,-0.40774828,0.30459777,-0.9023218,0.23853002,-0.4566937,0.21614192,-1.2144719,0.19251639,-1.0583463
0.9789454,0.25091657,0.8435606,0.28007093,-0.47798738,0.31641835,-0.8840471,0.2561789,-0.14319246,0.23367862,0.21482593
0.7704234,0.12872885,0.59363526,0.22917284,0.8841243,0.20712142,1.0371029,0.19268803,0.7620049,0.13703135,0.32152447
-0.0127112875,0.12979907,-0.25246423,0.2511619,-0.9507952,0.20584631,-0.65122986,0.1898681,-0.4655639,0.14925638,-0.11258103
-1.9866946,0.13658588,-2.9163232,0.22045697,-1.8145936,0.2402186,-1.6711781,0.24804844,-1.9880867,0.21963575,-1.5788519
1.53826,0.14874098,1.0011827,0.24153912,2.2284043,0.21885781,1.8786513,0.2235853,1.9171271,0.15627189,2.4354944
1.1255239,0.4803429,0.7925599,0.5181415,1.1011667,0.29585695,1.4224628,0.36699727,1.2091354,0.38193086,1.3107438
0.0014243961,0.13932726,-0.17859334,0.2338228,-0.8901751,0.1842981,-0.540381,0.18159285,-0.34972128,0.15551193,-0.110134244
-0.14877148,0.113656804,0.05366681,0.2647393,-0.5398768,0.17763044,-0.4891931,0.1594376,-0.11745359,0.1415114,-0.40589765
0.28989318,0.5116558,0.0552621,0.33110604,0.73591626,0.4690234,0.8772063,0.3668957,0.5620083,0.38243693,0.7849666
-0.11904331,0.12534086,-0.16374148,0.23612024,-0.010254648,0.2571215,0.09485511,0.22076765,-0.100547984,0.14632048,-0.4294591
1.2793641,0.29143694,1.3186691,0.46613282,1.2633493,0.43079874,0.6950226,0.4788751,1.7141396,0.28242752,1.1351969
-1.3869096,0.12458382,-1.706922,0.23301464,-0.5561623,0.23080178,-1.4258554,0.19667533,-0.75126225,0.1633882,-1.052306
-1.0495661,0.12219915,-0.32610896,0.24429454,-0.8494856,0.19002901,-0.8366383,0.15759236,-1.1858165,0.14657417,-1.0330448
-1.3663995,0.11064115,0.25057727,0.22801979,-0.25563592,0.19463488,-0.6525175,0.17134829,-0.5154893,0.13981214,-0.48267478
0.123737596,0.15823525,0.11544286,0.28206983,-0.86141926,0.21896727,-0.8546559,0.1797653,-0.6831384,0.15574247,-0.23791143
-1.7538095,0.14000747,0.14846969,0.27938786,-1.2037127,0.26170602,-1.5962365,0.19836766,-1.3036606,0.17345686,-0.52986896
-1.1853139,0.12269756,-0.66665876,0.26761767,-1.2096143,0.23403303,-1.0753126,0.2005972,-1.3751335,0.17443056,-1.3074936
1.1003377,0.23278354,1.0916525,0.32360187,1.2764448,0.42360643,1.154883,0.41238505,0.99384594,0.3640521,1.317765
0.63975906,0.29618332,1.1139632,0.56331897,-0.2508071,0.41016325,0.063401,0.31995824,0.33377996,0.5093187,0.23890986
0.91602445,0.13830614,0.7779999,0.25246668,0.041717578,0.18508308,-0.115504146,0.20547673,0.5512521,0.14605822,0.8518955
0.9261671,0.23647669,0.76792455,0.4094311,0.6115038,0.17910731,1.2400097,0.30505288,0.5744267,0.1958726,0.44922298
-1.4707394,0.23538262,-0.7688952,0.45390606,-1.1583939,0.33154643,-1.136425,0.41624996,-0.79513127,0.29175824,0.49690866
0.5799751,0.13923343,-0.30729973,0.26359117,0.32353634,0.22979002,0.25067917,0.20793675,-0.29738742,0.17145269,-0.33669963
-0.8651452,0.13873501,0.29927924,0.24932286,-0.7962135,0.2452512,-0.43553331,0.22990508,-0.46141034,0.16824913,-0.9052578
1.4960401,0.17545755,0.63888437,0.2789576,1.4667279,0.20748004,1.469573,0.21286894,1.6202044,0.17337133,1.8400655
-1.1104501,0.23376355,-0.5869547,0.38143334,-0.84919196,0.2604384,-0.8060413,0.37869307,-1.3917689,0.2840455,-1.07501
0.19584814,0.24518134,1.3849273,0.38434094,-0.25950697,0.265136,0.24753034,0.20304108,0.517325,0.26003575,0.29455924
1.0299507,0.20278569,1.0442064,0.30065387,1.3203404,0.33271196,1.0808891,0.2923629,1.3136364,0.23856477,1.4024943
-2.2704937,0.14498432,-0.027152836,0.28244427,-1.7836671,0.24819313,-2.3938131,0.20463283,-1.3440237,0.18112703,-1.2890809
-1.4513222,0.1308989,-1.8680805,0.25422665,-1.6079998,0.20443936,-1.1179245,0.16278411,-1.5432812,0.15082543,-1.3889925
-0.34262928,0.12632416,0.08560439,0.21954472,-0.62477833,0.17445217,-0.51076424,0.16077276,-0.33954912,0.14421633,-0.6571345
1.1672126,0.15440159,1.2534562,0.2435471,1.1872633,0.23802008,1.4286051,0.24613336,1.4101123,0.16568011,0.7848245
0.15445574,0.12585403,-0.26004344,0.21594997,-0.36640704,0.21065964,-0.15442242,0.19865248,-0.85787153,0.16249524,-0.5115499
0.04861623,0.13332419,0.02105276,0.24132012,-0.53814197,0.24949399,-0.1253131,0.23313683,-0.41182974,0.16621318,-0.8380505
-0.81373626,0.19728291,0.3211149,0.3425064,0.4167364,0.2385787,0.0681256,0.3076686,-0.28046277,0.18320484,-0.39492875
0.9542174,0.11767118,0.4954992,0.22578736,0.5328842,0.20196924,0.7789381,0.22240879,0.43636718,0.14743213,0.071097754
-0.29161918,0.15219863,-0.23279147,0.25285798,-1.6105516,0.21250284,-1.0699131,0.21092117,-0.84645194,0.19777319,-0.74437946
1.3189852,0.12321743,0.40235013,0.21109025,1.256182,0.20949604,1.2668262,0.22154431,1.3683505,0.15332817,1.4618177
-0.8627693,0.1234497,-2.265187,0.23301464,-0.6806638,0.21708046,-0.65980124,0.1829966,-0.67173886,0.15325983,-0.85709274
1.1245726,0.12855598,0.7709618,0.23612024,0.22719766,0.25567582,0.49254522,0.22076765,0.5220858,0.15649788,0.68766713
0.53695345,0.11090981,0.806563,0.21172263,0.5228307,0.20146316,0.64781797,0.19655472,0.5592092,0.14412153,0.11852031
-1.6258657,0.20788588,-0.18045095,0.3425064,-0.94356704,0.2385787,-1.256036,0.3076686,-0.50605565,0.18320484,-1.0095327
0.2909029,0.10352767,0.45826912,0.2336128,-0.13918307,0.21680266,0.4483162,0.20693156,-0.043917593,0.14274734,-0.23571177
-1.6494523,0.12051003,0.0674439,0.24234171,-0.7291278,0.20673972,-0.8580694,0.18345642,-0.8035545,0.14815256,-0.94036055
0.30230024,0.11956792,-0.7137882,0.20948239,-0.206859,0.21247675,-0.10931101,0.18998824,-0.20343326,0.15007006,-0.386171
-0.78702646,0.26145712,-0.17433962,0.4748072,-0.38056445,0.18761756,-0.29812157,0.36023185,-0.7254733,0.2727648,-0.9939234
0.3918286,0.103448436,0.8431453,0.22972222,0.5737731,0.220827,0.4816397,0.20847191,0.50896144,0.13979256,0.09338632
0.06248131,0.5116558,0.45692313,0.33110604,0.99100983,0.4690234,0.8772063,0.3668957,0.30939966,0.37316763,0.44861266
1.0192844,0.12209979,0.28780404,0.21109025,1.0000478,0.20949604,0.9471606,0.22154431,1.0056862,0.15332817,0.64138883
1.5166632,0.5161649,0.98916954,0.73339057,-0.99323344,0.6155359,-0.9203545,0.56339204,-0.7891338,0.72381175,-0.43061766
1.5895116,0.13884543,1.5339053,0.20702998,1.6620932,0.22158994,2.0056632,0.22154431,1.8666229,0.15653361,2.1708155
0.88573766,0.1627975,0.7776626,0.27811614,0.4923318,0.18167102,0.41782546,0.16682342,0.45884958,0.17402153,1.0817685
1.129039,0.21504265,0.75526196,0.3992306,-1.5448892,0.5464176,-1.1177317,0.45297053,0.006693363,0.39214045,0.045520242
-0.8404656,0.13510673,-1.0318215,0.24132012,-2.0891633,0.25746518,-1.2382071,0.22069009,-1.0241411,0.16809346,-1.3276441
-0.7690743,0.12792437,-0.9224745,0.23612024,-0.75504726,0.23903692,-0.9042678,0.2011126,-0.56053185,0.15288208,-0.9795261
-0.08343233,0.14424907,0.3261559,0.28377882,-0.39618003,0.18891516,-0.6498762,0.16580907,-0.22178611,0.14790414,0.17179796
0.5908386,0.10756628,0.02403157,0.23852235,0.219012,0.2053161,0.44640628,0.17759877,0.12966259,0.13569781,-0.0042337053
1.3727292,0.23157935,1.3176423,0.3082949,0.7787894,0.26231998,1.1245918,0.24948621,1.3133174,0.23463063,0.8314085
0.47495434,0.29143694,1.1684964,0.27373832,1.1769364,0.31969896,0.78371775,0.3598965,0.79096514,0.25454703,0.52320856
-0.28092006,0.12915424,0.7763095,0.25444612,0.5536332,0.24355073,-1.0930085,0.1872466,0.26095372,0.15925135,0.95394725
0.9080894,0.72723913,1.0492982,0.32860956,0.6971099,0.4826855,0.54862916,0.49073493,1.2052299,0.49933192,1.325617
0.40244168,0.22362015,0.9890079,0.29725292,0.066229604,0.29376698,-0.27267346,0.23837593,0.7537695,0.21367605,0.18073393
0.39124256,0.21355502,-1.2008213,0.3456684,-0.1144574,0.20545983,-0.44326603,0.2718975,0.3350143,0.1975755,-0.25872675
-0.105222486,0.120813064,-0.2801754,0.23854543,-0.77697915,0.18691882,-0.7340086,0.16063948,-0.33882597,0.14829123,-0.77343816
1.0109241,0.1256334,0.990436,0.2049565,1.1221455,0.2099702,0.6365551,0.18834147,1.0752803,0.15712368,0.8173371
1.1842924,0.16397658,1.125497,0.20011306,1.0240501,0.24319237,1.0783627,0.263451,1.1912202,0.1851779,0.84691733
-0.021141458,0.11987451,-0.24188198,0.21501607,-1.3769852,0.20779988,-0.9501671,0.16431469,-0.925904,0.14810605,-0.91611737
0.54990923,0.117766775,0.13441195,0.23301464,-0.26531586,0.17868695,-0.16983543,0.15899704,0.03777892,0.14139992,-0.08777549
-0.4767388,0.8374029,1.2059952825,0.6430732674999999,-0.9991317,0.6196901,-1.1412866,0.5617317,-0.9388641,0.7531846,-0.22572772
1.628328,0.20974664,1.4570047,0.29855192,2.0518756,0.25178042,1.6127082,0.23586744,1.9061242,0.20777772,2.1672318
-1.4973059,0.20880984,-0.9880589,0.3739123,-0.8840264,0.17390372,-1.7357168,0.3117465,-1.1834708,0.2124291,-0.87193704
-0.7633572,0.1046801,-0.6599934,0.22801979,-1.148323,0.16547851,-0.6591401,0.17023218,-0.92052805,0.12911013,-0.763889
1.0172734,0.49184886,1.3034606,0.3629172,1.2794707,0.43521574,0.8552868,0.30570865,0.8104313,0.40628618,1.2513132
-0.7645772,0.20835699,0.05973074,0.34964156,-0.19542174,0.36093396,-0.16081473,0.26457682,-0.6167267,0.26339966,-0.07434198
-0.8864531,0.2144461,0.85495335,0.3456684,0.4166568,0.22248708,-0.05380195,0.3327563,0.4239721,0.2214034,0.7247273
0.95587265,0.17688876,0.51751924,0.27811614,1.1520607,0.19769508,1.2201277,0.1784948,0.8772581,0.18234341,0.89904
-0.917965,0.13348514,-1.6870791,0.26757622,-1.1277322,0.19181876,-1.0598943,0.15712017,-1.4856328,0.14950773,-1.2219388
-0.98582894,0.16894016,-2.1605022,0.22619511,-0.4744155,0.32137072,0.09911534,0.33613655,-0.50721157,0.2572651,-0.45867077
0.39096195,0.29128316,0.713235,0.5952037,0.6188226,0.33154643,0.75122994,0.41624996,1.0349035,0.3097026,0.8615376
-0.65664476,0.16965276,1.1159679,0.29303238,0.46512684,0.24522744,0.646622,0.22913094,0.51106745,0.19848981,0.65753853
-1.1400981,0.13226137,0.6856085,0.22715022,1.3706003,0.21947493,0.97758174,0.19588219,0.83439666,0.15943022,1.1029372
-0.054776963,0.16667452,-0.093183674,0.30092695,-0.87797785,0.18351471,-0.48953506,0.22274236,-0.6776363,0.18388763,-0.47913665
-0.057545617,0.12486513,-0.4160764,0.2479616,-0.17367342,0.24426106,0.24731989,0.19791552,-0.23070082,0.14354596,-0.05625963
0.2519395,0.15695845,0.14875117,0.30092695,0.17433669,0.18366073,0.5829958,0.22274236,0.2790297,0.18378417,0.1140228
0.07864884,0.16499291,-1.1621016,0.29205847,-0.58689827,0.1892828,0.11422575,0.19016927,-0.5886569,0.18557575,-0.15485454
0.82983637,0.19692916,0.62344253,0.3739123,0.58460945,0.17360486,0.8402432,0.3117465,0.56177086,0.20743336,1.1249963
-0.76086503,0.12544051,-0.39387482,0.21616668,-1.0349419,0.1727511,-0.8784931,0.17295398,-1.2330492,0.1678811,-0.92613196
0.2627887,0.14071979,0.047549605,0.6418249,0.15707673,0.5468194,-0.5490788,0.33717284,-0.21269017,0.26339516,-0.38375098
-1.4623755,0.23538262,0.037518527,0.45390606,-0.6506178,0.33154643,-0.18935966,0.36769044,-0.7154511,0.26267537,-0.04510779
-0.7457311,0.11958851,-1.2296702,0.2392498,-1.0925268,0.20728236,-1.4439381,0.19724673,-1.570481,0.14946666,-1.0830775
-1.3477129,0.2144461,0.3190049,0.3456684,-0.42235664,0.21352148,-0.6105856,0.29643995,-0.40272138,0.2060122,-0.491154
-0.7967616,0.14448643,-1.7544158,0.28685582,-0.9407142,0.16587788,-1.2928177,0.17383102,-1.439663,0.16690668,-1.3833729
-0.2101761,0.2012208,-0.70721555,0.31940094,-1.0002897,0.24470529,-1.1494594,0.20193885,-0.50909394,0.25492612,-0.56969243
-0.59728396,0.13621905,-1.4172248,0.27811614,-0.57507795,0.16646975,-0.26843238,0.1464676,-0.5421479,0.14531533,-0.83364856
-0.23571646,0.15006249,0.34800398,0.2789576,1.0657715,0.19101869,0.46117556,0.18876773,0.45894027,0.16627353,0.32318705
-1.2261319,0.15914896,-1.2258456,0.31601527,-1.0443908,0.19964284,-1.232779,0.2311553,-0.9593044,0.19734798,-0.7179091
-0.20577027,0.12795445,-0.3482373,0.2245375,-0.4843542,0.22724211,-0.043219082,0.2107373,-0.18131812,0.15427727,-0.5293831
0.2038059,0.12430638,0.37847477,0.21594997,0.12872985,0.2240282,0.23308672,0.205262,-0.39507928,0.1529709,-0.458257
0.042223975,0.11997708,-0.8520707,0.24429454,-0.5746117,0.20819451,-0.98601824,0.19036621,-0.83232635,0.15028174,-0.40219373
0.7325891,0.4574085,0.27414897,0.57573354,0.9025494,0.30231553,1.0095239,0.44084185,1.2090218,0.3946289,0.8833664
1.0743899,0.23278354,1.2874693,0.32360187,-0.35626948,0.3913516,-0.6539871,0.28342262,0.32872552,0.26629254,-0.2191704
1.2846497,0.20952292,1.2638816,0.26799193,1.2472856,0.31313497,1.4021314,0.3422932,1.3097883,0.22790733,1.095236
0.024640525,0.1582131,-0.069100976,0.28685582,-0.4569396,0.1935998,0.00037559096,0.19553475,-0.49090806,0.17177851,-0.48067206
-0.63734996,0.15234569,-1.2443324,0.2701239,-0.91158706,0.17719337,-1.0996017,0.16209094,-1.2585139,0.16052963,-1.0307462
0.9039066,0.14337021,0.004954324,0.21078306,1.3364115,0.24756005,1.4517409,0.23154943,1.4166565,0.16270767,1.046862
0.52432394,0.11182946,0.046884775,0.21109025,-0.14744627,0.20194699,0.41706127,0.19711788,0.39040878,0.13821138,-0.20244713
-1.3933985,0.15109599,-0.47615105,0.22159612,-0.50700015,0.22489034,-0.24116158,0.26638183,-0.2996079,0.18903072,-0.18760172
1.3692,0.15987015,0.9288749,0.2564487,1.8182826,0.22385348,1.6842159,0.232354,1.7438874,0.17337562,2.0008729
-0.28874427,0.263636,1.1526989,0.32848206,1.1213676,0.35759354,1.7429645,0.3749268,0.8424168,0.1906896,0.8006829
0.89144325,0.14874098,-0.2081243,0.24153912,0.6149996,0.21885781,0.8349215,0.2235853,0.6468443,0.15627189,0.062898904
0.61471057,0.29169068,0.9146635,0.4748072,0.6449225,0.18761756,0.54713184,0.38636038,0.4255572,0.38886514,0.8698972
-1.0056763,0.15759625,-1.93562,0.27388433,-0.59837586,0.32124862,0.19940028,0.3551629,-0.4367179,0.21178235,-0.45329878
0.90378124,0.35760242,1.189666,0.3692243,1.2872018,0.3070519,1.3591608,0.21363607,0.8474384,0.365848,1.2696631
-1.180776,0.17510895,-1.255858,0.36495757,-1.3569728,0.20988217,-1.0934825,0.24407941,-1.7139094,0.22584677,-1.5061754
-0.089245625,0.1401542,0.38394076,0.30069813,-0.37606466,0.2005957,-0.6381679,0.1634164,-0.27024084,0.14338864,0.15614621
-0.011261515,0.11324734,-1.0567915,0.24130794,-0.26358637,0.21152513,-0.34698895,0.1938275,-0.6737826,0.14961343,-0.63908607
0.8495941,0.1640519,0.98958546,0.22351009,0.57382566,0.28728303,0.11937487,0.24529602,0.18560301,0.19526207,1.1694503
0.7885829,0.1896593,1.1166542,0.31915247,0.37111983,0.21030688,0.30382395,0.27154264,1.0000807,0.19732851,0.32871702
-1.257354,0.13253736,-0.048636407,0.24028644,-0.7397375,0.17674188,-0.37771636,0.20044813,-0.6494868,0.14465447,-0.70601195
0.41531482,0.1472495,0.16208135,0.21511243,-0.33837506,0.27887136,-0.6313915,0.25483668,-0.15827492,0.2087764,-0.309649
-0.6879129,0.15776297,0.768758,0.28685582,0.6795953,0.199826,0.792539,0.20112824,0.43326232,0.1829787,1.0394773
0.5056038,0.15709883,0.06303886,0.24750973,-0.60082376,0.31603986,-0.5487864,0.254592,-0.83639336,0.19012992,-0.16567196
0.06411846,0.124616966,0.17282592,0.2392498,-0.72761774,0.20998885,-0.40971726,0.1852996,-0.7463599,0.14237703,-0.82017493
-1.6175687,0.2144461,0.1102291,0.3456684,-0.21908574,0.22248708,-0.28582713,0.3327563,0.046700627,0.2214034,-0.2635091
-0.28711253,0.1200451,-0.10403968,0.19638619,-1.2528002,0.17493246,-0.822832,0.17141207,-0.93559396,0.14056142,-0.9481212
-0.7058243,0.12639521,-1.7885139,0.21464805,0.051177416,0.21587119,0.057467476,0.1946711,-0.3007383,0.16448124,-0.18309486
-0.16156669,0.2144461,0.11192034,0.3456684,-0.46990013,0.22248708,-0.32258213,0.3327563,-0.83223414,0.2214034,-0.39038154
0.4867936,0.14614336,0.72824985,0.2511619,0.727294,0.28392044,0.036895283,0.30604583,0.27914518,0.1799003,1.4202433
1.0729126199999999,0.50440664,0.69983304,0.28873286,0.28252247,0.4462169,0.10936389,0.46863475,1.3519256,0.48311755,1.2378654
0.31350195,0.14796592,0.23408926,0.23855036,-0.972367,0.27165845,-0.7949497,0.2243484,-1.1229216,0.18312947,-0.4827471
0.84945804,0.13824469,0.48726836,0.19573942,0.9544197,0.22104461,1.1667453,0.20020793,0.8708288,0.14382619,0.41017154
-0.28450796,0.10847342,-1.7221621,0.23150824,-0.89917177,0.16547851,-0.51934034,0.17856143,-0.7471004,0.13342895,-0.7920358
-0.88359386,0.12266287,-0.9982621,0.23852235,-0.6013797,0.21260166,-0.31161818,0.16799621,-0.7472642,0.12586974,-1.0743768
0.13981558,0.20805575,1.1156473,0.3739123,1.9930471,0.16825922,2.1772258,0.27709433,1.2393452,0.1942361,2.1074338
1.327752,0.17545755,-0.23303983,0.2789576,1.7398156,0.20748004,1.5598347,0.21286894,1.4183044,0.17413892,1.810702
-0.1504983,0.1306902,-0.928917,0.2336128,0.070326045,0.22982477,0.07646289,0.19325127,-0.64197487,0.15834388,-0.50851977
-0.070553936,0.16051933,-0.2587607,0.27811614,-0.5205997,0.18167102,-0.39235392,0.16682342,-0.6857493,0.1680518,-0.71066326
0.42377976,0.22541088,0.74721646,0.42171597,-0.37873036,0.18166141,-0.1737298,0.34659758,0.20141037,0.29959714,0.11175848
0.24904397,0.35524127,0.62958956,0.5567685,-0.5472829,0.41016325,-0.5155392,0.31995824,0.8765082,0.6738757,0.08921932
0.27027178,0.12970765,0.71638435,0.19816442,-0.41080233,0.19712383,-0.3499608,0.16403754,-0.37139916,0.14498554,-0.48445868
-1.0568799,0.2268599,0.056266963,0.3425064,0.55193377,0.2385787,0.7483029,0.3076686,0.28027964,0.18671964,0.36048093
0.37352118,0.14004682,0.17921545,0.2511619,-0.7642076,0.2954739,-0.76587915,0.244487,-1.1686075,0.1722953,-0.31860694
-0.033270795,0.16609375,-0.7666906,0.28284657,0.033012386,0.18574029,0.01587849,0.18099567,0.103039585,0.17537819,-0.2091184
1.3171307,0.22661167,1.3384721,0.35001713,1.7852799,0.4514193,1.3985884,0.381994,1.4205035,0.33228204,1.1751877
-2.1541355,0.14093548,-0.01283655,0.23305322,-1.0454831,0.2972434,-1.9812379,0.24922182,-1.452797,0.1635975,-1.3623788
1.181058,0.12549542,0.63325626,0.22715022,1.1685413,0.21947493,1.5896288,0.19588219,1.274344,0.1432447,1.5582756
-0.6103393,0.16279727,1.0851938,0.25491926,0.8911888,0.24763866,1.149036,0.3112029,0.8428678,0.19438341,0.85447735
0.7232652,0.14538026,-1.323102,0.24130794,1.3251334,0.22878669,1.1712624,0.23062365,0.8375634,0.15620565,0.88493115
0.5713489,0.11232881,0.013475911,0.23933095,-0.09421551,0.20592012,0.24661987,0.18679623,0.056414437,0.14461374,0.04380636
-0.06622326,0.14074792,-0.2047561,0.30383134,-0.4636862,0.19898254,-0.67007697,0.16200608,-0.24636732,0.15187441,0.06186684
0.58222586,0.124031216,0.7100897,0.21260111,0.22937478,0.1901517,0.0026233394,0.22381419,0.4786182,0.18681554,0.3098529
-0.110541515,0.11642128,-1.6048857,0.2392498,0.12084061,0.20749466,-0.12692703,0.19724673,-0.4630917,0.15275612,-0.7780052
0.34080306,0.4573736,0.6764035,0.3936894,0.74828076,0.38146612,0.8407761,0.49914193,0.8422099,0.38669398,0.7783017
-1.4616265,0.110695414,-1.1403724,0.22801979,-1.5117081,0.19731022,-1.5000429,0.18083546,-1.2434503,0.14001763,-1.0060563
-0.03882805,0.13867036,-0.7546774,0.26071763,-0.7168908,0.21763995,-0.52720606,0.16917278,-0.8106006,0.15588145,-1.0335747
0.11473237,0.13619006,-0.30842876,0.22159612,-0.72003186,0.18005739,-0.44366926,0.17646863,-0.17832069,0.1567874,0.041506175
-1.2982287,0.12321622,-1.4981874,0.20298342,-0.65959907,0.16785435,-1.0364573,0.1615781,-0.5109846,0.14279547,-0.4535273
1.5077839,0.18749085,1.4752575,0.2860417,1.9625927,0.1895976,1.5902439,0.22681955,1.8424683,0.18152973,2.2003975
-1.5781635,0.20880984,-2.0619173,0.3739123,-0.85994,0.17390372,-1.4153451,0.3117465,-1.6304693,0.2124291,-1.1677018
-1.0655742,0.19557221,-0.4941845,0.33050954,-1.189266,0.30001497,-0.8500862,0.23772918,-1.2263747,0.2589964,-1.127326
-0.15034078,0.203211,0.6679417,0.24857453,0.6238059,0.40717226,-0.004540864,0.33137885,0.31096405,0.34786704,0.47165674
-1.0917648,0.13432384,-0.5673024,0.2764136,-0.7986402,0.2215306,-0.35043588,0.17057896,-1.382914,0.1472878,-1.2322395
-1.4340441,0.14851758,0.16061921,0.25444612,-1.0818447,0.22212683,-0.4563137,0.20878306,-0.8036235,0.15314971,-0.4701847
0.20251095,0.12756729,0.20999889,0.26144174,-0.7919317,0.19861189,-0.42413795,0.16177738,-0.31948364,0.15820448,-0.53726476
1.0164036,0.16309798,1.0441006,0.2860417,0.9219973,0.17829293,1.112618,0.19772603,0.85982513,0.16005893,0.35805792
-1.091863,0.1291885,0.0832766,0.2511619,0.3084489,0.20522304,0.012688398,0.18522133,0.10799029,0.15020138,0.5538349
-1.0223308,0.11014083,-1.2593676,0.2435471,-0.3881262,0.22696695,-1.1048007,0.20470612,-0.8167934,0.15590669,-0.55214727
-0.66222745,0.14840585,-1.6355883,0.29205847,-0.9219694,0.19068696,-1.23016,0.19016927,-1.5125101,0.1841471,-1.4176538
0.46780294,0.20221563,0.4549587,0.31338027,0.17748535,0.2030091,0.48479375,0.23431627,0.57901806,0.1623705,-0.23017447
-1.3336123,0.117451064,-2.374828,0.24028644,-1.2295257,0.20516355,-0.73860395,0.19548175,-1.1865622,0.1515021,-1.256177
0.82306075,0.23078617,0.39220855,0.32360187,0.23848799,0.31493315,0.23942605,0.26014924,0.1575193,0.25717312,0.404831
1.2762988,0.26624933,1.4806013,0.52371454,1.4494146,0.4541232,1.1189897,0.4895278,1.7331436,0.25856623,1.2213858
1.2117212,0.24762747,0.87454826,0.5809537,-0.23110172,0.979276,-0.59961224,0.8757225,0.2797347,0.7029067,-0.47781643
-0.4049813,0.10904167,-1.6903534,0.22801979,-0.2996458,0.20675986,-0.080781765,0.19767688,-0.73164564,0.14987598,-0.9242819
1.5869114,0.17956722,1.5440874,0.28206983,1.7779404,0.33523294,1.525235,0.35225838,1.6167195,0.22990608,1.8391172
-0.08178736,0.11210506,0.3576156,0.24429454,-0.54992926,0.18672736,-0.6368883,0.15759236,-0.6091735,0.14057694,-0.5128773
-0.15036881,0.12681057,1.4957587,0.2049565,2.1976738,0.2099702,2.177773,0.20282501,1.8154541,0.16983627,2.0830243
0.41971126,0.21355502,-0.25705916,0.3456684,-0.036878657,0.20545983,0.2409807,0.2718975,0.027259612,0.1975755,-0.38195014
0.013836443,0.11956884,-0.86737585,0.21112111,-0.5954346,0.1727511,-0.43746188,0.16484247,-0.43945533,0.15874024,-0.14582713
-1.332126,0.14110649,-1.0253946,0.28377882,-1.1228287,0.21977699,-1.0642465,0.16362542,-1.2724657,0.13995667,-1.2217692
0.5210824,0.1288848,0.6237471,0.24842845,0.50591856,0.22137138,0.44289255,0.17536815,0.10939598,0.13453309,0.027720679
0.6194238,0.1879306,0.34592798,0.30092695,-0.028121203,0.19517744,0.5204874,0.2455345,-0.08833684,0.19338198,-0.33523083
-1.8753995,0.14063385,-0.09238015,0.23855036,-1.1685668,0.26247606,-1.6356616,0.25580332,-1.4145095,0.19067527,-1.5225152
0.503726,0.3388224,0.7369265,0.42519823,-0.12727551,0.41016325,0.49760616,0.31995824,0.83959645,0.34772584,0.79144496
0.6397095,0.14106691,1.0062895,0.24528623,1.8253874,0.21904555,1.9403456,0.22564568,1.573567,0.15714653,1.7325896
-1.889918,0.20880984,-1.258802,0.3739123,-1.2075937,0.17390372,-1.6779481,0.3117465,-1.580614,0.2124291,-1.5007668
0.92817926,0.48089012000000003,0.80790305,0.274313,0.4850817,0.4471436,0.16866584,0.4601504,1.3397975,0.49949622,1.2154403
-0.93164605,0.124573745,-0.34597918,0.2602186,-0.9808561,0.18668035,-0.6166338,0.19413623,-1.2382246,0.15566066,-1.2603855
-0.31936252,0.11666796,-1.8777099,0.20779568,-1.094463,0.16599363,-0.9317137,0.16288146,-1.0260618,0.1540963,-1.0219066
-1.3042176,0.12669165,-2.1508543,0.21053849,-1.6021738,0.17402399,-1.3368725,0.17101169,-1.5906874,0.15299144,-1.2912588
-0.08846377,0.20880984,-0.45672074,0.3739123,-0.28693387,0.17390372,-0.28905973,0.3117465,-0.3766646,0.2124291,-0.3160631
-0.30973455,0.119328864,-0.90755934,0.20779568,-0.70334554,0.16599363,-0.41295624,0.16288146,-0.64856243,0.1540963,-0.53295034
-0.79672927,0.12602238,-0.8046199,0.21112111,-0.99030614,0.21148911,-0.8745364,0.18891458,-0.8877711,0.1736202,-0.62057006
-0.015470694,0.12606093,-0.14527088,0.21523696,-0.22813845,0.22540472,-0.20464079,0.19859307,0.020149693,0.16027418,-0.32940695
-1.4201734,0.1355757,0.5877947,0.24132012,-0.1734825,0.280948,-1.5129094,0.23744051,-0.27822974,0.17797373,-0.13097103
-1.2969049,0.13067381,-0.70726156,0.25367594,-0.7983806,0.22439805,-0.8691372,0.18034442,-1.0092499,0.16214646,-0.782866
-1.4310778,0.14033826,-1.0345384,0.27378613,-0.93001646,0.21970807,-1.0102698,0.15643184,-1.2128958,0.13689221,-1.2972035
0.6483472,0.11921279,-0.14150399,0.2049565,0.13285339,0.1829056,0.13006006,0.19741161,0.06383582,0.16469169,0.044075
-0.16557072,0.16754602,-1.0382195,0.33732522,-0.57116723,0.21392776,-0.16174163,0.2340023,-0.576304,0.17914602,-0.82605845
-1.387891,0.12777083,-2.0030763,0.29207346,-1.643811,0.21753685,-1.282334,0.16726787,-1.5736765,0.18198566,-1.2611942
-0.4302182,0.124901235,-1.2657636,0.2246238,-0.7322139,0.1801341,-0.7103902,0.17414446,-0.6898423,0.1577437,-0.66551244
-0.004132373,0.124900065,0.031896144,0.20764013,-0.7123427,0.17095272,-0.8449423,0.16420713,-0.31620082,0.1477053,-0.77316546
-0.8636067,0.13646302,0.29329142,0.22680736,-0.9614423,0.22020933,-0.53235173,0.24427122,-0.4148065,0.16317044,-0.66625226
-1.7808595,0.16101325,-1.4555167,0.30459777,-1.1949434,0.24534872,-1.5811901,0.20416856,-1.3368098,0.1738467,-1.068812
-0.71537316,0.15448609,-0.70945597,0.32501134,-1.0642761,0.22989151,-1.1974739,0.18082845,-1.406033,0.1907743,-1.2003961
1.5025542,0.11089416,0.9151729,0.2336128,1.7666821,0.22790752,1.7525834,0.23154943,1.7393476,0.16004433,2.035642
-1.4637625,0.11078395,-0.94532853,0.24424958,-1.4196767,0.17889829,-1.8921492,0.15475778,-1.7939494,0.1287586,-1.4256265
0.5409183,0.12253922,0.27719662,0.2049565,-0.04023087,0.20091909,0.5754962,0.18834147,0.4747536,0.1543672,-0.15244797
1.3774525,0.18749085,1.2608024,0.2860417,1.9151108,0.1895976,1.2541806,0.22681955,1.3449357,0.18152973,1.4578016
-1.7809349,0.13255724,-2.7708304,0.24445687,-2.315261,0.23060274,-1.6761497,0.1986763,-1.7822386,0.1735456,-1.6983577
0.43757036,0.11182946,0.8028065,0.21109025,0.54725885,0.20194699,0.49912056,0.19711788,0.3243681,0.13821138,0.07226071
-0.19811034,0.12193327,-0.15992646,0.21159795,-1.1896185,0.17184019,-0.938941,0.16454728,-0.7904486,0.16117898,-0.8180061
-0.49112388,0.15487094,-0.13132472,0.30158466,-0.66086453,0.21143316,-0.410212,0.18290865,-0.5394451,0.18250036,-0.8841731
-0.7978363,0.23704337,1.3694347,0.34535113,0.22480115,0.33016694,1.1962434,0.27312675,0.37086123,0.30824858,0.394489
0.503726,0.3388224,0.17308465,0.42519823,0.6633267,0.41016325,0.52172863,0.31995824,0.5358748,0.34772584,0.79144496
-1.5392438,0.110491924,-0.93199605,0.2528543,-1.2564371,0.16247751,-1.9344218,0.15882581,-1.7516854,0.13950948,-1.3729488
0.63122845,0.19324394,0.25122383,0.3425064,0.22887328,0.21671158,0.60503584,0.26255658,-0.18765861,0.16791776,-0.31952804
-1.6201193,0.1199901,-0.943675,0.23303711,-1.4801866,0.22652775,-1.8346574,0.21718705,-1.3567754,0.16117728,-1.0697917
1.1500251,0.23855369,0.26406476,0.31868052,0.5936081,0.34490043,1.0227038,0.3532304,0.5374328,0.2968326,0.4078756
0.5689857,0.12727605,-0.3134247,0.24130794,-0.15749611,0.21151571,0.07702741,0.1938275,-0.28804478,0.14763974,0.0034373682
0.56969017,0.1533516,0.0036307336,0.28685582,0.07574086,0.19920202,0.7078438,0.18653642,-0.118167765,0.16168033,0.06820406
1.0053508,0.23203492,0.90969837,0.33175614,0.56742024,0.3556936,0.9056497,0.26576024,0.7408662,0.2913506,0.6898227
0.55050194,0.16551727,0.46071696,0.24781153,-0.48897314,0.36265606,-0.4151836,0.28375217,-0.778173,0.18690363,-0.30492017
-1.0429165,0.12362479,-0.07426174,0.23851493,-0.9357142,0.21157877,-0.9413526,0.21257286,-0.7384718,0.1682612,-0.87525284
-0.05332458,0.12075306,-0.8193629,0.2392498,0.32711208,0.20726547,0.32930505,0.19718495,-0.035805915,0.15483929,0.11251862
1.0654078,0.23421001,1.1318408,0.33175614,-0.032044575,0.34284398,0.38434544,0.29631475,1.1836373,0.34449643,-0.10415745
-1.3089079,0.10971728,-1.5642713,0.22198433,-0.45027354,0.18150719,-1.0500382,0.17118365,-0.67731786,0.13038693,-0.60858685
-1.7980773,0.14162557,-2.4189656,0.24964677,-2.3356144,0.19855483,-1.794992,0.19753988,-1.969444,0.21324518,-1.7397786
-0.95009303,0.14221439,0.024227452,0.27811614,0.3521841,0.18629672,-0.04358773,0.16682342,-0.036268614,0.17262934,-0.0780683
0.8554399,0.20282012,0.42878547,0.3425064,0.09863251,0.21452433,0.71443206,0.24029171,0.21840253,0.15782131,0.3702623
0.58804107,0.103448436,0.53186214,0.22972222,-0.25735134,0.220827,0.36042395,0.20847191,0.39217412,0.13979256,-0.07491962
-1.0446602,0.15914896,-1.6345651,0.31601527,-0.6142073,0.19964284,-0.5749516,0.2311553,-0.6367332,0.19941022,-0.928755
-1.2312411,0.17769152,-0.31487086,0.3160013,-1.3854287,0.20706353,-0.8643777,0.18936358,-1.1026917,0.22188996,-0.9439944
-1.1951467,0.13523129,-0.52732223,0.27938786,-1.4971657,0.19805793,-0.91953963,0.16574705,-0.9487499,0.1666115,-1.0496068
-1.0147935,0.13916786,-1.8515515,0.33175614,-1.4642103,0.2336017,-1.2703791,0.17924297,-1.5449038,0.20068148,-1.2191423
1.0784835,0.12714154,0.677918,0.23150824,0.45628685,0.21411037,0.74727374,0.22248602,0.5638456,0.160926,0.5775527
-0.6342345,0.18051895,-1.523378,0.33286983,-1.2517322,0.22597177,-1.3377755,0.161595,-1.1284667,0.19547008,-0.95718044
1.1982042,0.120665416,1.118587,0.21172263,1.3259728,0.20896402,0.9067912,0.22006781,1.129574,0.15968367,0.854095
0.08310676,0.51117224,0.479435,0.33214673,1.0129983,0.4514193,1.0274317,0.32958916,0.45768598,0.28137094,0.4317768
-1.3747122,0.1277958,-0.022347357,0.19638619,-0.050733976,0.20302111,-0.60205823,0.18599665,-0.36053863,0.15239738,-0.43809295
0.2717645,0.15690604,0.029186578,0.29205847,-0.29609886,0.19068696,-0.2809452,0.19016927,0.007860686,0.18465526,-0.3114268
-0.20723525,0.20880984,-0.23450384,0.3739123,-0.11993377,0.17390372,-0.34381837,0.3117465,-0.23357825,0.2124291,-0.33994955
-1.6993695,0.12328757,-0.15804823,0.2682508,-0.95927787,0.22911777,-1.0729318,0.17228301,-1.049798,0.15319063,-1.2488425
-0.84358215,0.11214435,-2.6770036,0.22198433,-0.7780083,0.19764295,-0.7222335,0.17015378,-0.88342017,0.13861421,-1.0687922
-1.7713151,0.12875153,-2.5229173,0.2493356,-1.4160327,0.18797116,-1.3165486,0.16286352,-1.3014159,0.1469147,-1.2046255
-0.3096434,0.120813064,-0.11384686,0.23854543,-0.7173264,0.18691882,-0.5947659,0.16063948,-0.46354416,0.14829123,-0.66231996
0.34080306,0.4573736,0.6764035,0.3936894,0.74828076,0.38146612,0.8407761,0.49914193,0.8422099,0.38669398,0.7783017
0.45906228,0.14235906,0.17216983,0.25367594,-0.75872993,0.2950048,-0.7867496,0.24504794,-0.9981981,0.1839895,-0.052512504
1.1030186,0.12857246,0.6430726,0.22578736,1.5168372,0.2160969,1.2603886,0.22240879,1.5492939,0.15172005,1.3059926
-2.0011306,0.17473146,0.07271339,0.30333257,-1.5648504,0.22653352,-1.7890732,0.17554033,-1.6114235,0.17656006,-1.3477623
1.5472012,0.17823844,1.3998989,0.2648508,1.5664548,0.20283304,1.6748697,0.21566325,1.6867744,0.17608823,1.8730795
-1.9070141,0.17104934,-0.63938683,0.33064833,-1.0434121,0.2230826,-1.5910269,0.20987812,-0.9335834,0.25424823,-0.14811967
-1.2460357,0.12207312,-0.3602144,0.28083846,-0.23974566,0.22845228,-0.6916584,0.16904351,-0.5796426,0.16498888,0.0070677684
-2.1855178,0.13663791,-0.60587925,0.23305322,-1.7303915,0.18681775,-2.1780062,0.17696173,-1.6136059,0.15727939,-1.3012061
-0.4710795,0.1206983,-0.9528603,0.23941578,-0.5019084,0.19690268,-0.2564314,0.16302972,-0.6337327,0.14432985,-0.37189263
1.0934191,0.16186124,0.7039262,0.2789576,0.9080391,0.1944671,1.2255069,0.18063407,0.8830178,0.15379746,0.98284686
-1.1177778,0.121708244,-0.55738443,0.22715022,0.06528988,0.21947493,-0.46409547,0.19588219,-0.75292087,0.1432447,-0.8021635
-1.1953987,0.17232381,-0.78889537,0.33050954,-0.7627859,0.26527497,-0.9701465,0.2104939,-1.1540662,0.2419649,-0.88890135
0.028650641,0.24075487,0.47394106,0.4362975,0.3014974,0.29585695,0.14991577,0.33802933,0.006907965,0.281025,0.61087626
0.5503211,0.124564715,0.62835157,0.22127773,0.25986174,0.19808295,-0.103185646,0.21444687,0.29859108,0.17348357,0.2907499
0.062333763,0.12682705,-0.28237942,0.2508663,-0.20037515,0.22213736,0.28397256,0.17381778,-0.44292647,0.13725586,-0.70179415
1.1943235,0.37306467,1.0707449,0.6193249,-0.6065216,0.63609004,-0.69719523,0.49507773,0.77651703,0.7389316,-0.32829285
0.9311831,0.12994204,0.6625712,0.21078306,1.4062123,0.23350912,1.0995256,0.20693156,1.1266658,0.15993327,0.7598601
0.5787652,0.11041776,0.21534654,0.2392498,0.2874968,0.20321772,0.59566635,0.19724673,0.0002555814,0.14780022,0.19767249
-0.22377479,0.14236209,-1.0385023,0.35369718,-0.32451996,0.32089016,-0.04048393,0.22906348,-0.526742,0.14608887,-0.65335715
1.2861651,0.263636,1.3312646,0.4686722,1.2127978,0.4691487,0.94414586,0.48747215,1.7314056,0.20215808,1.030997
-1.0034943,0.13015565,1.2232851,0.24153912,0.9611492,0.21040754,0.6828198,0.19395985,0.90235245,0.15154727,1.5586782
0.24002372,0.1275496,0.15767218,0.23612024,-0.25121173,0.24949399,0.036738392,0.21355523,-0.16146806,0.15619504,-0.7305489
-0.5907056,0.16555783,0.483919,0.30158466,0.42603573,0.21243529,0.6214698,0.19521338,0.59370875,0.203761,0.3741708
1.0582964,0.11053851,0.4284313,0.22972222,0.39357445,0.23261674,0.50307333,0.23348199,0.23566091,0.15461487,0.5352624
-0.18106987,0.20805575,0.57122016,0.3739123,0.5362827,0.16825922,0.7846446,0.27709433,0.521091,0.1942361,0.38306454
-0.77435887,0.12934014,-0.7469677,0.22137748,-0.80802065,0.17510186,-0.7789389,0.17657226,-0.7342889,0.16657037,-0.7365878
0.043372232,0.13519461,-0.059554223,0.2511619,-0.07089214,0.26882127,0.43787983,0.24997829,-0.01262544,0.1571417,-0.01882487
1.013062,0.20221563,0.8083564,0.31338027,0.5870379,0.2030091,0.7366416,0.23431627,0.8610445,0.1623705,0.631435
0.07751121,0.16186124,1.092956,0.2789576,1.9674023,0.1950475,1.7622799,0.19378558,1.6380965,0.16935514,2.3011458
-1.4327528,0.14871335,-0.48871684,0.23028909,-0.5065141,0.24258393,-0.25251657,0.29972708,-0.36417848,0.22674613,-0.20366922
0.42599374,0.23036577,0.9622564,0.40737543,-0.08236047,1.0647703,0.109119214,1.0777562,-0.7478548,0.89449894,-0.46743548
0.46164596,0.1200451,-0.10680796,0.19638619,-0.3115489,0.17493246,-0.047670737,0.17141207,0.06367226,0.14056142,-0.19491854
-1.1647047,0.118156366,-0.9597494,0.23301464,-1.2672877,0.17954683,-1.4686134,0.15899704,-1.2920709,0.14266409,-1.2732804
-1.2946193,0.15201451,-2.2595289,0.28687263,-1.344844,0.18500769,-0.9553941,0.14942698,-1.5393677,0.15985498,-1.2497872
-0.12976031,0.20805575,-1.2587459,0.3739123,-0.076127216,0.16825922,0.10357858,0.27709433,-0.13879478,0.1942361,-0.14807352
1.2260886,0.4573736,0.25832072,0.44383255,0.976895,0.4826855,0.95557684,0.49073493,0.69535357,0.49933192,0.6809428
-0.5518068,0.16735582,-1.1155812,0.29205847,-0.8415304,0.19184636,-1.0447491,0.19016927,-1.1519439,0.18934047,-1.5417205
-0.40035427,0.16499291,-0.74935156,0.29205847,-1.0055517,0.1892828,-0.7613024,0.19016927,-1.0523398,0.18557575,-1.4368389
0.50811017,0.17022066,1.1909122,0.25766206,1.910808,0.1969793,1.9356897,0.20937869,1.5396277,0.16704017,1.8571669
-1.5246997,0.23647669,-0.13135226,0.4094311,-0.9584045,0.17910731,-1.4376296,0.3397293,-1.2832178,0.22846387,-1.2643694
-0.71238357,0.15602651,-0.4605537,0.3240828,-1.1047091,0.2492623,-1.1352906,0.18407309,-1.3253726,0.20011319,-1.2049457
1.5475568,0.18660334,1.0530767,0.28284657,1.9238257,0.19735359,1.524609,0.19807447,1.6970565,0.18001331,1.931292
0.64687026,0.18022986,0.19007199,0.28506348,-0.31374568,0.30600595,-0.38210383,0.25877398,-0.13309167,0.19363584,-0.30295625
0.8544181,0.3388224,0.7881848,0.42519823,1.0586277,0.41016325,0.90768874,0.31995824,1.1433179,0.34772584,0.83826005
1.5068794,0.1753199,0.82872504,0.2701239,1.8819398,0.19196367,1.5657498,0.17273308,1.6501472,0.16972405,1.8697007
1.1574767,0.25972143,1.0873256,0.38143334,1.2642483,0.2604384,1.0121639,0.37869307,1.2585611,0.3051176,1.2953742
-1.8933308,0.14608051,-3.2805173,0.29207346,-2.3039203,0.2452488,-2.5477257,0.20254774,-2.590877,0.240538,-1.8487344
-1.4428777,0.25608963,-2.2975323,0.4352209,-1.6014849,0.30231553,-1.5751711,0.39226258,-1.3787856,0.29636618,-0.68174976
-0.95203906,0.12803465,-0.1793484,0.24932286,-1.3916867,0.18604405,-0.8872666,0.15222521,-0.93558013,0.1404571,-0.9674231
0.8289153,0.13613917,0.56193054,0.2626911,0.42576548,0.22891286,0.9548273,0.19742419,0.7158048,0.1577559,0.33847442
0.73251885,0.29402512,0.7646385,0.5567685,-0.2508071,0.41016325,0.063401,0.31995824,0.9111313,0.5911467,0.26294544
-0.9044718,0.118542336,-0.35371083,0.2382643,-1.294748,0.17348301,-0.94092596,0.18045378,-0.9841865,0.13980289,-1.0346917
1.3041941,0.35524127,1.1697853,0.5567685,-0.6708145,0.41016325,-0.081334054,0.31995824,0.8765082,0.6738757,0.79144496
0.15047441,0.12631214,-0.63688844,0.24576741,0.051777285,0.18244012,0.34668544,0.18980598,-0.47254628,0.14868975,-0.3251252
-0.26044014,0.12064717,-0.5296703,0.23612024,-1.0280601,0.20676185,-0.7951076,0.17046897,-0.8607031,0.14371811,-0.9901079
1.1450877,0.17503576,1.2779199,0.21239938,1.1999454,0.29622597,0.33540133,0.2953842,1.0803725,0.19817737,1.1334563
-0.41474524,0.12623139,-0.08660754,0.20298342,-0.8199116,0.20941544,-0.4009626,0.18273391,-0.7437852,0.15123998,-0.8823646
-1.2869459,0.12759787,-2.1679213,0.20558971,-1.5656155,0.18477972,-1.3734497,0.18042377,-1.4627606,0.1517405,-1.3207707
-0.64158165,0.20880984,-0.62619036,0.3739123,-0.6878501,0.17390372,-0.44214535,0.3117465,-0.18623818,0.2124291,-0.7027624
-1.3350902,0.13044947,-0.9745526,0.21596204,-1.4523386,0.17508794,-1.2011975,0.1732176,-1.200348,0.15071036,-1.3536464
-0.35729948,0.1306176,-0.53886724,0.22273397,-0.60680056,0.23615377,-0.35133585,0.19632143,-0.91613907,0.14593767,-0.93416244
-1.1120406,0.12922662,-2.3534071,0.20011306,-1.5175226,0.21240781,-2.0977874,0.23122269,-1.3894625,0.17105411,-1.5210012
1.3253165,0.4952117,1.3269006,0.47850424,-0.99323344,0.6155359,-0.9203545,0.56339204,-0.7891338,0.72381175,-0.43061766
-0.6779226,0.13678613,0.25093132,0.24132012,-0.16396356,0.2571215,0.28708676,0.24261394,0.3277609,0.1715429,-0.06882709
1.2749873,0.18749085,0.43822607,0.2860417,1.7861204,0.1895976,1.3290322,0.22681955,1.2289315,0.18152973,1.3168252
0.18072945,0.12714292,0.37051564,0.21523696,0.11051341,0.22700182,0.26645914,0.20553055,-0.3956193,0.14526273,-0.5241451
0.34080306,0.4573736,0.6764035,0.3936894,0.74828076,0.38146612,0.8407761,0.49914193,0.8422099,0.38669398,0.7783017
-1.0447046,0.15487094,-0.9481004,0.30158466,-0.92997235,0.21143316,-0.6019584,0.18290865,-0.88464475,0.18250036,-1.046232
0.33621162,0.2303408,0.89451444,0.28274652,-0.38651618,0.2998626,-0.64501405,0.23076813,-0.023023434,0.21211337,-0.2987952
0.29838607,0.15515685,0.18604712,0.23981237,-0.8149733,0.20827106,-0.8774886,0.20353585,-0.70995,0.17564851,0.18001163
-0.9678585,0.15629734,1.108799,0.23851493,1.3118092,0.2499247,0.6325719,0.25848365,0.6090035,0.18372783,0.79834867
-1.1545275,0.15882955,-1.8032627,0.30158466,-1.1236327,0.21243529,-0.7517933,0.19521338,-1.3585205,0.20047423,-1.0138448
-0.2619393,0.1138159,0.08237928,0.26761767,-0.57340413,0.20448713,-0.50822085,0.16325101,-0.166309,0.15385519,-0.5160065
0.5532867,0.12793717,0.6699048,0.1922474,0.5911237,0.2051001,0.74794626,0.19016229,0.5092871,0.13721125,0.15683402
-0.012902796,0.13110632,-0.23646516,0.2259923,-0.8363294,0.18021552,-0.44945294,0.17870018,-0.17006023,0.17460473,-0.03279774
0.2260747,0.25608963,0.8562746,0.4352209,-0.09906432,0.30231553,0.04190049,0.39226258,0.34351805,0.29636618,0.66379756
-1.7591743,0.1780921,-2.70559,0.31146678,-2.132419,0.21628824,-2.2069252,0.1617393,-2.2194524,0.23136209,-1.6831121
1.0347899,0.1427277,0.3759197,0.19816442,0.51959944,0.21306385,0.72464854,0.21766974,0.31116655,0.15806863,0.05497352
-1.1177796,0.11974331,-0.47505012,0.2382643,-1.1582584,0.17395556,-1.3532003,0.18045378,-1.1211239,0.14099704,-1.1765734
0.1124851,0.12574346,-0.77270764,0.21172263,-0.11419618,0.20132686,0.2697949,0.19072802,-0.34792483,0.15524174,-0.40564454
-0.019804806,0.11642128,-1.1980658,0.2392498,-0.3082803,0.19784546,-0.38859168,0.1924756,-0.6989899,0.15234007,-0.6305092
0.5775518,0.14242595,-0.3638177,0.2647393,0.28276062,0.22324003,0.21849564,0.19990744,-0.4016662,0.17001872,-0.3219547
1.2260886,0.4573736,0.31685826,0.3209215,1.0581315,0.43363854,1.235446,0.48657343,1.0954645,0.5122708,0.63505226
0.68024755,0.12793717,0.1085688,0.1922474,1.0397865,0.22111979,1.134037,0.20621328,1.0060991,0.16025124,0.51229376
0.34997314,0.2303408,0.99924016,0.28274652,0.023713708,0.2998626,-0.35545772,0.23076813,0.7379927,0.21461862,0.14126638
-1.0567025,0.1537496,-1.0598111,0.29303238,-0.93040115,0.21841438,-0.6210191,0.18550014,-0.9005185,0.1686325,-1.1808318
-1.2619934,0.1246924,-0.43191114,0.25246668,-0.3698009,0.2134097,-0.14756392,0.26021582,-0.49282867,0.16340628,-0.22833925
1.4672983,0.21355502,1.4733878,0.3456684,1.9498571,0.20545983,1.7613876,0.2718975,1.952075,0.1975755,2.1996617
-0.11025949,0.12761487,0.18551536,0.2528543,-0.6595515,0.16247751,-0.25074384,0.15882581,-0.44840908,0.143747,-0.18252756
1.0155132,0.1287576,0.42736018,0.21109025,0.93916774,0.20521727,1.3071642,0.19711788,0.966234,0.1473796,0.98797166
1.0065997,0.20564908,0.62633073,0.24802686,0.263139,0.43363854,0.7187521,0.36286247,0.4915361,0.326323,0.49970636
1.1074711,0.14003593,0.8062744,0.1922474,0.9838597,0.21110147,0.74593335,0.22809975,1.1195201,0.16193755,0.90968204
1.143347,0.15380959,1.0639367,0.24424958,1.1894346,0.2325471,1.3343263,0.24778122,1.2785801,0.15734848,0.758896
0.13881452,0.12083386,-0.44136617,0.23834883,0.616264,0.20670232,0.725805,0.1632793,0.00495237,0.1293736,0.46392515
-1.2920257,0.11825726,-0.50689644,0.2930076,-0.27619398,0.20208028,-0.3357416,0.16847572,-0.50422186,0.15175189,0.10843896
0.94240636,0.15109599,0.8678104,0.22159612,0.19493103,0.21295047,-0.14456631,0.22847138,0.5933744,0.17344746,0.95178246
0.54846317,0.49184886,1.1048,0.3629172,0.7623445,0.43521574,0.8552868,0.30570865,0.8104313,0.40628618,1.2513132
0.119141504,0.122428425,-0.1064181,0.23301464,-0.5149141,0.22668315,-0.021172982,0.19667533,-0.8479737,0.15556528,-0.51704824
-0.72920114,0.12362479,-0.9195643,0.23851493,-0.9364749,0.18492113,-0.7277518,0.16862413,-0.57241803,0.1521074,-0.7255581
0.76851934,0.25159094,1.6677005,0.27579004,1.2901518,0.36265606,1.0620552,0.37910423,0.7760256,0.20687006,0.49976686
-1.4091021,0.11166245,-2.196742,0.24932286,-1.7218511,0.18604405,-1.5480831,0.15222521,-1.6271499,0.13848679,-1.4578867
1.1853256,0.14538026,-0.38308546,0.24130794,0.9120801,0.22878669,1.25489,0.23062365,1.1837481,0.15620565,1.178772
-0.990814,0.1308047,-2.8010838,0.22803602,-1.3599223,0.23296672,-1.3553728,0.19338712,-1.5775956,0.16614223,-1.5217257
1.4135543,0.18660334,0.5778592,0.28284657,1.3568213,0.19735359,1.5018779,0.19807447,1.6375847,0.18001331,1.8757614
0.51476485,0.10889698,0.02609324,0.2435471,-0.1054858,0.1766003,0.05354846,0.15072504,-0.03329335,0.13193719,0.014280469
0.34252322,0.13341919,0.40366668,0.2611152,-0.59889007,0.18164021,-0.39853144,0.16057438,-0.6543142,0.13984701,-0.6272683
-1.7492156,0.12647477,-2.6832392,0.24469157,-2.054953,0.2181665,-1.8171983,0.18846948,-2.2729776,0.16146751,-1.7780528
1.2596524,0.11053851,1.0216892,0.22972222,1.0154713,0.23261674,0.8345712,0.23348199,1.1772116,0.15461487,0.74762964
-0.58556193,0.123072684,-1.8853785,0.30065387,-0.71789044,0.24988061,-0.5800345,0.21210526,-0.5888038,0.19692925,-0.7915344
-0.1649585,0.1254191,-0.7401229,0.2626911,-0.86479807,0.22541942,-0.5834755,0.21206912,-0.9645143,0.16757,-1.2110357
1.664896,0.14022812,1.2000744,0.2049565,1.8618835,0.21868967,1.6948496,0.22718398,2.025864,0.17360005,2.191554
0.35563198,0.11135699,0.578861,0.22715022,0.20231107,0.20844239,0.5434153,0.19588219,-0.014007625,0.14070374,-0.15797761
1.100433,0.31489637,0.26463172,0.61303073,1.157666,0.18761756,1.2664398,0.38636038,0.9606344,0.4255134,0.421651
-0.19984066,0.12548123,0.25643414,0.24132012,-0.754498,0.20761931,-0.7437194,0.17994444,-0.37609977,0.15066206,-0.40204322
0.9598776,0.1300464,0.9011371,0.21109025,1.1190071,0.21271284,0.6521559,0.19711788,1.051103,0.14054534,0.8658192
-0.77708143,0.10889698,-2.2111232,0.2435471,-1.1694369,0.1766003,-0.7434771,0.15072504,-1.1588362,0.13193719,-1.0515085
-1.3139728,0.12296456,-1.5938989,0.22282338,-1.6182091,0.18691882,-1.4997779,0.16895868,-1.7982512,0.15701534,-1.5398656
-0.40415084,0.13539644,-0.88243794,0.2169023,-0.9242288,0.23216546,-0.5149616,0.17745626,-1.0070277,0.14350307,-1.1364996
0.47642836,0.13314769,0.60846364,0.25533524,0.5862673,0.22666708,0.4894833,0.18585266,0.080469035,0.14318618,0.023101466
-1.1899313,0.12154979,-1.4966457,0.20298342,-0.65871036,0.1943749,-0.7750737,0.18710598,-0.5860682,0.16077444,-0.57813
0.5541727,0.120300755,0.18431222,0.23612024,-0.16558655,0.19453998,-0.117155604,0.16885518,-0.05207159,0.13945939,-0.10502931
0.14990285,0.12785561,-0.8067013,0.22972222,0.4055133,0.23380077,-0.11424778,0.20236664,-0.03197243,0.15411021,-0.2708093
0.106134444,0.13025552,-0.26625377,0.23941578,-0.20914836,0.25719294,-0.7027853,0.22056375,-0.33932257,0.16649021,-0.5733934
-0.44748163,0.11673671,-1.5839711,0.25432348,-0.8919425,0.21150663,-0.7617077,0.16374268,-0.9590668,0.14299074,-0.6956827
0.4621931,0.1289715,-1.1097074,0.24130794,-0.012702087,0.19893873,-0.41364324,0.17414303,0.09585046,0.14269234,-0.33909798
0.89955336,0.2041186,0.95355517,0.27849552,0.3100751,0.37311688,0.2689088,0.26516113,0.47529837,0.26491264,0.79501903
0.91377217,0.16275461,0.8767195,0.23941578,0.46180066,0.3270899,0.06414188,0.2559248,0.10224446,0.18229683,1.1814457
-1.7783126,0.12585855,-2.2590423,0.2246238,-2.2388535,0.19636041,-2.1757772,0.20242175,-2.2578888,0.17196956,-1.6945571
-0.70690876,0.13924769,-0.15469919,0.278447,-1.7217214,0.22304957,-1.1760669,0.2101519,-1.1375246,0.21774253,-1.0362797
0.2126286,0.12489743,0.18411078,0.19638619,-0.0024019226,0.23414184,0.18143417,0.197847,-0.09455542,0.14298648,-0.24708949
-0.53560287,0.15216674,-1.1931518,0.28284657,-0.49525762,0.18574029,-0.14895876,0.17146616,-0.95766824,0.16310096,-0.7830917
-1.403754,0.20880984,-0.34795988,0.3739123,-0.8048082,0.17390372,-1.0727384,0.3117465,-0.54615605,0.2124291,-0.88117623
-0.14163822,0.11389762,-0.2398089,0.29207346,-1.1626558,0.21753685,-0.9773615,0.16726787,-0.9445338,0.17886376,-0.9788747
0.065474994,0.12039625,0.4711348,0.22198433,-0.63291216,0.19740029,-0.21640706,0.15803197,-0.36721265,0.14125563,-0.5350958
-0.07418738,0.12912053,-0.6367402,0.21078306,-0.31216228,0.23206347,-0.23072378,0.20693156,-0.7997135,0.1581142,-1.0016289
1.019995,0.1542939,0.5518821,0.20011306,1.1357818,0.24319237,1.0940993,0.23222175,1.0749131,0.18204032,1.0711428
-0.23608962,0.14570586,-1.042147,0.34571326,-0.4393212,0.31354618,-0.15174706,0.22637258,-0.51936054,0.15750334,-0.6181536
1.5359653,0.20221563,1.501069,0.31338027,1.8965489,0.2030091,1.7106436,0.23431627,1.8087335,0.16282354,2.3211775
1.1881479,0.48089012000000003,1.1813573,0.3101205,0.4850817,0.4471436,0.16866584,0.4601504,1.3397975,0.49949622,1.2154403
1.3111584,0.20805575,0.88749945,0.3739123,1.2518574,0.16825922,1.0487764,0.27709433,1.4836833,0.1942361,1.2474092
0.4043909,0.2554385,1.3633597,0.33064833,0.35288814,0.37623262,0.11129825,0.298771,0.8665658,0.3162387,0.19586764
-1.2316382,0.25608963,-0.9707559,0.4352209,-1.100678,0.30231553,-1.1175196,0.44084185,-0.63481617,0.32727668,0.5166421
-0.7583868,0.25404254,1.1807197,0.45390606,0.87271065,0.33154643,0.9871868,0.41624996,0.25367838,0.29175824,-0.23386309
-0.31539658,0.1179038,-0.777285,0.22578736,-0.6631384,0.20712142,-0.5856124,0.18233849,-0.84464157,0.13236544,-1.1762618
-1.430073,0.21250087,-0.92298204,0.39620548,-1.1507535,0.28207695,-1.2032698,0.35689184,-1.3484983,0.25405762,-0.9438868
-1.0762467,0.11439596,-0.38932255,0.23303711,-0.99092954,0.21320057,-0.99043757,0.19338772,-1.3047769,0.14717911,-1.3024014
-1.8262655,0.15559721,0.1687904,0.31767115,-1.2744166,0.31869173,-1.5049284,0.25252083,-1.0935627,0.20516306,-1.3626261
-0.063116975,0.1308965,0.14178972,0.21260111,-0.8006174,0.21042317,-0.21988642,0.22381419,-0.67625374,0.18290585,-0.7428903
-1.7028512,0.16457507,0.0024243242,0.31601527,-0.3378448,0.1841526,-0.07331435,0.22274236,-0.017828591,0.1860604,0.18222167
-1.3627415,0.12809183,-1.3023647,0.22137748,-1.5205606,0.17510186,-1.1712742,0.17657226,-1.3995352,0.16657037,-1.484633
1.1320505,0.25230768,1.3850018,0.55681705,-1.3487201,0.5340173,-1.2219626,0.3620615,0.33556205,0.5718169,-0.68970156
1.026438,0.23855478,0.85335773,0.29725292,0.9882047,0.33029532,0.3219607,0.2902066,0.96363336,0.21659337,0.95663136
-1.5992292,0.21517998,-0.035038944,0.37775585,-1.0613234,0.26633173,-1.6467704,0.31450662,-1.3358922,0.18635869,-1.2123749
-1.2333966,0.12867168,-0.6259964,0.2626911,-0.80085224,0.20195682,-0.46650898,0.17730665,-0.8800204,0.14959066,-1.1290737
0.11770542,0.15376818,0.04079097,0.28685582,-0.35640842,0.16587788,-0.3802562,0.17383102,-0.12628742,0.16814788,-0.27952844
-1.7535119,0.14278321,0.54136205,0.21596204,-0.50429195,0.22381605,-0.82591057,0.19578548,-0.81099457,0.16301441,-0.9148316
-0.22019304,0.10889898,-0.28060225,0.24067757,-0.49777213,0.17889829,-0.24533433,0.1504622,-0.45604575,0.1272627,-0.5037292
-0.9647809,0.13862652,-0.62935865,0.27811614,-0.393203,0.18629672,-0.45302626,0.16682342,-0.0012232348,0.17262934,-0.5394995
1.6280985,0.13990946,1.4011402,0.22917284,1.8168349,0.2160969,1.6197923,0.24202509,1.7960864,0.15978019,2.124835
-0.38583338,0.11129253,-1.6648123,0.22198433,-0.23166238,0.21108222,-0.13720554,0.20055795,-0.700235,0.1502324,-0.8656907
-1.5944123,0.117389865,-1.2873793,0.2493356,-1.050576,0.23932886,-1.4279406,0.20776868,-1.0783141,0.15447041,-1.2316812
1.0535877,0.2690323,0.67248636,0.34964156,0.8338309,0.36093396,0.9268841,0.27609518,0.80443156,0.33518457,0.8541201
1.551707,0.1459511,1.100293,0.24199788,2.100861,0.21432865,1.8986311,0.23215929,1.9197913,0.14643833,2.392884
-0.85762966,0.13259844,-0.0068530277,0.26359117,-0.1707383,0.2063751,0.30093986,0.16611162,-0.33775136,0.14482026,-0.71241236
1.425745,0.18749085,1.5423682,0.2860417,1.9370418,0.1895976,1.7338266,0.22681955,1.9182134,0.18152973,2.0590146
-0.29221782,0.13085441,-0.0149540305,0.2626911,-0.83372235,0.2122523,-0.28388822,0.18101527,-0.50661296,0.14998454,-0.6607645
-1.4236839,0.13142921,-0.35114947,0.25413197,-0.7869425,0.20465669,-0.8029255,0.1798044,-0.93067265,0.16453907,-0.8592048
0.83706427,0.2293393,1.3024883,0.3607753,-0.78353214,0.299674,-1.4049455,0.21127343,0.121154495,0.2084372,0.11543122
0.28081018,0.16861068,0.4108312,0.39288157,-0.69837314,0.23274095,-0.578485,0.25527817,-0.26400432,0.23807059,-0.7245975
1.3794421,0.1443307,0.8509887,0.21078306,1.5129282,0.24756005,1.8387281,0.23154943,1.6742905,0.16319346,1.7374942
-0.029964076,0.17167045,0.44974628,0.31940094,-0.6590761,0.19443041,-0.6415286,0.15787081,-0.53401977,0.17342253,-0.87132627
-0.38608098,0.89341265,1.144099,0.7234809,0.91746306,0.5668243,0.5574002,0.8915332,1.1233267,0.6334707,0.56185174
-1.2093947,0.15513583,0.494239,0.2930076,-0.93327206,0.20953117,-0.66049135,0.1868145,-0.69753605,0.15839685,-0.36772943
-2.2164085,0.13090314,0.2490955,0.25012425,-1.1259354,0.2549162,-2.1322856,0.20864667,-1.361538,0.14875142,-1.2853618
-1.5076108,0.13016635,-2.105781,0.2200157,-1.5396292,0.1746957,-1.4654626,0.16858426,-1.7949618,0.15366702,-1.5005608
0.96545154,0.13551727,0.8745452,0.20172459,0.76579505,0.20654812,0.7844595,0.19542336,0.48914683,0.14235924,0.13830076
0.12421751,0.13922586,-0.0577443,0.23575321,0.20202145,0.24207734,0.33629942,0.23475873,-0.089833975,0.17249821,-0.055764098
1.2051101,0.3388224,0.4293764,0.42519823,1.1574531,0.41016325,1.1971589,0.31995824,1.0673876,0.34772584,0.9787051
-1.6886628,0.19728291,-0.29428682,0.3425064,-1.0750341,0.2385787,-1.7660292,0.3076686,-0.9977995,0.18320484,-0.8549472
1.0395002,0.35595775,1.1697853,0.5567685,0.35288814,0.37623262,0.11129825,0.298771,0.83971226,0.68780845,0.19586764
1.0773636,0.19692916,0.7530514,0.3739123,0.4684307,0.17137578,0.5518193,0.28813973,0.6181769,0.19960786,0.69614244
1.0826037,0.18660334,1.0271201,0.28284657,1.1569724,0.19735359,1.0699657,0.19807447,1.1639901,0.18001331,1.1698737
-0.32455269,0.13016005,-0.22747532,0.2856165,-0.8322723,0.2091432,-0.553186,0.1689458,-0.6015723,0.17851126,-0.84892255
1.4756511,0.17545755,1.0896492,0.2789576,1.8433198,0.20748004,1.5141028,0.21286894,1.8166643,0.17337133,2.0266244
0.6015216,0.141463,-0.067905,0.273783,0.06746571,0.192341,0.31315655,0.20237081,-0.15525296,0.1694046,-0.36358455
-0.9475579,0.13770981,-0.8224017,0.28685582,-0.267651,0.19550036,-0.56948185,0.19553475,0.013317895,0.17636809,-0.58350575
-0.7898122,0.2144461,-0.7404434,0.3456684,-0.42485085,0.21352148,-0.8423446,0.29643995,-0.7743101,0.2060122,-0.5048021
-1.0326391,0.23538262,0.02275865,0.45390606,-1.1583939,0.33154643,-1.136425,0.41624996,-1.1684276,0.29175824,-0.9620915
0.17449017,0.1383638,-0.14891978,0.25367594,0.0061326395,0.2758168,0.4306208,0.26477528,-0.059087977,0.16375582,-0.01954632
-1.6091735,0.13346116,-0.6174657,0.21802896,0.13977794,0.23886482,0.263433,0.22656763,0.23630872,0.16405627,0.2650871
1.5427259,0.14327,1.0941705,0.23933095,1.9624219,0.2187689,1.6562406,0.23553073,1.9303088,0.15479517,2.2197258
-0.94987416,0.116779685,-2.4327052,0.24429454,-0.48045263,0.19863816,-0.53726375,0.18606657,-0.88754463,0.15320334,-0.81887335
0.490897,0.120300755,1.0261422,0.23612024,0.19955435,0.22175786,0.5399527,0.21355523,0.40607253,0.15436317,0.62927955
1.0951687,0.2620384,1.0618038,0.6064732,-0.58316034,0.67146385,-1.0811335,0.4337103,0.5558187,0.62091964,-0.047846243
0.8171039,0.20476349,1.0189325,0.24802686,-0.121551275,0.3225586,0.071182676,0.2627158,0.6536438,0.26694113,0.58447945
-2.2027779,0.12278775,-0.6808847,0.2930076,-1.3954874,0.20363916,-2.2066646,0.16847572,-1.314686,0.15458821,-0.47342184
0.93545306,0.14111525,1.0821362,0.2577881,0.85069734,0.22244744,1.0783275,0.19522421,0.527956,0.15184641,0.31219915
0.091823734,0.13825624,-0.73411846,0.273783,-0.29242945,0.19994594,-0.61358386,0.20883578,-0.56446725,0.16458836,-0.5830949
-0.8661082,0.141732,0.14954281,0.20011306,-0.6063918,0.21902213,-0.6931326,0.263451,-0.47297922,0.17581838,-0.67763567
1.4319912,0.110376775,0.75599605,0.2336128,1.3311464,0.22790752,1.631536,0.23154943,1.6085248,0.16004433,1.8132318
-0.37244633,0.27541855,1.0120828,0.6607629,-0.34027025,0.8815659,0.03779898,0.40651804,-0.8216791,0.35788018,-0.526772
-0.63404214,0.15610716,-0.07370138,0.28284657,0.16534986,0.1864186,0.19087262,0.18147802,0.32461476,0.17670041,0.33316877
0.15434754,0.12877242,-0.5459081,0.21109025,0.1769048,0.2092669,-0.009807486,0.19097318,-0.29469207,0.15348104,-0.27632967
-0.33555454,0.12242096,0.14624335,0.22021282,-0.6718009,0.17755811,-0.49986243,0.16463237,-0.32129472,0.15076412,-0.54503626
1.4291029,0.23261067,1.3771054,0.38143334,1.8443078,0.23420878,1.3003967,0.2952889,1.6596606,0.23828685,1.9142379
-0.0063004894,0.12763944,-0.08927769,0.21523696,-0.29102418,0.21425478,-0.87098753,0.19859307,-0.64766955,0.15261081,-0.60775954
-0.2701759,0.20221563,-1.9952006,0.31338027,-0.36605403,0.2030091,-0.2603999,0.23431627,-0.69661087,0.1623705,-0.90869445
-1.700447,0.47640857,0.4409788,0.5865168,-0.7647284,0.29585695,-1.2327087,0.36699727,-1.5688809,0.6210206,-0.22204024
-0.103825636,0.24834572,-0.5944278,0.4094311,-1.1920459,0.17910731,-0.91077125,0.3215558,-0.24168664,0.23525451,-0.2705697
0.77790445,0.29618332,1.1139632,0.56331897,-1.1155281,0.41016325,-0.94974434,0.31995824,0.7313869,0.5093187,0.36192277
1.043143,0.22807327,0.7884638,0.3081053,0.7446677,0.36133158,0.71949774,0.28523645,0.69562775,0.28571403,0.9889392
1.2452905,0.29187784,1.5188533,0.57297325,1.0254997,0.4508037,1.3479704,0.48397914,1.7161143,0.27470073,1.1833445
0.8570019,0.19461419,0.15366207,0.31403664,0.36329588,0.27302286,0.88731396,0.31036454,0.76105565,0.21312203,0.48349726
1.5421798,0.14988607,1.2527057,0.24576741,1.8752179,0.1969793,1.2209527,0.20937869,1.9657722,0.16117685,2.1235533
0.1889777,0.12750897,0.14593449,0.19638619,-0.46117187,0.23397425,0.03333846,0.21612002,-0.384008,0.16518141,-0.84178114
-1.0034721,0.1357871,-1.9039899,0.2682508,-1.4013797,0.19461046,-1.2579496,0.1629927,-1.3238682,0.14697854,-0.9888502
-1.8238459,0.1444573,-2.4524722,0.2598241,-2.450314,0.20597185,-1.9246485,0.20201501,-1.9622693,0.2076376,-1.7326474
-1.2278115,0.13543141,-1.9089285,0.27938786,-1.2697395,0.19951181,-1.143165,0.16574705,-1.4209955,0.16719493,-1.121542
0.26481664,0.12795445,-0.3707961,0.2245375,0.52032346,0.22724211,0.9570641,0.2107373,0.28446868,0.15427727,0.79302233
0.41331318,0.12756866,-0.997912,0.1922474,-0.2254828,0.20808466,-0.47507644,0.19822408,-0.06864484,0.15776294,-0.4571551
-0.06131884,0.29143694,1.4170616,0.27373832,1.1769364,0.31969896,1.778411,0.31976625,0.8490796,0.24732916,0.8405448
1.3556108,0.14488491,0.88497984,0.19816442,1.5602233,0.22740935,1.7838066,0.21766974,1.818711,0.15981357,1.8799552
0.537074,0.12699485,-0.3579481,0.2392498,-0.29958975,0.20728236,-0.02283462,0.19724673,-0.40977943,0.1494453,-0.083988786
0.7410722,0.12930056,0.32589582,0.23933095,1.1548827,0.21769331,0.9183714,0.1984842,1.0082076,0.15273377,0.42665672
-1.0228412,0.2144461,-0.70228845,0.3456684,-0.93360746,0.22248708,-1.046715,0.29383928,-1.1216106,0.20025104,-1.2895684
1.2827089,0.11089416,0.6125547,0.2336128,1.1250902,0.22790752,1.3424727,0.23154943,1.325959,0.16004433,1.4844897
-1.3314059,0.13021474,-0.055916823,0.2511619,-0.7263571,0.2645565,-0.4734017,0.26790717,-0.48927867,0.17442366,-0.2500716
0.15257424,0.26145712,0.83056855,0.4748072,-0.1241927,0.18761756,0.030303229,0.3586605,0.3234748,0.32034823,0.6593026
-1.4702708,0.13196847,-1.6216319,0.23941578,-0.85806704,0.25916514,-1.622264,0.22056375,-0.94722515,0.16861798,-1.0963016
-1.725589,0.12597737,-2.6652777,0.24932286,-1.3782423,0.18604405,-1.3448507,0.15728477,-1.3372309,0.15073326,-1.1966608
-0.86573476,0.15488228,0.92692155,0.2648508,0.5712302,0.20283304,0.30792242,0.21566325,0.62477106,0.17336267,0.92312324
0.66012,0.14526321,-0.79337156,0.23223656,1.3191373,0.22854838,1.2793741,0.2438381,1.041255,0.17161731,0.8024185
0.07030769,0.16730103,-0.30978024,0.33050954,-0.5690673,0.2633313,-0.49021655,0.19529612,-0.7163235,0.21212974,-0.8537866
-1.3287894,0.11787581,-0.17711778,0.26718533,-0.01403409,0.19900624,-0.18134591,0.1634164,-0.3041239,0.13986315,0.3626723
0.72931576,0.23918726,1.0741017,0.24857453,0.28338903,0.40302613,-0.27892625,0.33066314,0.44672006,0.35876456,-0.3844344
0.7461754,0.51117224,1.1125096,0.33214673,1.2704254,0.4514193,1.1466454,0.381994,1.1179795,0.3573372,0.79716533
-1.1018852,0.12743978,-0.6454444,0.23941578,-0.17610072,0.25916514,-0.5298221,0.22056375,-0.86981755,0.15134205,-0.9004737
-0.08425253,0.11494279,-1.4176669,0.24576741,-0.34847865,0.17705867,-0.3961956,0.18749264,-0.69445086,0.14966044,-0.8642763
-0.7674462,0.27066994,-1.5744126,0.45390606,-1.1583939,0.33154643,-0.9004682,0.41624996,-0.09657568,0.30742428,-0.087982185
0.0627894,0.12620828,-0.41266796,0.24747567,-0.46674284,0.1853927,-0.4326073,0.17567733,-0.6537559,0.1514688,-0.31778285
-0.08854909,0.16457507,-0.7776289,0.30092695,-0.07271626,0.1841526,0.124769226,0.22274236,0.33885163,0.1860604,-0.21659315
-0.66719174,0.1277958,-0.33046404,0.19638619,0.07425952,0.20302111,-0.10895326,0.18599665,-0.14927137,0.15239738,-0.3451427
-0.31506893,0.11223707,-1.4047369,0.24067757,-0.7713109,0.19547091,-0.8170786,0.15563849,-0.73333555,0.13276802,-1.0973886
1.0406765,0.38760576,1.0355514,0.61605984,0.4152514,0.37623262,0.14064178,0.298771,0.80914056,0.7031033,0.27636617
1.2987229,0.14988607,0.5955058,0.24576741,1.6280996,0.1969793,1.2398217,0.20937869,1.4621729,0.16117685,1.4550608
-0.14452344,0.1452199,-0.673299,0.23855036,-0.4175383,0.26727763,-0.32422578,0.22437835,-0.36441308,0.16188775,-0.5038761
1.0653952,0.2579842,1.0407226,0.6418249,-0.584583,0.55598587,-0.6971223,0.67484075,0.98430705,0.62420845,-0.35663846
0.13492757,0.12727605,-0.80401236,0.24130794,0.16355503,0.21151571,0.31256935,0.1938275,-0.68928355,0.14763974,-0.3098499
0.6415973,0.1256334,0.16346896,0.2049565,1.0591314,0.2099702,1.1108801,0.20282501,1.1531918,0.16983627,0.4510955
-0.56996924,0.14960961,-1.8638394,0.27811614,-0.9172437,0.17559592,-1.0817517,0.16162984,-0.97855186,0.1601576,-1.4064666
0.5346385,0.13361742,-0.028218862,0.24424958,0.13433453,0.21306682,0.5343827,0.1923768,0.02587865,0.14859585,-0.3543328
-0.5585736,0.13481742,0.31110272,0.24424958,0.018958118,0.22176439,0.079868615,0.20339584,0.5429002,0.15272042,0.07888321
1.4969963,0.14526321,1.324953,0.23223656,1.9443203,0.22854838,1.6630137,0.2438381,1.8981813,0.17161731,1.9803259
-1.4631817,0.12888926,-0.3000233,0.21109025,0.51830626,0.2092669,-0.2154963,0.19097318,-0.16705063,0.15348104,-0.26221696
-0.95540226,0.1243147,0.17043863,0.24781153,0.26119262,0.20682204,0.070984155,0.16957346,0.20117997,0.14808036,0.59922045
-0.5052286,0.115504555,-0.94294685,0.2435471,-0.19675101,0.19445172,-0.24819131,0.15910573,-0.118414134,0.14213257,-0.41968292
1.1788449,0.25280815,0.91947377,0.5485966,-1.8180013,0.51815104,-1.1622559,0.376168,-0.19674872,0.363826,-0.06544188
0.63701594,0.14086203,-0.2560371,0.2626911,0.33155966,0.22569254,0.26961762,0.21206912,-0.3502733,0.17253082,-0.33842406
-1.0221772,0.1179038,-0.73609364,0.22578736,-0.44986507,0.20712142,-0.3574763,0.18233849,-0.82155776,0.13236544,-1.0203868
0.4731054,0.15707749,0.24786434,0.20469727,0.3354538,0.2388209,0.14535674,0.25694272,-0.10604651,0.18778577,-0.46440914
0.87782824,0.22681883,1.04173,0.280121,0.30754063,0.40717226,0.33591786,0.2822757,0.60715926,0.2851451,0.8039435
-1.0072061,0.13375239,-2.4638515,0.24132012,-1.2800776,0.27230802,-1.3209561,0.2533136,-1.7775754,0.1771636,-1.315469
-0.9521899,0.26145712,0.7240045,0.4748072,0.6449225,0.18761756,-0.41194534,0.38636038,-0.031503625,0.3505094,0.9428385
1.2580446,0.110376775,0.95288587,0.2336128,0.9913086,0.22790752,0.73607004,0.23154943,1.1334091,0.16004433,0.76855564
0.47194755,0.12692046,-0.07029013,0.1922474,-0.18139763,0.20790444,-0.028219953,0.19822408,-0.052719016,0.15603682,-0.3657459
0.023253515,0.16735582,-0.41989446,0.29205847,-0.5588811,0.19184636,-0.3902297,0.19016927,-0.6403827,0.18934047,-0.72865325
0.30885023,0.20459647,-0.13464959,0.3456684,0.3287125,0.20545983,0.5213462,0.2718975,-0.038881578,0.19236645,-0.2034816
-1.0444044,0.12468539,-0.94361746,0.1922474,-0.18757047,0.22104461,-0.40251654,0.19016229,-0.7729192,0.13854848,-0.9185252
1.0268724,0.13128431,0.9381354,0.24153912,0.5162065,0.20989187,0.9766224,0.17814942,0.6458468,0.13652351,0.43509984
-0.9515774,0.11025821,-1.0776324,0.22578736,-1.1103988,0.1994265,-1.5292617,0.19010715,-1.7858135,0.14370902,-1.3065627
-1.2634468,0.16861473,-1.4211658,0.39288157,-0.95980704,0.23374438,-1.1137255,0.25527817,-1.0802047,0.2510453,-0.7670536
0.20789057,0.14161913,0.56534153,0.26718533,0.07581101,0.2629115,0.00010075636,0.19447324,-0.058861792,0.14597577,-0.22292507
-1.3355223,0.15265435,-0.50055975,0.21239938,-0.49479315,0.23146798,-0.22085668,0.2732315,-0.31097382,0.18714784,-0.25666648
-0.3573332,0.88149875,1.3223612,0.6129675,-1.0165217,0.59498984,-0.97925764,0.4894155,-0.7402605,0.75875443,-0.46230808
-1.3588603,0.13012886,0.06997049,0.20298342,0.09246577,0.20700976,-0.48806277,0.17942429,-0.34436098,0.15287659,-0.42940784
1.1364725,0.14022812,-0.095359094,0.2049565,1.4108357,0.20851842,1.0668532,0.22718398,1.378256,0.16990362,1.3646437
-0.2184993,0.11647349,-0.061578196,0.29089096,-1.1608106,0.23413326,-1.0905465,0.1698608,-0.9941994,0.18564431,-0.9193403
0.19700368,0.13320962,-0.07857246,0.24429454,-0.6737747,0.22055592,-0.22322588,0.20627917,-0.6258626,0.1590082,-0.77585125
0.48999676,0.21556042,0.1990407,0.26734936,-1.0124663,0.37052697,-0.8093533,0.2893097,-0.16748554,0.30980754,0.102014914
0.5135046,0.12551792,1.0331056,0.24604777,0.51714545,0.22397357,0.64456564,0.20230468,0.61046094,0.15673807,1.0225297
-1.3351897,0.22194886,-1.8686857,0.39620548,-1.6081682,0.28207695,-1.5702591,0.40077296,-1.2887429,0.29121476,-0.736802
1.2452905,0.29187784,1.5188533,0.57297325,1.0254997,0.4508037,1.3479704,0.48397914,1.7161143,0.27470073,1.1833445
1.2786151,0.22159271,1.485057,0.4832005,1.3729973,0.44195005,1.1777225,0.41204813,1.6890503,0.2835431,1.2354033
-0.059714228,0.111646034,-1.2846556,0.23852235,-0.04713316,0.20516142,0.27960145,0.17759877,-0.21736147,0.13470043,-0.31752768
0.90489227,0.16793612,0.89321065,0.30092695,0.49415457,0.18354076,1.0770292,0.20975761,0.39789507,0.16838355,0.20888038
0.8164766,0.21727021,1.1571602,0.2572728,0.65266216,0.41671553,-0.15458272,0.33874837,1.0224252,0.36615893,0.7439423
-0.22302882,0.119328864,-0.4409948,0.20779568,-0.5708952,0.16599363,-0.47274977,0.16288146,-0.3816472,0.1540963,-0.5096412
-0.28462756,0.12339381,-1.1481309,0.23303711,-0.69934714,0.19059569,-0.6092499,0.18117861,-0.66396743,0.14032762,-0.6476857
1.0166277,0.16186124,0.15385766,0.2789576,0.44154453,0.1944671,0.75869143,0.18063407,0.41630694,0.15379746,0.10603583
1.1140587,0.16508423,1.2461301,0.26718533,1.464921,0.28750384,0.6429644,0.2889111,1.0740763,0.17427751,1.7177479
1.3557049,0.21355502,1.51291,0.3456684,1.7368432,0.20545983,1.6380053,0.2718975,1.5914898,0.1975755,1.5450522
1.0089972,0.13784584,0.29181746,0.20627439,1.5492183,0.22180973,1.6261338,0.22006781,1.6385075,0.16072899,1.3769319
1.3745993,0.15583432,1.3734754,0.23850638,1.6386305,0.24756005,1.5347357,0.25642997,1.7547042,0.1750209,1.7905955
1.0047673,0.4573736,1.355694,0.3139291,0.81035495,0.45873222,0.84443367,0.48927596,0.35111302,0.4937872,1.2310431
0.59724396,0.3388224,0.63440984,0.42519823,0.34214452,0.41016325,0.71470875,0.31995824,0.99145716,0.34772584,0.37010956
1.050894,0.23617366,1.209317,0.32008725,-0.47006977,0.3882892,-0.75400966,0.2909371,0.1425055,0.26356736,-0.25941935
1.098292,0.38760576,1.1697853,0.5567685,-0.6065216,0.63609004,-0.69719523,0.49507773,0.80914056,0.7031033,-0.32829285
1.225285,0.15828763,0.6913417,0.2789576,1.1251619,0.18924469,1.3679842,0.18876773,1.1656967,0.16595046,1.3058593
-0.90396655,0.12692901,-0.3650506,0.273783,0.3868758,0.20225108,0.6824415,0.2055207,0.37095192,0.17808434,0.18814868
-1.26567,0.1517021,0.25348127,0.28206983,-1.0071505,0.21655475,-0.676327,0.1797653,-0.7521018,0.15460089,-0.40206373
-0.58925676,0.15313543,-0.36361796,0.29205847,-0.67591083,0.19110732,-0.5550565,0.17873995,-0.8232176,0.17398131,-0.9666553
0.727634,0.2144461,0.083308145,0.3456684,0.22419271,0.22248708,0.22063331,0.3327563,-0.2482883,0.2214034,0.13922575
1.3423944,0.16281368,0.8563758,0.2648508,1.7427776,0.20130588,1.3299378,0.21566325,1.2245996,0.17271253,1.3012866
-1.6901653,0.13455607,-2.7948766,0.21667859,-1.8703332,0.21169895,-1.4880843,0.20994961,-1.6683954,0.19402856,-1.6809093
-1.1546711,0.13030909,0.09122197,0.2245375,-0.65478593,0.2150329,-0.5033885,0.18952002,-1.0594468,0.16013594,-1.2981182
0.7851922,0.2293393,0.3601154,0.3066951,0.27896762,0.31877995,0.22665973,0.25861832,0.17234439,0.2560891,0.46285725
0.08578545,0.24879555,0.047549605,0.6418249,0.3485415,0.5411399,-0.13253112,0.46058783,-0.17540142,0.37918565,-0.4119945
-1.085388,0.19293775,-1.3188179,0.3425064,-0.7572425,0.21671158,-1.3910891,0.26255658,-1.3819084,0.17013991,-1.1272755
1.1035366,0.2559116,1.1083564,0.24857453,0.124419935,0.40302613,-0.78596413,0.33066314,0.52099806,0.35876456,0.5628004
-1.3018476,0.12705396,-0.53213596,0.24424958,-0.7703961,0.21327989,-0.38636464,0.17252418,-0.9387265,0.13221562,-1.1953148
0.034847133,0.14996791,1.0939062,0.23855036,0.39557225,0.27165845,-0.33183783,0.2243484,0.5725091,0.18312947,1.6365672
0.91094625,0.12930056,1.0533168,0.23933095,0.78365314,0.2097444,0.99918616,0.17789783,0.5630344,0.13255784,0.2481653
0.97465956,0.20537965,0.76537615,0.3456684,0.43077868,0.22248708,0.90654826,0.3327563,0.61743236,0.21414596,1.0757364
0.44331297,0.12892376,-1.2779845,0.23933095,0.029132048,0.19441348,-0.41047204,0.16515654,-0.03581082,0.1386835,-0.46375456
-1.2791612,0.12888345,-1.0926824,0.273783,-0.66785526,0.18028846,-0.5233757,0.17819552,-0.8859292,0.14932597,-1.0959125
0.7269193,0.12555344,0.41249564,0.23852235,1.1652517,0.21289143,0.98229325,0.18615797,1.0255903,0.14042756,0.48332247
-0.30972442,0.17232381,0.06712007,0.33050954,-0.8140342,0.26527497,-0.3616129,0.2104939,-0.6241776,0.2419649,-0.10751431
-0.116848014,0.16758665,0.4305094,0.6648169,-0.4094402,0.40910724,0.061585706,0.26950005,-0.5938897,0.20582369,-0.58537656
0.42827815,0.15140454,0.82948387,0.24709143,1.8966627,0.22180973,2.1614661,0.22006781,1.7114637,0.16546299,1.6106844
0.40220228,0.12253922,0.077333264,0.2049565,0.12027636,0.20091909,0.71018267,0.18834147,-0.12300862,0.1543672,-0.23612577
-0.9614798,0.1164207,-0.103577204,0.23129664,-0.81748796,0.21224843,-0.35514337,0.17310494,-0.9813462,0.1426838,-1.0806816
-0.19328041,0.25608963,-0.7301464,0.4352209,-0.34946772,0.30231553,-0.4524464,0.39226258,0.009221238,0.29636618,-0.59558564
0.09308328,0.2144461,-0.416317,0.3456684,-0.52674264,0.22248708,-0.07384574,0.3327563,-0.57696027,0.2214034,-0.7557804
1.5473108,0.14219958,1.0451154,0.1922474,1.8361872,0.21110147,1.7631253,0.22809975,1.973513,0.16193755,1.9606961
0.05861927,0.16636752,1.2535663,0.2860417,1.7935131,0.1788536,1.8888906,0.20848858,1.377238,0.17644033,2.2627337
-0.19340082,0.1200451,-0.59711856,0.19638619,-0.65847355,0.17493246,-0.36327028,0.17141207,-0.400825,0.14056142,-0.7610743
-0.049818363,0.15348084,0.36163244,0.21239938,0.5110741,0.23585649,-0.26845476,0.2732315,0.25002903,0.18851389,0.57794136
0.3334657,0.19728291,-0.2501006,0.3425064,0.28899968,0.2385787,0.3201227,0.3076686,0.12012567,0.18320484,0.77313334
-0.19952062,0.11204194,0.33204827,0.24424958,-0.65116304,0.17889829,-0.4730821,0.15475778,-0.5798457,0.13001312,-0.4961963
-0.5741069,0.20835699,-0.6731405,0.34964156,-1.2246743,0.36093396,-1.2682164,0.27609518,-0.7514818,0.31847808,-0.6938077
-1.2674301,0.13475706,-2.4185615,0.24388154,-1.3764188,0.22797099,-1.1925797,0.18346111,-1.6518931,0.16941614,-1.4303728
-1.195578,0.13067381,-2.1045353,0.25367594,-1.6442671,0.22439805,-1.4903345,0.18034442,-1.6667098,0.16214646,-1.2263349
0.69144136,0.21135603,0.7296215,0.4362975,-0.27042747,0.29383007,-0.25963992,0.33802933,0.2674336,0.26811948,0.49593934
0.97212887,0.5116558,0.77133054,0.33110604,0.99100983,0.4690234,1.3782673,0.3668957,0.82646406,0.38243693,1.261871
0.343245,0.1643244,0.07151134,0.23981237,-1.0052453,0.29853633,-0.73957366,0.25379333,-1.1624798,0.19882707,-0.54988533
1.1135936,0.16151814,0.9668277,0.23307268,0.8386569,0.33409798,0.49075198,0.26922444,0.6529698,0.1975089,1.4168106
-0.37261376,0.11919939,-1.9254428,0.20298342,-0.9718499,0.16634594,-0.8667515,0.1615781,-0.96746653,0.1420844,-1.0702208
0.2721276,0.167535,0.34757423,0.31767115,-0.8372744,0.22363888,-0.68160534,0.18887223,-0.51079494,0.18890911,-0.27405703
-0.5699091,0.26145712,-0.3649986,0.4748072,-0.38056445,0.18761756,-0.28276452,0.3374676,-0.4690985,0.25780734,-0.4730513
0.94482106,0.35595775,1.1697853,0.5567685,-0.584583,0.55598587,-0.6971223,0.67484075,0.83971226,0.68780845,-0.35663846
1.282461,0.11129932,0.54346967,0.22972222,1.116144,0.24943063,1.3543571,0.23780519,1.3603019,0.15901004,1.4752222
1.549855,0.14903152,1.1455525,0.2392498,2.0173097,0.21908851,1.3297703,0.22479999,1.928292,0.16150005,1.9825839
-1.7332203,0.14319672,0.498693,0.20729105,-0.4085486,0.21652795,-0.8807692,0.20224325,-0.75600386,0.16265523,-0.8534118
0.1646033,0.16309798,-0.8587533,0.2860417,-0.17897506,0.1788536,-0.15763076,0.20848858,-0.38654315,0.175007,-0.5385319
1.1616529,0.22905895,1.4218688,0.3153305,1.9314797,0.4462169,1.2051591,0.46863475,1.5951515,0.48311755,1.2378654
0.40890884,0.15016292,0.08560265,0.2701239,-0.2957822,0.18107074,0.24288613,0.15747294,-0.15421744,0.15255861,-0.26054302
0.9315047,0.16609375,0.9479335,0.28284657,0.66746014,0.18574029,0.9130237,0.17146616,0.33178857,0.16310096,0.28068525
-0.7463105,0.13024835,-0.891515,0.23851493,-2.0475192,0.2171682,-1.2912735,0.19559404,-0.9660192,0.16369034,-1.3308966
1.2824723,0.26705414,1.6452011,0.5155755,1.011933,0.45415664,1.362122,0.48583663,1.7286777,0.2793439,1.2103665
0.27862448,0.1275003,-0.28288206,0.24424958,-0.13638029,0.22143689,-0.016896952,0.18033811,-0.32504934,0.13310635,-0.29928622
0.0906661,0.1259367,0.042514395,0.24130794,-0.79230523,0.21765976,-0.5161106,0.19054088,-0.70301557,0.14163908,-0.86251414
0.1555186,0.19692916,-0.13476832,0.3739123,-0.17498954,0.17360486,0.00496884,0.3117465,-0.2615283,0.20743336,-0.8248291
-1.2816844,0.13506685,-0.40769234,0.24639824,-0.3863084,0.25445864,-0.3034696,0.2635005,-0.53537256,0.16972262,-0.2244299
-0.14635202,0.12154979,-1.2444056,0.20298342,-0.3573131,0.16634594,-0.35020003,0.1615781,-0.48903292,0.1420844,-1.0060594
0.5621245,0.4573736,0.9138978,0.259939,0.6934076,0.46665654,1.2321227,0.50645006,0.019607974,0.5170643,1.2207086
1.1800345,0.12891786,1.0349568,0.21523696,0.53019965,0.21425478,0.6323408,0.19859307,0.5954417,0.15261081,1.2388154
0.5148245,0.1527446,1.0462946,0.22237226,1.9042331,0.23041302,2.1847355,0.21766974,1.8191081,0.16218974,1.6488425
0.4779062,0.11289891,0.04596164,0.21966553,-0.1692139,0.20228103,0.17324409,0.19217421,-0.076932795,0.14367096,-0.04685423
-1.6300645,0.13207646,-0.29580724,0.22710179,-0.54852563,0.24283579,-1.1064466,0.19660509,-1.0861583,0.14596327,-1.059244
-1.5609742,0.12757729,-0.8038791,0.21260111,-0.11617627,0.21062733,-0.38626474,0.20478494,-0.5234867,0.1751035,-0.83186555
-1.6749414,0.13961864,-1.2676436,0.27811614,-1.3542097,0.16646975,-2.201544,0.1464676,-1.8349084,0.14531533,-1.3146167
-0.83836776,0.1357722,0.91904145,0.24605513,0.98665553,0.22172093,0.44328564,0.200768,0.39927873,0.16036043,0.9063047
-1.2045571,0.11956884,-1.4376966,0.21112111,-0.49841204,0.2005104,-0.8815177,0.19490218,-0.46563378,0.18128207,-0.5690789
-1.5671813,0.12143273,0.06861522,0.22781482,-0.96742666,0.23656859,-1.1740615,0.19115816,-0.92303854,0.13724028,-0.45851937
-1.7052206,0.14197035,-0.607831,0.25367594,-0.5919222,0.25316826,-1.1257731,0.21999153,-1.1851833,0.15526229,-1.3382151
1.4338377,0.23331624,1.2903512,0.3173849,1.5230347,0.39894333,1.5618601,0.5026605,1.4011878,0.36047167,1.2605308
-2.1226523,0.16340098,-0.9847414,0.29303238,-1.5759858,0.21923761,-2.348573,0.19983101,-1.7362894,0.18981495,-1.6499006
0.8544181,0.3388224,0.7881848,0.42519823,1.0586277,0.41016325,0.90768874,0.31995824,1.1433179,0.34772584,0.83826005
0.9541233,0.15417852,1.1383345,0.24576741,1.5845879,0.1969793,1.2602029,0.20937869,1.3515257,0.16117685,1.3208487
0.639742,0.14575252,0.7611092,0.25367594,0.94158953,0.29023114,0.019673688,0.33377475,0.34135422,0.19256744,1.6333524
1.2727088,0.4952117,1.1721891,0.31755972,0.5376843,0.45873222,-0.30186743,0.48927596,1.3280522,0.4937872,1.8407998
1.146418,0.21504265,1.1088448,0.25432298,-0.089804634,0.37267232,-0.9662265,0.30859342,0.09036145,0.32147384,0.7148001
-1.0755991,0.12793891,0.77681625,0.24153912,-0.43933332,0.20989187,-0.26826432,0.17814942,-0.72344106,0.13652351,-0.93151855
-0.43437082,0.117766775,-1.9201833,0.23301464,-1.1844337,0.20092797,-0.9254238,0.18299803,-0.9225696,0.14905687,-1.0792778
0.94678646,0.21355502,1.2476748,0.3456684,1.0168169,0.20545983,0.55454946,0.2718975,1.3485252,0.1975755,1.0659312
-0.26765335,0.20330961,0.7577229,0.31975964,1.0587593,0.30065352,1.3395203,0.2902611,0.6381629,0.20033796,0.5464069
0.40205392,0.1256334,0.65467864,0.2049565,0.49861377,0.20091909,0.5996867,0.18834147,0.43360925,0.1543672,0.0998742
1.1147766,0.4952117,0.8925463,0.27162254,0.2650136,0.45873222,0.080232926,0.48927596,1.3280522,0.4937872,1.2310431
-2.0825112,0.14686492,0.48547298,0.2930076,-1.3828152,0.29756117,-1.9673525,0.20757017,-1.4537045,0.16139933,-1.4322226
-0.20086779,0.11970631,-1.1319221,0.21594997,-0.35577103,0.17144877,-0.26408195,0.1629255,-0.41244867,0.14482208,-0.9538476
-2.0393012,0.25608963,-2.4273546,0.4352209,-2.1022918,0.30231553,-2.0628722,0.44084185,-1.7348868,0.32727668,-1.1760123
0.6872312,0.20880984,0.27387717,0.3739123,-0.10441105,0.17390372,0.6019984,0.3117465,0.53429514,0.2124291,0.9012263
-0.31701332,0.15914555,-0.27440548,0.31601527,-0.92490304,0.19901654,-0.7609211,0.2311553,-0.34913582,0.19271895,-0.7585192
0.47842437,0.1138741,0.74717593,0.21109025,0.4867543,0.20194699,0.5730883,0.19711788,0.578446,0.13821138,0.08119321
0.13784014,0.20795879,0.21501873,0.32360187,-1.1443969,0.3009803,-1.2200263,0.2164492,-0.6752352,0.21233103,-0.28159967
1.5180058,0.16281368,1.2681174,0.2648508,2.0748525,0.20130588,1.4954814,0.21566325,1.8037716,0.17271253,2.0834084
-0.9798699,0.23231997,0.81171197,0.33286983,0.23969083,0.25844637,0.5166708,0.19983837,0.09036915,0.25282824,-0.4285823
1.7517545,0.14577527,1.1037452,0.2336128,1.8393557,0.27034244,1.6354141,0.23527594,1.9498514,0.1687132,2.1409175
-1.7855881,0.16340098,0.3554221,0.29303238,-0.46786857,0.21923761,-1.6023917,0.19983101,-1.1071198,0.18981495,0.21761206
0.9764824,0.16636752,0.94003004,0.2860417,0.5408457,0.17829293,0.9039056,0.19772603,0.28569013,0.16005893,-0.05063393
-0.09808923,0.13115811,-0.402437,0.21161032,-0.5897756,0.23801337,-0.16733374,0.19319475,-0.2440135,0.1469025,-0.39140737
0.6515594,0.14488491,-0.23025236,0.19816442,0.17553419,0.21306385,0.40567645,0.21766974,0.27395147,0.15806863,-0.09228599
0.1172423,0.12430638,0.08685538,0.21594997,0.10149827,0.2240282,-0.032494158,0.205262,-0.16061911,0.1529709,-0.41228476
0.0115608135,0.1301867,-0.15898776,0.20071347,-0.4061211,0.21563248,0.0148696685,0.17992751,-0.24426247,0.13879175,-0.85272384
1.0303661,0.23278354,0.7289317,0.32360187,0.84167624,0.34416658,0.49756196,0.2614745,0.91862005,0.21926673,1.136204
-0.4305032,0.12337085,-2.101823,0.21523696,-1.097488,0.19401348,-0.86420447,0.18276952,-0.9032426,0.14692768,-1.0647181
-0.90519935,0.13884597,0.3848909,0.2493356,-0.847696,0.24441567,-0.45647487,0.23485927,-0.4031342,0.15995248,-0.8931785
0.28170368,0.13064493,-0.542713,0.26359117,-0.2551156,0.23771776,-0.38687918,0.2038943,-0.49174967,0.15715191,-0.30246177
-0.5913633,0.17900106,-0.066335395,0.30034962,-0.13926193,0.20416306,0.08906267,0.16467385,-0.38877675,0.18081866,-0.68334985
-1.1332227,0.12337085,-1.4041675,0.21523696,-0.8229525,0.16885178,-0.7968624,0.15909997,-1.0891292,0.13935621,-1.1441072
1.1337259,0.1291361,0.6110413,0.23852235,1.0708597,0.21260166,1.3853171,0.16799621,1.175815,0.12704095,1.0454483
-0.65178734,0.20788588,1.1573014,0.3425064,0.42046675,0.2385787,-0.020944847,0.3076686,0.48834097,0.18256018,0.5061528
-1.3340731,0.13021152,-1.3479346,0.21523696,-0.43313113,0.22282773,-1.3782243,0.19859307,-0.69615316,0.15968545,-0.963368
-0.8732953,0.13622032,-0.6292259,0.22863907,-0.7856915,0.17595516,-0.84851044,0.17453907,-0.6929973,0.1505133,-0.790254
0.5207429,0.15033174,0.14108041,0.25491926,0.39084134,0.24416724,0.52116054,0.27347007,-0.1793318,0.16703922,-0.13505049
-1.0616237,0.13416333,0.75438225,0.2246238,0.19040309,0.24880223,0.41886145,0.22919232,0.4283145,0.19028367,0.24298853
-1.6210747,0.16962865,0.0636452,0.30158466,-1.1389309,0.21243529,-1.0553942,0.19521338,-0.48306197,0.20286623,-0.80188626
-0.52688754,0.1815604,0.4102487,0.31601527,-0.2826067,0.21493234,-0.078409515,0.25694427,-0.24903466,0.20684753,-0.5203788
0.31748366,0.2690323,0.8656901,0.34964156,0.57651776,0.36093396,0.68298405,0.27609518,1.0379497,0.33518457,0.8541201
1.3232698,0.20221563,1.0331057,0.31338027,1.7688223,0.2030091,1.8057245,0.23431627,1.6671436,0.1623705,2.0724573
-0.06396946,0.20788588,-0.20723552,0.3425064,-0.3608749,0.2385787,-0.3306103,0.3076686,-0.7588375,0.18320484,-0.7865009
-0.9207896,0.17017181,-1.8163363,0.23855036,-0.76297843,0.32303733,0.016845264,0.365418,-0.48684198,0.20601185,-0.1998084
0.112083875,0.13633181,0.039393112,0.26359117,-0.21628314,0.22977796,0.15092091,0.20793675,-0.6943414,0.16792366,-0.41101357
-0.0085310135,0.112037525,-0.7701142,0.23852235,-0.32276154,0.20561273,-0.31018862,0.17759877,-0.59964395,0.13676336,-0.7558707
1.267398,0.1322594,0.9117457,0.20948239,1.5648763,0.22854838,1.8721586,0.22064209,1.7261108,0.16040415,1.8221447
0.503726,0.3388224,0.7369265,0.42519823,-0.12727551,0.41016325,0.49760616,0.31995824,0.83959645,0.34772584,0.79144496
-0.34679013,0.16124552,-1.0812103,0.33050954,-1.3588357,0.26527497,-1.179167,0.2104939,-1.1947055,0.24082495,-0.89278305
0.4526123,0.15114518,0.43447408,0.27811614,0.4547192,0.18585692,0.47524956,0.16180159,0.08334757,0.16152696,0.13955523
1.2313088,0.24075487,1.0971991,0.4362975,1.3677232,0.29585695,1.0828278,0.33802933,1.4939389,0.281025,1.485194
0.13101044,0.13246217,-0.6314166,0.27516082,-0.86069137,0.23293182,-0.28661647,0.18901087,-0.46990642,0.15247473,-0.37411734
-1.8068687,0.15225954,0.3733024,0.2930076,-1.2567985,0.32302818,-1.4710233,0.29217896,-0.9881998,0.19238527,-1.2202631
-1.5392101,0.11163896,-1.1671809,0.24605513,-1.5531307,0.17249309,-2.0809817,0.15476695,-1.8700205,0.13471897,-1.3578752
0.8073821,0.3239079,1.0355514,0.61605984,-1.1155281,0.41016325,-0.94974434,0.31995824,0.7395181,0.53079396,0.34078208
-1.4419837,0.12716278,-2.3622258,0.2246238,-1.5777552,0.22303413,-2.122374,0.22919232,-1.6723518,0.18751647,-1.5425993
-1.3548461,0.11893468,-2.430663,0.23522983,-1.2840532,0.20828755,-0.6986493,0.19508561,-1.2776775,0.14859836,-1.2587484
0.7834459,0.4573736,1.2492721,0.274313,1.2635245,0.4471436,0.53865993,0.4601504,0.87931776,0.49949622,0.62862086
-0.60566723,0.10773607,-0.47045878,0.22198433,-0.133275,0.21047133,-0.11085366,0.18150114,-0.29232875,0.14720912,-0.49313036
-1.8093114,0.16420789,-1.0568836,0.33732522,-1.2083935,0.21392776,-1.5105107,0.2340023,-1.4400672,0.17914602,-0.9647389
-0.32650897,0.11532527,-0.3028838,0.3168854,-1.1063833,0.21434383,-1.1421816,0.17219591,-0.99250776,0.18444243,-1.0261457
-0.8773689,0.12792437,-1.7854772,0.23612024,-0.54050183,0.23903692,-0.7325777,0.2011126,-0.6937873,0.15288208,-0.8328733
0.85581258,0.46913186,0.7501333,0.259939,0.43870035,0.46665654,0.17799965,0.50645006,1.40708,0.5170643,1.2207086
-0.74902374,0.118158974,-0.99016756,0.24424958,-1.7017246,0.20049322,-1.055708,0.17035368,-1.4180132,0.13623738,-1.2377033
0.8994624,0.20564908,1.0024377,0.24802686,0.15009564,0.36471355,0.18767254,0.25652316,0.67733985,0.27007762,0.6453483
0.6131317,0.17539917,-0.12195637,0.27811614,0.1851327,0.19487476,0.5963515,0.17630719,-0.007824289,0.1808507,0.01965333
-1.1355444,0.12994204,-0.25426164,0.21078306,0.06420469,0.23350912,0.089868896,0.20693156,-0.4871376,0.14496835,-0.23696195
1.1223786,0.119285725,1.0142334,0.24132012,1.03147,0.24937627,1.2223334,0.28485972,0.9098346,0.17423537,0.36743462
1.0047673,0.4573736,1.0650738,0.3139291,1.3556963,0.45873222,0.84443367,0.48927596,0.83958256,0.4937872,1.2310431
-0.38608098,0.89341265,1.144099,0.7234809,-0.9890186,0.62620515,-0.9412109,0.5318991,-0.78132284,0.8277906,-0.5815785
0.38320273,0.22592847,0.8218681,0.39620548,-0.32578686,0.28207695,-0.17316858,0.35689184,0.0005084862,0.25405762,-0.26655564
-0.44211698,0.11350899,-1.5083313,0.24604777,-0.7378183,0.2028244,-0.9145178,0.17158946,-0.7523736,0.14625424,-1.0467883
1.2955456,0.28247356,0.49976128,0.25488386,1.3724103,0.33409798,1.2773783,0.35068908,1.1905689,0.22844683,0.9915174
-1.1316601,0.12253922,-0.94621027,0.2049565,-0.28580523,0.2099702,-0.4327215,0.18834147,-0.8318094,0.15712368,-0.8175931
1.4310002,0.16017617,1.4855942,0.2564487,1.788224,0.22586516,1.5099368,0.232354,1.8277961,0.17483339,2.1976702
1.3694749,0.11964252,0.07974248,0.20702998,1.3928001,0.20949604,1.7760365,0.22154431,1.6332607,0.15332817,1.8405904
-0.57116365,0.173804,0.29083037,0.31601527,0.50728536,0.1841526,0.8678631,0.22274236,0.5455026,0.18978806,0.7918333
-1.752657,0.1430105,0.40812537,0.22863907,-0.67088515,0.2253649,-0.788399,0.20734017,-0.8507235,0.16486365,-0.97405297
-1.1839164,0.12468539,0.036018156,0.1922474,-0.07462548,0.22104461,-0.23912556,0.19016229,-0.6093309,0.13854848,-0.82542944
-0.54505295,0.117122166,-0.72477144,0.24424958,-0.10305977,0.19547091,-0.13135113,0.16040726,-0.117064774,0.13737765,-0.3993626
1.2452905,0.29187784,1.5188533,0.57297325,1.0254997,0.4508037,1.3479704,0.48397914,1.7161143,0.27470073,1.1833445
-0.13186920000000002,0.7758121800000001,1.089629365,0.673179035,-0.99323344,0.6155359,-1.1574713,0.56339204,-0.93375266,0.72381175,-0.2253539
-0.070960574,0.12865841,-0.019179042,0.20889461,-0.48677516,0.26093498,-0.04167268,0.19952479,-0.13222298,0.14829229,-0.2996849
1.0256717,0.42988524,0.9802537,0.301696,1.001993,0.39894333,1.3212131,0.5026605,1.0963672,0.39829195,1.2605308
-0.7007427,0.12780775,-0.23134805,0.21053849,-1.2048124,0.17234476,-0.8434388,0.17101169,-0.7999243,0.1521179,-0.7339099
0.5756481,0.10856596,0.049528994,0.24130794,0.33771464,0.21751541,0.6569672,0.20428966,0.0054177614,0.1481058,0.15382873
-0.46253973,0.12992682,-1.7025865,0.20298342,-0.36474165,0.22078969,-0.34597427,0.20047057,-0.7898257,0.16469336,-0.88054997
0.51065385,0.18421584,0.2802249,0.3425064,0.36339438,0.23566958,-0.11870168,0.27341503,-0.029868536,0.16858284,-0.035381917
-0.30690488,0.16404612,-0.92198324,0.28687263,-0.88664496,0.1921497,-0.9937714,0.16832785,-1.0129716,0.18231614,-1.1510234
1.1434219,0.13062026,1.0042382,0.20298342,0.47739533,0.22073857,0.6010994,0.20047057,0.7618516,0.16123986,1.3358921
-0.030295875,0.2172766,0.28170672,0.30981806,-0.44754738,0.3265312,-0.79295456,0.23102641,0.1069222,0.22702701,-0.67946714
-0.36374348,0.14714971,-0.7939618,0.27811614,-0.96620023,0.18167102,-0.7776366,0.16682342,-0.821378,0.16539848,-0.73587894
-0.85756713,0.12843606,-0.95524275,0.20011306,-1.243938,0.17493246,-1.0696714,0.17866017,-1.3675396,0.1460819,-1.067062
1.4075285,0.14325206,1.0413727,0.24130794,1.7818745,0.22878669,1.6509435,0.23062365,1.796393,0.15466459,1.9877214
1.4018955,0.14242098,1.1270759,0.24153912,1.7418816,0.21885781,1.6965787,0.2235853,1.7967267,0.15252773,2.0517967
-2.1143694,0.129693,-2.5158281,0.20558971,-2.4450958,0.2065376,-2.0722337,0.21622825,-2.355515,0.18754597,-1.6630871
0.1560465,0.16014956,-0.1360976,0.20469727,-0.2224363,0.2226394,-0.52805996,0.22501822,-0.61473,0.17172176,-0.7407179
0.3520634,0.20221563,-1.0012076,0.31338027,-0.18735152,0.2030091,-0.15950407,0.23431627,0.3480796,0.1623705,-0.4033018
-0.51635677,0.2144461,-0.40806878,0.3456684,-0.5549863,0.22248708,-0.39597735,0.3327563,-0.16628775,0.2214034,-0.8036376
-0.42177907,0.124300756,-1.103307,0.21616668,-0.6685971,0.1727511,-0.7105598,0.17295398,-0.67207396,0.1678811,-0.64361596
1.1706684,0.13702391,0.60299283,0.23852235,1.3920909,0.21432865,1.1560426,0.21836512,1.4297348,0.14254119,1.5377733
1.0682217,0.13814999,0.73667824,0.24576741,1.1508693,0.18923141,1.2937014,0.18052627,1.129732,0.1456885,1.0123439
0.7609002,0.3388224,0.8394432,0.42519823,0.6386204,0.41016325,1.2695265,0.31995824,1.1939383,0.34772584,0.6509998
-0.7244241,0.14448643,-1.3047731,0.28685582,-0.4750244,0.16587788,-0.1136149,0.17383102,-0.69398594,0.16690668,-0.8118787
1.0047673,0.4573736,0.9289858,0.3936894,0.4868677,0.38146612,0.3621329,0.49914193,1.1013316,0.38669398,0.30305505
-1.0803555,0.1296459,-1.7892668,0.22541168,-1.7859104,0.18308963,-1.4073784,0.17907844,-1.8415414,0.17248137,-1.2800939
-0.32159194,0.24879555,1.0120828,0.6607629,-0.34027025,0.8815659,0.03779898,0.40651804,-0.8339824,0.37918565,-0.5042478
-1.0067468,0.1272292,-2.6555312,0.24134798,-1.4956267,0.24310972,-1.1230458,0.19701558,-1.7278944,0.15976486,-1.4077104
-0.38608098,0.89341265,1.144099,0.7234809,-0.9890186,0.62620515,-0.9412109,0.5318991,-0.78132284,0.8277906,-0.5815785
1.1296642,0.25822812,1.0618038,0.6064732,-1.585918,0.38457513,-1.01274,0.2531641,0.17293166,0.3009496,-0.30614188
-1.6562666,0.25608963,0.19764525,0.4352209,-1.100678,0.30231553,-1.7480481,0.33241734,-1.4105014,0.25060722,-1.0687339
1.2861651,0.263636,0.3208612,0.27081415,1.3118622,0.35759354,1.1879929,0.3749268,1.1899726,0.19192871,0.92647046
1.0666045,0.26259786,1.4539845,0.4849204,-0.56510717,0.6222493,-1.046699,0.43601778,0.45872617,0.6557017,0.009977117
0.503726,0.3388224,0.6856681,0.42519823,1.1821593,0.41016325,0.6423412,0.31995824,0.9155268,0.34772584,0.60418475
-0.22168523,0.16399977,-0.36027315,0.3764399,-1.59942,0.2479356,-1.4848827,0.19858624,-0.97707474,0.23307198,-0.70017177
1.2452905,0.29187784,1.5188533,0.57297325,1.0254997,0.4508037,1.3479704,0.48397914,1.7161143,0.27470073,1.1833445
0.158112,0.15519212,-0.36829922,0.29205847,-0.7962347,0.1892828,-0.4704809,0.19016927,-0.56024915,0.18505998,-0.5419417
0.01789809,0.15681764,0.9377541,0.27388433,0.6503795,0.304112,-0.081546515,0.26897642,-0.001035369,0.18039009,0.6060242
0.5053192,0.19702561,1.2298985,0.32360187,-0.32173926,0.3261848,-0.67959225,0.2311229,0.4082677,0.2086001,0.33891112
0.5253837,0.12253922,0.6637695,0.2049565,0.45441186,0.20091909,0.24833561,0.18834147,0.3614518,0.1543672,0.18370935
-0.31015885,0.119718835,-1.4215508,0.2528543,-0.15979812,0.17742832,-0.27253234,0.18527177,0.17775267,0.15321286,-0.19480102
-0.8956955,0.13298647,-0.58950835,0.20729105,-0.9914638,0.18374287,-0.8326439,0.18387605,-0.8730807,0.14891689,-0.9325315
-1.3500316,0.13041337,-1.3180852,0.2549746,-1.3716837,0.19256246,-1.0372016,0.15740205,-1.4845941,0.13523369,-1.3551608
0.36436263,0.14210115,0.101494126,0.23854543,-0.59264624,0.29443726,-0.6819679,0.24098964,-0.06324745,0.18252207,-0.39729697
-2.1097069,0.142781,0.537688,0.28506348,-1.3957244,0.30117393,-1.9591038,0.21821544,-1.4599774,0.17069587,-1.3983315
0.6212651,0.1407801,-0.061348125,0.2626911,0.1347939,0.22541942,0.39606923,0.21206912,-0.17409848,0.17030342,-0.33988562
-1.5690819,0.14170702,-0.88264227,0.22159612,-0.85602385,0.23216546,-1.0410507,0.18714234,-1.0620766,0.14898263,-1.1235863
0.9671982,0.51117224,0.7959723,0.33214673,1.0129983,0.4514193,1.3985884,0.381994,0.84722614,0.3573372,1.2767754
-0.815466,0.23128873,-1.2649292,0.38418293,-0.8742524,0.24693064,-0.1639525,0.34184998,-1.1786351,0.2270913,-0.9883117
-1.1147332,0.15695915,-1.4096044,0.29205847,-1.0716746,0.19184636,-1.155829,0.19016927,-0.8342807,0.18934047,-0.7774122
-1.7510141,0.17867348,-2.574821,0.33050954,-1.908806,0.26527497,-2.0399618,0.21615693,-2.0482848,0.29436642,-1.4659101
-0.90354735,0.13296278,0.8017579,0.2435471,0.89254904,0.22696695,0.31856534,0.20470612,0.31741413,0.16067138,0.8908339
-0.019803056,0.1290257,-0.21959442,0.25367594,-0.9137749,0.20391491,-0.73722816,0.17864954,-0.4102927,0.15497518,-0.31527662
-0.7528671,0.14845076,-0.40700737,0.29205847,-0.19223516,0.19184636,-0.28497428,0.19016927,-0.112911,0.18879277,-0.3199702
1.034216,0.14110902,0.3469059,0.24153912,0.41708088,0.21885781,0.966554,0.2235853,0.39914548,0.15380853,0.19448017
-0.58540964,0.1537496,-0.21934286,0.3159756,-0.8427493,0.21841438,-0.43048638,0.18550014,-0.36706993,0.1686325,-1.0395756
1.1442668,0.14036803,0.58265954,0.24130794,1.6045055,0.22878669,1.5324581,0.23062365,1.6287142,0.15553772,1.4376334
1.0135083,0.12975086,0.43191296,0.24130794,1.0674936,0.21800895,1.5024849,0.20428966,1.2103573,0.14956933,1.3179868
0.2856157,0.12579894,-0.42174166,0.2435471,-0.079162896,0.22652608,-0.06565797,0.1823362,-0.4300145,0.13793722,-0.31941554
-1.1227472,0.1266528,-0.53172404,0.2246238,-1.2222037,0.2006712,-1.3993477,0.1978888,-1.148452,0.17100932,-1.3498302
-1.4349856,0.22541088,-2.439463,0.42171597,-1.7195029,0.18166141,-1.8268992,0.3714007,-1.9279783,0.32382706,-1.5001411
-1.6435711,0.12493778,0.03373903,0.24388154,-0.8389541,0.22797099,-0.83219,0.18346111,-0.85683525,0.15195878,-1.0250725
-0.42924246,0.16378316,-2.3760269,0.28284657,-0.2182256,0.18406391,-0.12651868,0.18147802,-0.73911756,0.17253669,-0.2042863
-0.32114115,0.1131778,-1.2166307,0.21966553,0.13957538,0.20266993,0.13722421,0.19217421,-0.17236911,0.14514136,-0.39740407
-0.30032387,0.112266846,0.56958616,0.24605513,-0.82276773,0.17249309,-0.5424921,0.15476695,-0.47968605,0.136365,-0.46949765
-1.489836,0.23538262,-2.0140707,0.45390606,-1.4122819,0.33154643,-1.136425,0.41624996,-1.5685171,0.29175824,-0.82470423
0.95955026,0.12720725,1.1195182,0.22917284,0.72559935,0.19458409,0.9277804,0.19268803,0.46361285,0.13559546,0.049156778
0.35666084,0.11182946,0.45627794,0.21109025,0.14073452,0.20194699,0.6156975,0.19711788,-0.08542091,0.13821138,-0.16429295
-0.30497083,0.10773607,-0.57312924,0.22198433,-0.6318177,0.18111835,-0.13908385,0.17118365,-0.4258551,0.12953544,-0.48244664
-0.50519574,0.21141668,1.0120828,0.6607629,-0.34027025,0.8815659,0.03779898,0.40651804,-0.8583646,0.33128297,-0.51405
-0.6793998,0.15914555,-1.188014,0.31601527,-0.75649315,0.19901654,-0.17692107,0.2311553,-0.96685356,0.19271895,-1.0037506
0.63951284,0.29359677,1.2235998,0.5865168,-0.2508071,0.41016325,0.063401,0.31995824,0.8975789,0.53950053,0.22780024
0.6952773,0.16963094,0.18025762,0.25444612,-0.16534312,0.28446922,-0.43685094,0.27040145,-0.43586683,0.18692468,-0.030974895
-1.0777364,0.13183883,-2.7050297,0.24531512,-1.5851449,0.27694258,-1.402761,0.21482933,-1.8198975,0.16027972,-1.4805378
-0.1611093,0.12683512,-1.7139888,0.20011306,-1.0884202,0.17493246,-0.63384145,0.17866017,-0.6350852,0.1460819,-0.750902
-1.3603278,0.12940623,-1.5248277,0.25432348,-1.4555573,0.19146955,-1.0806642,0.15464939,-1.5135598,0.13900337,-1.3942386
0.84993535,0.13401492,0.3482798,0.24605513,0.62109494,0.22111778,0.9226583,0.18338116,0.78991663,0.14148518,0.20216101
0.9831223,0.1232932,0.007929707,0.22715022,0.89105296,0.21592437,1.1711562,0.19588219,0.9475677,0.15037516,1.008747
-0.7100068,0.20880984,0.3616946,0.3739123,0.556377,0.17390372,0.16595493,0.3294246,-0.035593808,0.22056596,-0.045595765
0.45407042,0.20959798,1.3496541,0.3764399,-0.41273946,0.31170413,0.0017303932,0.26626426,0.56753445,0.27932426,0.19225076
-1.1635793,0.12470865,0.6479968,0.24429454,-0.666756,0.22053555,-0.35090762,0.19003202,-1.0319029,0.14754875,-0.9922447
-1.1541626,0.12827824,-0.054899283,0.22137748,0.046917222,0.17510186,0.02194439,0.17657226,0.11503258,0.16657037,0.635859
0.056515027,0.20880984,-0.075660296,0.3739123,-0.2232384,0.17390372,-0.23128353,0.3117465,-0.52259064,0.2124291,-0.42299542
0.2592052,0.26145712,1.0503718,0.4748072,-0.38056445,0.18761756,-0.1763183,0.3586605,0.052315507,0.32034823,-0.5481149
0.4779892,0.23538262,1.1511998,0.45390606,-0.39672968,0.33154643,-0.6645113,0.41624996,0.20703778,0.29175824,0.34606427
0.23652253,0.12877242,0.83368456,0.21109025,-0.22021262,0.19793227,0.040967904,0.176763,-0.2592329,0.14600103,-0.42394027
-0.8827112,0.26145712,-0.339192,0.4748072,-0.8933079,0.18761756,-1.0028044,0.3586605,-0.97161376,0.32034823,-0.71998125
1.3547789,0.21355502,1.1106006,0.3456684,1.8035063,0.20545983,1.3464613,0.2718975,1.803288,0.1975755,1.7993792
-0.7404331,0.17341404,-0.2274606,0.28867644,-1.7901663,0.26238567,-1.2474581,0.20743869,-1.2248559,0.24159722,-1.2872785
1.3117352,0.13990946,0.9010757,0.22917284,1.5044224,0.20196924,1.5740616,0.24202509,1.7091554,0.15751664,1.6460975
1.1096135,0.27281755,0.5474564,0.5181415,0.8346103,0.29585695,0.93970436,0.36699727,0.80939096,0.3552293,0.85021037
-0.64297795,0.13197283,0.20360622,0.22680736,-0.07355912,0.21946669,-0.04033019,0.2255636,0.3627451,0.16103825,-0.1974357
-0.06665452,0.1278684,-0.28711852,0.21890731,-0.30380717,0.23190054,-0.99094397,0.20218384,-1.1997132,0.1590951,-0.6673386
-1.319657,0.13329804,-0.077395976,0.31543368,-0.4679138,0.31004745,-0.43652484,0.25877398,-0.5317215,0.18998045,0.03635818
-1.5550485,0.17232381,-2.02787,0.33050954,-1.7177887,0.26527497,-1.682577,0.21615693,-1.8502527,0.2761918,-1.5264554
-1.3379319,0.15090773,0.15015352,0.28685582,-0.49399555,0.19550036,-0.55689657,0.19553475,-0.6040711,0.17636809,-0.7566603
-0.7994806,0.11064115,-2.603302,0.22801979,-0.7920223,0.19463488,-0.705005,0.17134829,-0.8559931,0.13981214,-0.9626421
0.0031718058,0.13829434,-0.6659143,0.28377882,-0.71922094,0.22503671,-0.110355966,0.17340413,-0.36013755,0.14044654,-0.37998605
0.15380082,0.16609375,-1.5598097,0.28284657,-0.13993633,0.1864186,-0.1096848,0.18147802,-0.55038524,0.17554979,-0.6353716
-0.16764314,0.13366061,-1.3268412,0.3168854,-1.2201616,0.2258135,-1.3479841,0.18428566,-0.88390976,0.22339202,-0.72348577
0.15261987,0.12714414,-0.024590004,0.19638619,-0.02754074,0.21868944,0.22221324,0.20697474,-0.46905807,0.16246027,-0.37478074
-1.4652984,0.1256378,-2.3022487,0.21929044,-1.634874,0.17798705,-1.4670656,0.17329195,-1.7056615,0.16084388,-1.4286171
0.5771172,0.12447375,0.3944212,0.24576741,-0.13629344,0.18923141,0.61654043,0.18052627,-0.10884617,0.14320742,-0.110585965
-0.45417625,0.12442707,-0.24177164,0.225128,-0.6857407,0.24546002,-0.34816134,0.19754972,-0.89506656,0.14780442,-0.9362498
0.78652143,0.260855,1.0036598,0.33064833,-0.02845024,0.41016325,0.44936115,0.31995824,1.0125544,0.32927966,0.32329455
1.3466922,0.14874098,0.8208247,0.24153912,1.5672593,0.21885781,1.3102202,0.2235853,1.3771482,0.15627189,1.4520053
1.5480391,0.14764906,1.2854345,0.24130794,1.8321952,0.22878669,1.3729007,0.23062365,1.9577866,0.15826295,1.8918757
-0.7765886,0.2144461,1.058855,0.3456684,0.43077868,0.22248708,0.04816629,0.3327563,0.17203446,0.2214034,0.47464266
0.6181448,0.103448436,0.5161054,0.22972222,0.3598482,0.220827,0.8611599,0.20847191,0.5296854,0.13979256,0.6450163
-1.3174645,0.12115678,-1.3354177,0.23150824,0.58479583,0.21475992,0.6022825,0.22248602,0.32640186,0.16068636,0.4261627
-1.0155495,0.13139856,-2.3135877,0.21616668,-1.203455,0.22497714,-0.97911865,0.2424496,-1.7601343,0.20265366,-1.4472345
-1.045493,0.12634976,-0.75284487,0.21172263,0.30438524,0.21289882,0.021116804,0.19655472,0.034209374,0.1602215,-0.42254305
-0.92055374,0.12447375,-0.90879434,0.24576741,-0.4663794,0.18923141,-0.3883499,0.18052627,-0.98749644,0.14320742,-0.94084775
0.897718,0.12509713,-0.12720688,0.23933095,0.49269253,0.2187689,0.6428215,0.23553073,0.5838957,0.15216956,-0.06251167
-1.834907,0.11584577,-2.6811428,0.2382643,-1.3984549,0.22305098,-1.5456336,0.2142135,-1.4061984,0.16313869,-1.2652686
0.31405798,0.49184886,0.047181822,0.3629172,0.7623445,0.43521574,0.8552868,0.30570865,0.8104313,0.40628618,0.77558714
0.9856119,0.2554385,0.94515073,0.33064833,0.6231289,0.37623262,0.75061506,0.298771,0.7200284,0.3162387,0.7593575
0.43719372,0.12828778,-1.0651842,0.24576741,-0.09956879,0.18120582,-0.28331515,0.18115073,0.17898962,0.14753516,-0.2745628
1.3859155,0.12172429,1.0468326,0.21172263,1.4995377,0.20896402,1.4354203,0.22006781,1.8308766,0.15968367,1.537821
0.40488374,0.35760242,0.2069541,0.44368258,0.7558631,0.3070519,0.86407435,0.21363607,0.8474384,0.365848,0.78930914
-0.037748463,0.11369881,-0.85391617,0.23933095,-0.26738402,0.20841421,-0.3808606,0.18679623,-0.6560449,0.14887892,-0.8035345
-0.10032539,0.12126265,-0.5381487,0.23129664,-0.44927347,0.21507964,-0.061737765,0.16967598,-0.19717829,0.1264622,-0.30936405
-0.93431115,0.13492016,-1.0396523,0.27378613,-0.65730476,0.21970807,-0.26139462,0.15643184,-1.2694575,0.13561341,-1.1750973
0.91680926,0.11945864,0.5082175,0.21966553,0.44723397,0.21056087,0.7445783,0.22564568,0.42594016,0.14582813,0.17201065
-1.1117959,0.17466685,-0.982308,0.4362975,-1.2411606,0.25764987,-1.3464718,0.25912842,-1.0835407,0.21379389,-1.1749712
-0.4308646,0.1286129,-0.37525302,0.22246191,-0.7147237,0.22747311,-0.35937732,0.19222166,-0.9336255,0.15300833,-1.048687
-1.1948271,0.22993796,0.50193244,0.33064833,0.3736759,0.37623262,-0.015420588,0.298771,-0.29839364,0.3018421,-0.2834006
-1.5550721,0.13378508,-0.0949901,0.26757622,-1.1885475,0.25569305,-1.1883091,0.1940083,-1.0724406,0.15086332,-0.6334313
0.9021329,0.16493748,0.7791003,0.27811614,0.75843865,0.18829872,0.9366652,0.16348751,0.5771395,0.16335978,0.3115708
1.1967448,0.5161649,0.85689753,0.73339057,-0.99323344,0.6155359,-1.1574713,0.56339204,-0.93375266,0.72381175,-0.2253539
-0.046214577,0.12182092,-0.06595012,0.23301464,0.015244282,0.23524013,0.1117725,0.20323591,-0.12251899,0.14800024,-0.42866755
-0.084427364,0.10385695,-0.9025633,0.22801979,-0.052393094,0.18642274,-0.28544563,0.1819159,-0.17869043,0.1435828,-0.04135531
-0.056417342,0.16499291,-0.8348852,0.29205847,-0.38290086,0.1892828,-0.152667,0.19016927,-0.46946907,0.18557575,-0.8536185
0.34904104,0.14760685,0.59751064,0.25367594,-0.73423964,0.23678046,-0.92985713,0.19594789,-0.7025184,0.16635981,0.25798362
0.28308383,0.12154979,-0.116664805,0.20298342,-0.44900727,0.16634594,-0.20640099,0.1615781,-0.14187163,0.1420844,0.055391118
1.2723194,0.20805575,0.98136437,0.3739123,1.8821961,0.16825922,2.020525,0.27709433,1.6287344,0.1942361,1.9805189
0.81644356,0.21064326,0.94066995,0.27712518,0.6895026,0.4908341,0.5295639,0.37029803,0.52360356,0.3450475,0.37340504
0.7834459,0.4573736,1.0074519,0.31560937,0.6895026,0.4908341,1.3433014,0.515426,0.9334805,0.5265229,0.039135974
0.8469778,0.21355502,-0.54605323,0.3456684,0.6247085,0.20545983,0.50777036,0.2718975,0.1576863,0.1975755,0.6388086
-0.24760725,0.117766775,-1.0260456,0.23301464,-0.5285715,0.17868695,-0.2882901,0.15899704,-0.5892633,0.14139992,-0.5387628
1.2786151,0.22159271,1.9319528,0.3697169,0.9385916,0.44195005,1.3894552,0.41204813,1.6890503,0.2835431,1.2354033
1.6682773,0.22855903,1.315435,0.29855192,1.8768625,0.25178042,1.7842447,0.23586744,1.8449779,0.2109149,1.822564
0.6485852,0.12137027,-0.21299294,0.19816442,0.11649807,0.18615615,0.22430865,0.19138496,0.03686097,0.1516966,-0.043698575
0.5621245,0.4573736,0.6632215,0.32261878,0.976895,0.4826855,0.95557684,0.49073493,0.69535357,0.49933192,0.6809428
1.2452905,0.29187784,1.5188533,0.57297325,1.0254997,0.4508037,1.3479704,0.48397914,1.7161143,0.27470073,1.1833445
0.78967726,0.13610835,0.6402588,0.25432348,0.91008633,0.24417469,0.8019794,0.20026468,0.8872742,0.16289294,0.48235014
1.5307746,0.16401866,1.362696,0.2158439,1.7697936,0.22158994,1.7560643,0.24345458,1.8013958,0.16938253,2.0838559
-0.96273565,0.13246217,-0.9902605,0.27516082,-0.7849232,0.21952029,-0.41684482,0.18480042,-1.3219471,0.15206097,-1.3290979
0.58698386,0.20880984,0.11022927,0.3739123,0.13993801,0.17390372,0.20464033,0.3117465,-0.33501714,0.2124291,0.18706137
-0.6042132,0.12944809,-1.3645579,0.22422254,-0.80295414,0.17709456,-0.6665443,0.16876379,-0.5888097,0.15234855,-0.5705491
-0.6576061,0.12899876,0.16605559,0.23150824,-0.07265847,0.21475992,-0.07396835,0.22248602,0.36085284,0.16252178,-0.19503477
-1.0976319,0.1275496,-0.60202074,0.23612024,-0.65046513,0.25601372,-0.66405,0.20386592,-1.1841662,0.15386553,-1.1605507
-1.4990283,0.20880984,-0.18945783,0.3739123,-0.18362929,0.17390372,-0.30826253,0.3117465,0.11456263,0.2124291,-0.16330333
0.1803077,0.122428425,0.005306914,0.23301464,-0.32756883,0.22668315,-0.006670678,0.19667533,-0.30511594,0.15556528,-0.81976956
0.16544288,0.20881249,-0.28673297,0.34964156,-0.96736133,0.36093396,-1.2682164,0.27609518,-0.42982826,0.31589207,-0.24959481
-1.2776566,0.11862176,-0.2306152,0.23676789,-0.092332125,0.19262223,-0.12608774,0.18250711,-0.25050208,0.13749261,0.55988014
0.09112165,0.13235854,-0.38468024,0.25246668,-1.2462255,0.22899061,-0.9914818,0.2074484,-1.2126704,0.15826266,-0.6939435
1.2910352,0.14997433,0.84781885,0.20956327,1.3591871,0.20851842,1.7378762,0.24996771,1.4933184,0.18125753,1.6874028
-0.16265477,0.16667452,-0.25244144,0.30092695,-0.68543375,0.18351471,-0.53608525,0.22274236,-0.87959194,0.18388763,-1.0195521
-1.1140891,0.19581969,-1.4303285,0.4200652,-1.5864754,0.3720803,-1.7209384,0.34909815,-1.2734762,0.32414022,-0.8194555
-0.48966867,0.1921117,0.3224301,0.31808802,-0.41952974,0.24905704,-0.4742712,0.22878516,0.16301116,0.23247421,-0.17654504
0.043949775,0.11649933,0.11100119,0.2508663,-0.11525323,0.22189665,0.40390885,0.19417527,-0.7517094,0.15222484,-0.24780641
0.31065902,0.20805575,0.4667991,0.3739123,0.18022455,0.16825922,0.05726935,0.27709433,0.5396288,0.1942361,-0.36119205
1.0729295,0.20805575,1.1618898,0.3739123,0.9102908,0.16825922,0.7719467,0.27709433,1.3478289,0.1942361,1.1923119
-1.0278418,0.1750955,-1.0994917,0.34964156,-0.5465102,0.30168754,-0.4058667,0.20938122,-0.76016,0.21746771,-1.0328194
0.13123961,0.111646034,-0.7607497,0.23852235,-0.2068117,0.20516142,0.40483293,0.17759877,-0.5808257,0.13470043,-0.24396773
-0.11429017,0.119328864,-1.354791,0.20779568,-0.36410478,0.16599363,-0.34811375,0.16288146,-0.44010887,0.1540963,-0.8915306
-0.99580944,0.124856845,-0.38645777,0.23303711,-1.3035337,0.19059569,-0.8554007,0.18117861,-0.94806004,0.14032762,-1.0077183
-1.1468155,0.1568034,-2.098405,0.30333257,-0.86349857,0.20475973,-0.5301719,0.17323722,-0.8252162,0.17162082,-0.7422129
1.0680276,0.1491988,0.3902875,0.24605513,1.4141818,0.23167607,1.3601551,0.23420012,1.206134,0.16384304,0.9054178
0.7721711,0.24277833,1.1678038,0.25485447,0.6741027,0.36589724,-0.083310895,0.2980542,0.9469664,0.33804226,0.67459404
-0.63045096,0.21314947,-0.43626395,0.38434094,-1.6098324,0.24180575,-1.5490224,0.17309478,-1.0441906,0.22028191,-0.8872403
1.4375054,0.13107218,1.1130162,0.21966553,1.7566513,0.21904555,1.7071947,0.22564568,1.7564212,0.15003291,1.9189044
-0.08638314,0.110491924,0.520101,0.2528543,-0.67482424,0.16247751,-0.6269637,0.15882581,-0.6199785,0.13950948,-0.6182457
1.2452905,0.29187784,1.5188533,0.57297325,1.0254997,0.4508037,1.3479704,0.48397914,1.7161143,0.27470073,1.1833445
0.022064038,0.11787165,-0.14363159,0.22198433,-0.267876,0.21078666,0.24049199,0.18147948,-0.51983976,0.13155097,-0.77872944
1.3874599,0.14488491,0.5870946,0.19816442,1.5563875,0.21306385,1.2832196,0.21766974,1.4832118,0.15806863,1.5111991
1.004506,0.12907209,0.43343922,0.19816442,0.9466882,0.21954243,1.328296,0.19723935,1.2457696,0.15321897,1.2171236
0.9868437,0.1299668,0.95339274,0.19816442,0.96919405,0.21953665,0.6222565,0.18446925,0.9699455,0.13870105,0.7693301
1.5328679,0.18749085,1.5242441,0.2860417,2.0240433,0.1895976,1.7113683,0.22681955,1.8823408,0.18152973,2.310651
0.16473243,0.1314124,-0.03800771,0.24604777,-0.6439351,0.22451249,-0.16135083,0.20230468,-0.6827356,0.15640143,-0.7523587
-0.48352516,0.15687191,0.25369027,0.27811614,0.16850597,0.18875612,0.47053507,0.16867304,0.5277419,0.1780169,0.5003544
0.04889259,0.117732346,0.091929786,0.22801979,-0.32359573,0.20672244,0.25416026,0.18183666,-0.518606,0.13498294,-0.75095594
-0.388407,0.16293015,-1.0954578,0.34842056,-1.7645773,0.28480297,-1.4388822,0.20015256,-1.0396374,0.23217179,-0.6915599
1.595427,0.14124195,1.4920216,0.21417129,1.5803739,0.2539961,1.8829126,0.23348199,1.8733993,0.15705897,2.1482174
-0.29062566,0.14435665,0.035759903,0.24964677,-1.6392629,0.20857023,-1.0888672,0.20964462,-1.0387802,0.22181977,-0.68500865
-1.3237404,0.15490715,-0.6546325,0.29303238,-0.37322736,0.22539099,0.04198034,0.20581289,0.012112825,0.1925267,-0.29783592
1.1123886,0.16186124,1.0816134,0.2789576,0.9028466,0.1944671,0.8446856,0.18063407,0.913738,0.15379746,1.015796
1.170336,0.12958075,0.7802579,0.1922474,1.0123984,0.22104461,1.6706092,0.19016229,1.3699888,0.13854848,1.2990084
-1.7265053,0.14995205,-2.302445,0.28867644,-2.3826056,0.24582657,-1.9845568,0.19640839,-2.045078,0.23138008,-1.8174462
1.2716016,0.24761932,0.5206324,0.2518363,1.3903844,0.33104292,1.3037051,0.365418,1.20256,0.21177483,0.94837415
0.15716177,0.12731156,0.34612906,0.20298342,0.05928819,0.23338147,0.18951496,0.1925636,-0.2988629,0.14553754,-0.52095985
-0.9095932,0.14955465,-0.05102769,0.29725292,-1.0303172,0.341347,-0.5256465,0.33095407,-0.7257951,0.24401495,0.19570711
0.6083098,0.23022419,1.0049807,0.3081053,0.2605393,0.3265074,-0.08266214,0.27937782,0.95132494,0.29104748,0.30298313
0.543636,0.22807327,0.8026702,0.3081053,0.39891568,0.44083738,0.5303724,0.3492604,0.8935032,0.33986443,1.146967
0.0725488,0.1275496,-0.12182932,0.23612024,-0.23379748,0.24949399,-0.070105426,0.21355523,-0.7510982,0.15619504,-0.55621815
1.2559097,0.35595775,1.1697853,0.5567685,-0.68204474,0.5668243,-0.29700854,0.8915332,0.83971226,0.68780845,-0.31616628
-0.37022606,0.19324394,-0.98752946,0.3425064,-0.18352301,0.21671158,0.3314817,0.26255658,-0.7180467,0.16791776,-0.40404618
1.133627,0.13966407,0.43840393,0.23933095,1.5520675,0.22738864,1.4438454,0.23553073,1.6310222,0.15322573,1.2652581
-0.15784529,0.115113996,-0.23664537,0.26757622,-1.2151911,0.19181876,-0.76072264,0.15712017,-0.9471398,0.14555354,-0.7807916
-0.178754,0.106106274,-0.2058098,0.23639268,-0.5118356,0.17002967,-0.6799826,0.17344454,-0.16249718,0.13319054,-0.6195728
1.0711154,0.3427723,0.7646385,0.5567685,0.4152514,0.37623262,0.14064178,0.298771,0.83328414,0.72485083,0.27636617
1.3652309,0.15417852,1.0250696,0.24576741,1.6455979,0.1969793,1.5689088,0.20937869,1.7700862,0.16117685,1.7936425
-0.24721812,0.19324394,-0.57228494,0.3425064,-0.6852903,0.21671158,-0.45202327,0.26255658,-0.66636026,0.16791776,-0.79962957
-1.3639283,0.26145712,-0.93697566,0.4748072,-1.1496797,0.18761756,-1.1312532,0.38636038,-0.6551317,0.3505094,0.50568527
1.0704608,0.21355502,1.2194036,0.3456684,0.93618286,0.20545983,0.9605971,0.24939826,0.813627,0.18210545,0.73271096
0.20961052,0.16099188,-0.40568352,0.31590858,-0.8882655,0.2298059,-0.46620518,0.19432485,-0.61684555,0.18586619,-0.28209716
-1.5434737,0.15914896,-1.846431,0.31601527,-1.0780004,0.19964284,-1.2812197,0.23981403,-1.3203701,0.21289867,-1.0358229
0.5251525,0.51117224,1.1125096,0.33214673,0.7555712,0.4514193,0.8947024,0.381994,0.7201395,0.3471155,1.2767754
-1.282151,0.14978538,-0.78273886,0.28687263,-0.6551473,0.20643473,-1.1746255,0.17123614,-0.8658043,0.18292607,-0.47762603
-1.37138,0.12916657,-1.2875279,0.23054464,-1.4782518,0.18045332,-1.2119061,0.17887384,-1.3096311,0.15647879,-1.4338714
-0.20695458,0.15687191,-0.76241356,0.27811614,-0.36188045,0.18829872,-0.62398547,0.16607702,-0.9487008,0.17214593,-0.40605137
-1.2054245,0.120300755,-1.5006181,0.23612024,-0.90013796,0.19453998,-0.81543833,0.16885518,-1.1510019,0.13945939,-1.1147906
1.0047673,0.4573736,1.5451652,0.31560937,0.971156,0.4908341,0.9428068,0.515426,0.4302842,0.5265229,0.67526835
-2.0314171,0.25404254,-2.438969,0.45390606,-2.1739461,0.33154643,-2.0802526,0.41624996,-1.7806607,0.29175824,-1.2717242
1.5653304,0.1427277,0.9471064,0.19816442,1.7113749,0.21306385,1.8101709,0.21766974,2.0194056,0.15806863,2.185941
-1.1039832,0.12763944,-0.95239246,0.21523696,-0.76731974,0.2021783,-0.713678,0.18276952,-1.0661626,0.14564463,-1.0045716
0.7449366,0.15269794,-1.0949128,0.20172459,1.3837963,0.22740935,1.2680687,0.23633474,1.1572391,0.16748908,0.93956995
0.49871045,0.263636,1.4953618,0.27081415,1.1213676,0.35759354,1.056847,0.3749268,0.76092356,0.19192871,0.46939144
0.012142762,0.22541088,0.36516044,0.42171597,-0.99844545,0.18166141,-0.5258044,0.34659758,-0.29691082,0.29959714,-0.7825618
-0.41396254,0.1537496,-0.71336097,0.29303238,-0.15653569,0.21923761,-0.0960905,0.19983101,-0.20195979,0.18981495,-0.59286356
0.20750724,0.12752077,-0.27044335,0.21109025,-0.29817367,0.20211773,0.45331907,0.19097318,-0.5500714,0.14716789,-0.5764677
-0.8655047,0.14814372,0.065151274,0.2870415,-0.7692491,0.19489159,-0.4931366,0.16947973,-0.42535746,0.15542442,-0.71470714
-0.32440427,0.14815526,-0.80803484,0.28685582,-0.809397,0.1935998,-0.22633421,0.19553475,-1.0620985,0.1704558,-0.6197506
0.44988996,0.20711708,0.94788045,0.31325248,1.5895567,0.19735359,1.8948802,0.19807447,1.5368757,0.18596548,1.8001604
-0.38608098,0.89341265,1.144099,0.7234809,0.72202456,0.55598587,0.14269637,0.67484075,0.5020828,0.9226326,1.0401987
1.1952766,0.21355502,0.93006855,0.3456684,1.8621646,0.20545983,1.9749095,0.2718975,1.7330991,0.1975755,2.0525212
0.4538318,0.4803429,0.30235282,0.5181415,0.8346103,0.29585695,0.93970436,0.36699727,0.9488525,0.38193086,0.85021037
-0.2384848,0.19551468,0.50279415,0.28867644,0.38639796,0.3768628,-0.5227712,0.33066314,-0.17186473,0.3354581,-0.37121648
1.4345673,0.21355502,1.3690906,0.3456684,1.1116589,0.20545983,1.0858375,0.2718975,1.24264,0.1975755,1.2527041
1.1782237,0.23036577,1.1881466,0.35602745,-0.53914124,0.41671553,-0.398451,0.39039594,0.6668284,0.36615893,0.5024887
-0.91687554,0.11391813,-1.1264135,0.2528543,-0.43114972,0.19333825,-0.5004631,0.19715112,-0.77520454,0.16117266,-0.56496257
-1.1010432,0.21250087,-1.90759,0.39620548,-0.8771149,0.28207695,-0.82405126,0.35689184,-1.3891795,0.25405762,-1.0501609
-0.011973739,0.23001474,0.9351572,0.35024962,1.2645018,0.2030091,1.7611753,0.23431627,0.7965051,0.16797459,1.2928197
-2.16315,0.16686481,0.024262642,0.3178875,-1.7284259,0.20643473,-2.2811017,0.17123614,-1.1415874,0.18653497,-1.2844645
1.5632167,0.29169068,1.1695222,0.61303073,1.6704094,0.18761756,1.5062091,0.38636038,1.4677033,0.38886514,1.3181432
1.1914601,0.23403181,0.20774922,0.57059056,-1.7756306,0.5328011,-0.9904905,0.39400676,-0.03174062,0.39379346,0.016292706
0.9357276,0.103448436,0.71093553,0.22972222,1.1580093,0.220827,0.92386055,0.20847191,1.060341,0.13979256,0.8039106
0.6007034,0.10371595,-0.046294536,0.22578736,0.30826375,0.18138587,0.38048247,0.19010715,0.13549374,0.13913849,-0.13783154
0.9648873,0.15555103,0.84582317,0.2338228,0.35562667,0.22660418,-0.028914819,0.24199644,0.41405663,0.17020841,0.786524
1.2613555,0.119266585,0.53973186,0.20948239,1.476236,0.21616761,1.6243718,0.22064209,1.5986853,0.15686005,1.782681
1.6101155,0.18660334,1.1883749,0.28284657,1.7611676,0.19735359,1.6507856,0.19807447,1.8483295,0.18001331,2.2846253
1.0654162,0.23237503,0.8770632,0.5905835,-0.049124286,1.0435613,-0.009684862,1.0752791,0.30993602,0.7606688,-0.4533868
-2.1599693,0.119527705,-0.71080375,0.28506348,-1.334894,0.21351074,-2.0838618,0.16453344,-1.3084555,0.16009405,-0.3581499
-1.4110935,0.12378035,0.23020379,0.21017772,0.007790323,0.21010843,-0.41609302,0.19698654,0.06318053,0.16583626,-0.5993932
-1.398562,0.13277623,-1.7262297,0.2611152,-1.417355,0.18299447,-1.0741612,0.16057438,-1.5267218,0.14222854,-1.4121845
-1.380848,0.1363805,-1.0232339,0.26718533,-0.95612377,0.22191937,-0.977915,0.15592037,-1.2323993,0.13338293,-1.2317717
-0.25029662,0.12559383,0.22472139,0.24445687,-0.7411229,0.18739815,-0.70114326,0.16895868,-0.38897362,0.15576437,-0.38616216
-0.896951,0.14904903,-0.034124114,0.2973242,-0.72938937,0.17309159,-0.48388642,0.17117691,-0.37112534,0.15971936,-0.7299443
-1.0331213,0.119227186,-0.66168797,0.24067757,-0.89138836,0.17889829,-0.8100163,0.1504622,-1.0808985,0.12812907,-1.1669255
1.6045394,0.16198616,1.3174268,0.25236255,1.7424443,0.23247123,1.858983,0.252883,1.8235301,0.16270822,2.1531534
1.2051101,0.3388224,0.4293764,0.42519823,1.1574531,0.41016325,1.1971589,0.31995824,1.0673876,0.34772584,0.9787051
-0.38133368,0.12337085,-1.1840906,0.21523696,-0.46966004,0.16885178,-0.2551576,0.15909997,-0.40944538,0.13935621,-0.8428247
-1.3355179,0.17326777,-1.9845431,0.3160013,-1.7248045,0.27369317,-1.4798564,0.21848612,-1.7293291,0.23268741,-1.4601773
0.6236841,0.15313543,0.5584959,0.29205847,0.317022,0.19110732,0.46621305,0.17873995,-0.045993946,0.17398131,0.25852305
-1.1140891,0.19581969,-1.4303285,0.4200652,-1.5864754,0.3720803,-1.7209384,0.34909815,-1.2734762,0.32414022,-0.8194555
-0.4745936,0.14903072,-0.56614375,0.28685582,-0.9735458,0.1935998,-0.7526384,0.19553475,-0.9818662,0.17456125,-1.4264629
-1.051559,0.10385695,-1.6388309,0.22801979,-0.78265,0.18642274,-0.5574331,0.1819159,-0.7358934,0.1435828,-0.6138019
1.217,0.24555306,1.0120828,0.6607629,-0.6065216,0.63609004,-0.69719523,0.49507773,0.7711329,0.5633257,-0.32829285
-1.3130263,0.10550433,-1.4073074,0.22801979,-0.61814404,0.16588844,-1.1356688,0.17023218,-0.6495382,0.1300489,-0.5015124
0.93450403,0.29618332,1.1139632,0.56331897,-0.27042747,0.29383007,-0.4548552,0.6664033,0.67207485,0.41155303,1.1550665
1.0115755,0.29796323,0.30235282,0.5181415,1.1011667,0.29585695,1.1810836,0.36699727,0.9488525,0.38193086,1.3107438
-1.3835526,0.16861473,0.05738696,0.39288157,-1.198942,0.23374438,-0.78577995,0.25527817,-0.8300146,0.24696732,-0.7580696
0.727601,0.15389465,-1.0397353,0.19573942,1.2060276,0.22861144,1.2112205,0.2460757,1.105475,0.17313619,0.86089456
-1.8391167,0.12499742,-1.9774703,0.2246238,-1.4519124,0.18182012,-1.5660301,0.17414446,-1.112071,0.15818341,-1.5452015
-0.41311434,0.19728291,0.03572033,0.3425064,-1.0787644,0.2385787,-0.44751915,0.3076686,-0.5328269,0.18320484,-0.81826067
-1.0726033,0.15669113,0.35854918,0.31601527,-1.0746509,0.19886394,-0.69371635,0.21673806,-1.2024261,0.17661195,-1.1135848
-0.45764828,0.11042767,-0.24921587,0.22801979,-0.8166225,0.19680615,-0.308052,0.18083546,-0.6743817,0.13899331,-0.73818266
0.2054966,0.12231406,-0.9495016,0.22715022,0.060806107,0.21247675,0.33172074,0.18998824,-0.37153602,0.15007006,-0.26088494
0.5371986,0.13170029,-0.11604821,0.2435471,0.13480683,0.21371593,0.47223663,0.19195448,-0.08029307,0.15398578,-0.35815343
-0.87477523,0.12756866,-0.9063863,0.1922474,0.26827812,0.20808466,0.17480648,0.19822408,-0.22025208,0.15776294,-0.48051998
1.0372033,0.20443584,0.9132119,0.32248533,1.4438059,0.24669608,1.0004147,0.25873154,1.2252321,0.22958645,1.3257713
0.59206516,0.2598984,0.605377,0.32668373,1.3455223,0.32302818,1.2805907,0.29217896,0.7060637,0.2007349,0.16047646
-1.2070935,0.12338885,-1.2720821,0.20627439,-1.3978385,0.20132686,-1.9609419,0.19072802,-2.2548077,0.15524174,-1.3691403
-0.6871049,0.13862652,-0.55668074,0.27811614,-0.38870355,0.18629672,-0.43757436,0.16682342,-0.2696369,0.17262934,-0.4250595
-0.25542608,0.10385695,-0.7633901,0.22801979,-0.6690206,0.16547851,-0.19750747,0.17023218,-0.52661395,0.12911013,-0.52530146
-1.3393886,0.12402803,0.14228147,0.21112111,-0.47285312,0.23793559,-1.079789,0.2001063,-0.7508165,0.17133154,-0.19835284
1.3835529,0.14488491,1.1430793,0.19816442,1.4778761,0.21306385,1.3986484,0.21766974,1.842693,0.15806863,1.5087996
-1.4967136,0.11350899,0.16526082,0.24604777,-0.21023461,0.2028244,-0.630676,0.17158946,-0.4644539,0.14625424,-0.7115329
1.0172734,0.49184886,1.1048,0.3629172,1.5380337,0.43521574,1.3497759,0.30570865,1.586802,0.40628618,1.2513132
-1.990345,0.1590242,-2.4428542,0.25527036,-2.3294656,0.20094809,-2.0152252,0.19516872,-1.9751925,0.20986132,-1.7250422
-1.569739,0.11551316,-0.9398747,0.25208917,-0.6680188,0.24533403,-1.6073433,0.20729186,-0.97846395,0.16582185,-0.75506085
1.020876,0.23199603,0.84907836,0.3066951,0.8371555,0.3481397,0.3518514,0.25692627,0.96621585,0.21294877,1.0855225
1.0266922,0.12793717,0.9899905,0.1922474,1.0344459,0.2051001,1.0013934,0.20620593,1.1389211,0.13721125,0.43006366
-2.0503435,0.16710156,-1.6012868,0.31601527,-1.962572,0.19964284,-1.9950866,0.23981403,-1.5127835,0.21549448,-1.3931469
0.28754887,0.45578972,0.4863617,0.5952037,0.6188226,0.33154643,0.51527303,0.41624996,0.18939881,0.32863772,0.40967125
1.0093524,0.13249812,0.9256644,0.20956327,1.3555764,0.2099702,1.2845137,0.21854368,1.1337552,0.18117572,0.8745743
0.8521619,0.16190083,0.97541875,0.21511243,0.7157266,0.27887136,0.25365758,0.25483668,0.25557452,0.21300967,1.1025318
0.7531923,0.2690323,1.2719275,0.34964156,0.3192046,0.36093396,-0.04871612,0.27609518,1.2714678,0.33518457,-0.10321895
0.16344419,0.12543069,-1.3798188,0.2049565,0.055184983,0.20090371,0.122843675,0.19741161,-0.41442353,0.16904803,-0.49613512
0.13403691,0.24518484,0.047549605,0.6418249,0.3485415,0.5411399,-0.13253112,0.46058783,-0.13881746,0.32813486,-0.35425425
1.453721,0.13919927,0.9357101,0.23852235,1.6899232,0.2223759,1.8521228,0.21836512,1.7331537,0.14413863,2.037909
-1.7095375,0.124879204,0.017276132,0.28506348,-0.8882992,0.24193506,-1.1361991,0.18373108,-0.8741803,0.16812265,-1.2060629
0.8688151,0.2041186,1.0674571,0.27849552,-0.23109156,0.37311688,0.14747491,0.26516113,0.7350845,0.26929814,0.5541567
-0.23527013,0.19692916,-1.0134141,0.3739123,-0.45469704,0.17137578,-0.30977288,0.28813973,-1.1264882,0.19960786,-0.8569442
1.3756391,0.13806163,0.8960608,0.20627439,1.5304694,0.22180973,1.9282433,0.22006781,1.6755198,0.1634519,1.7908562
-0.4465201,0.15679519,-0.062652916,0.31146678,-0.6008637,0.2093498,-0.4561787,0.15537092,-0.5005211,0.1867283,-0.10552725
-0.9272405,0.11673671,-0.50098443,0.25432348,-0.9609946,0.21150663,-0.49104792,0.16374268,-1.1230919,0.14299074,-1.2490078
1.2780592,0.20330961,1.3122263,0.27936524,1.2211452,0.30065352,1.4208796,0.33337185,1.2925048,0.23128976,1.1194067
-1.5636345,0.12923121,-0.7479199,0.22127773,-0.1299224,0.21071109,-0.35785696,0.21444687,-0.56837267,0.16056299,-0.88562554
0.5781487,0.16682239,0.04309758,0.22120954,-0.60754776,0.29053387,-0.4215696,0.24702653,-0.7759283,0.19347535,-0.17902216
-1.5544684,0.11973979,-0.93164045,0.24824175,-0.6346349,0.24528104,-1.5972112,0.21308492,-1.0274519,0.17063147,-0.5560393
-0.08127884,0.11025821,-1.2919718,0.22578736,0.05544679,0.1994265,0.33982423,0.19010715,-0.38794947,0.14370902,-0.4410526
-0.9788182,0.118001364,-0.81771266,0.21966553,-0.53357404,0.20976529,-0.34686488,0.18164286,-0.85762125,0.12895402,-1.0515716
0.86332977,0.15981191,0.8772601,0.31035107,0.2856479,0.2356935,-0.32684153,0.18303433,0.6107655,0.16571018,0.9187053
0.89041865,0.3427723,1.1697853,0.5567685,0.35288814,0.37623262,0.11129825,0.298771,0.83328414,0.72485083,0.19586764
0.56214046,0.18824565,1.144978,0.30338103,1.7350897,0.20748004,1.9485828,0.21286894,1.5678333,0.17862761,1.8492743
0.7837109,0.23421001,1.3496541,0.3764399,-0.34903818,0.34284398,-0.72735816,0.29631475,1.0794183,0.34449643,-0.10415745
0.084785014,0.11025821,-0.80573976,0.22578736,-0.15092006,0.1994265,0.40630168,0.19010715,-0.57412994,0.14370902,-0.4606383
-0.2223047,0.11537575,-0.7286824,0.26359117,-0.859546,0.22977796,-1.1275486,0.20793675,-1.1053064,0.16311486,-0.6547058
-0.5884056,0.11970631,-0.5716293,0.21594997,-0.6136673,0.17144877,-0.24700092,0.1629255,-0.30225444,0.14482208,-1.0529009
-1.3028402,0.13695799,-2.116455,0.2721848,-1.0469031,0.18970278,-1.1235859,0.16180417,-1.5522995,0.15285678,-1.0962842
-1.4358532,0.13517341,-0.13211536,0.24781153,-0.42263648,0.25316826,-0.64423347,0.2036726,-0.90016574,0.16243938,-1.1769567
1.2643672,0.26748794,1.349796,0.27138987,1.0240246,0.32773316,0.85556716,0.3592252,1.2562597,0.21049117,1.213882
-0.32864997,0.2168461,-0.66895264,0.3739123,-0.12849744,0.17390372,-0.4087347,0.3117465,-0.28295398,0.2178549,-0.659695
-0.03480628,0.14800261,0.974715,0.22159612,0.45215306,0.23223177,-0.71825886,0.20051715,0.56963694,0.17131375,1.0270512
-0.49012372,0.12510914,-1.6578883,0.24132012,-0.63479686,0.20405847,-0.7820203,0.17994444,-0.5564319,0.15016966,-0.6176682
-0.7807828,0.22915621,-0.77603066,0.37775585,-0.8974913,0.26633173,-0.15928622,0.31450662,-1.0839549,0.1856803,-0.9671827
-1.304597,0.12545185,-0.23854692,0.2435471,-0.8116743,0.20062728,-0.39255536,0.15549934,-0.89114505,0.12732524,-1.2453732
-0.09999729,0.120972715,-0.3932399,0.23301464,-0.41209015,0.23359017,-0.03552157,0.19667533,-0.42714512,0.14807862,-0.62398547
0.994463,0.19165872,0.5322759,0.30158466,1.1228015,0.22906406,1.1817296,0.21634105,0.9387818,0.20720042,1.1923082
-1.0835501,0.20880984,-1.0547429,0.3739123,-1.2075937,0.17390372,-1.2967753,0.3117465,-0.96578854,0.2124291,-0.930546
-1.0497388,0.14978538,-1.4366734,0.28687263,-0.91559803,0.20037636,-0.8357641,0.16633298,-1.2673355,0.17215523,-0.8965644
-1.13544,0.1322402,-2.4110684,0.20889461,-1.3623183,0.23527667,-1.1241337,0.19409432,-1.4370445,0.17947832,-1.3647429
-0.24672936,0.12568665,-0.8780045,0.2493356,-0.65459776,0.18774442,-0.56763333,0.156658,-0.40769765,0.13581583,-0.65285754
1.2497361,0.17458846,1.2731767,0.26359117,1.2707107,0.25468922,1.2019786,0.25555614,1.61366,0.18455096,0.9873376
-0.043701917,0.13142495,0.0017709847,0.22127773,-0.82438433,0.21065964,-0.23326638,0.21444687,-0.6533303,0.17368545,-0.73010546
-1.3615452,0.20805575,-0.097848825,0.3739123,-0.34865388,0.16825922,-0.2666527,0.27709433,-0.54559,0.1942361,-0.2711895
-0.27069312,0.123784855,-0.5138951,0.20681481,-0.7835587,0.16785435,-0.5428031,0.1687873,-0.8513207,0.1481913,-0.75935864
-1.9751964,0.1519993,-0.37414655,0.2189825,-1.162644,0.2878381,-1.4656636,0.30356595,-1.3172874,0.2052725,-1.5402968
-0.97160006,0.11233933,-1.8440765,0.23150824,-1.3228076,0.1928664,-1.7451768,0.22248602,-1.2608004,0.15273635,-1.440462
0.1437774,0.12489743,0.48598623,0.19638619,-0.048802413,0.23414184,0.27903768,0.197847,-0.31097984,0.14298648,-0.58614135
-1.3872566,0.14093842,-0.9615637,0.2246238,0.19140682,0.24453364,0.4125738,0.22919232,0.44251764,0.19267474,-0.14569826
0.2845383,0.22099271,0.66098475,0.28007093,-1.0581915,0.31641835,-0.96422476,0.2561789,-0.47488993,0.22755845,-0.34376332
0.74588513,0.21064326,0.94066995,0.27712518,-0.15545781,0.4908341,0.5126549,0.37029803,0.44708613,0.33799914,0.27139646
-0.5441096,0.12026154,-0.749242,0.21829574,-0.8738961,0.18085018,-0.7623433,0.16705072,-1.0556821,0.15077035,-0.85269475
0.1440377,0.14381759,0.14079772,0.22159612,0.19632035,0.25213116,0.24149862,0.21141383,-0.023508191,0.15985426,-0.094629236
-0.5307007,0.120300755,-1.030986,0.23612024,-0.50670075,0.19453998,-0.3674745,0.16885518,-0.625968,0.13945939,-0.52558726
0.8529145,0.27966994,1.0893756,0.49002594,0.20232458,0.51749384,-0.11635043,0.58940625,0.89584607,0.26199526,0.03466213
1.0800769,0.35595775,1.2235998,0.5865168,0.3736759,0.37623262,0.15336537,0.298771,0.83971226,0.68780845,0.27636617
-1.5600872,0.13295461,0.6853639,0.21616668,-0.10614311,0.22850217,-1.3435417,0.22898537,-0.44483194,0.20340806,0.16319108
-1.0917056,0.15487094,0.3562599,0.30158466,-0.7665689,0.21143316,-0.40334228,0.18290865,-1.096897,0.18250036,-1.0265237
-0.27008814,0.12111898,-0.63592505,0.23941578,-1.0003611,0.21087891,-0.82008237,0.16431469,-0.86676615,0.14965001,-0.9333838
0.844191,0.1256334,0.50724196,0.2049565,0.6849631,0.20091909,0.9149599,0.18834147,0.6159494,0.1543672,0.7919533
-0.20416832,0.16861473,-0.1295548,0.39288157,-0.823412,0.23374438,-0.7727632,0.25527817,-0.646826,0.24696732,-1.0204866
-1.1675603,0.12894742,-1.8040674,0.24604777,-1.2501831,0.18518442,-0.9297468,0.15564291,-1.4381815,0.14393957,-1.1190513
1.4539323,0.18660334,1.2461095,0.28284657,1.7529627,0.19735359,1.6837153,0.19807447,1.8993979,0.18001331,2.012481
0.4506836,0.12154979,1.0420918,0.20298342,0.4794263,0.1943749,0.5647583,0.20047057,0.5068697,0.16077444,0.81329495
-1.4023801,0.12050859,-1.6198132,0.20779568,-0.66046906,0.16738982,-1.1000146,0.16288146,-0.49418175,0.15479489,-0.42089015
1.1278713,0.1714163,1.0477407,0.28377882,1.4802694,0.27690452,0.5849231,0.27889642,1.0078781,0.18208395,1.3761898
-2.166205,0.16686481,-0.89924616,0.28687263,-1.532955,0.20643473,-2.1275246,0.17123614,-1.7358708,0.18653497,-1.540683
-1.6314086,0.11052473,-0.5437899,0.22578736,-0.019736055,0.19995102,-0.33160818,0.19010715,-0.5259901,0.14484203,-0.35578978
-1.7754563,0.19734009,-1.2323536,0.34964156,-1.011362,0.30462041,-1.3535594,0.2284522,-1.3802108,0.24997872,-0.866406
-0.102027185,0.1291361,1.1914217,0.23852235,2.1486475,0.21289143,1.7832305,0.18615797,1.6607535,0.14205955,2.102997
0.4585452,0.22362015,0.9354464,0.29725292,-0.38572434,0.29376698,-0.65583056,0.23837593,0.0174511,0.21118318,-0.25910798
-0.07558512,0.24761932,1.2533132,0.28139332,1.197371,0.33104292,1.61123,0.31750077,1.0025004,0.20909347,0.7114888
0.11250077,0.21355502,0.9301016,0.3456684,2.0723975,0.20545983,2.15422,0.2718975,1.2377052,0.1975755,2.0572863
-0.8945184,0.1284965,-1.7047381,0.23676789,-1.3133427,0.19215769,-0.95294154,0.18250711,-1.0839298,0.13902894,-1.4686064
0.91714656,0.14552888,0.88742954,0.2511619,0.22690584,0.24227588,0.16818382,0.26600924,0.45777026,0.16344859,0.8677759
1.1543423,0.18749085,0.92418325,0.2860417,1.5440817,0.1895976,0.97588885,0.22681955,1.2128726,0.18152973,1.1915852
1.1098105,0.13933866,0.37447804,0.2392498,1.6426537,0.21908851,1.4936876,0.22479999,1.6111457,0.15558182,1.3770692
-0.30718246,0.13259844,-0.26793316,0.26359117,-0.78536534,0.21356396,-0.20178388,0.17389794,-0.42404124,0.14560294,-0.6344297
-0.80213094,0.124390006,-0.51461464,0.22347608,-1.2035284,0.23005657,-0.84177846,0.23313683,-0.913334,0.1662874,-0.95337117
0.5000757,0.12631214,-0.29491112,0.24576741,-0.39830413,0.18244012,-0.041273385,0.18980598,-0.4026202,0.14868975,-0.1204799
0.96010846,0.16788048,1.1036215,0.26071763,0.9742318,0.26823562,0.5238558,0.28438565,0.61066407,0.18092977,1.3468522
-0.76964426,0.13079529,-0.9701624,0.23941578,-0.62741154,0.24010824,-0.84571505,0.19261318,-0.6112608,0.15938771,-0.96200323
-1.3828053,0.21406241,-1.6477635,0.45390606,-1.1583939,0.33154643,-1.1617768,0.31326416,-1.3816899,0.2250488,-1.265868
-1.3733763,0.1257415,0.23359193,0.20779568,0.028949834,0.20878075,-0.48290402,0.20686108,0.08381651,0.17878985,-0.45735484
-1.3493408,0.17104934,-1.1862452,0.36473665,-0.718647,0.2230826,-0.68096274,0.20306769,-0.8517335,0.22623952,-0.41259155
-0.9729233,0.22541088,-1.5400167,0.42171597,-1.4096453,0.18166141,-0.8342023,0.3714007,-1.6729062,0.32382706,-1.1946548
0.9469112,0.20155948,1.0683583,0.2988032,1.562816,0.3507185,0.88112223,0.31057724,1.298602,0.23460698,1.3586087
-0.20246647,0.117766775,-1.3023865,0.23301464,-0.75342166,0.17868695,-0.40999636,0.15899704,-0.4450651,0.14139992,-0.19533992
-0.38608098,0.89341265,1.144099,0.7234809,0.91746306,0.5668243,0.5574002,0.8915332,1.1233267,0.6334707,0.56185174
0.313408,0.14545032,0.6827319,0.25413197,0.6610064,0.25519782,0.04249984,0.28430852,0.28015822,0.1905484,1.2110955
-0.54471904,0.2144461,-1.1241205,0.3456684,-0.490329,0.22248708,-0.6482761,0.3327563,-0.7933383,0.2214034,-1.0809152
-1.1662902,0.20880984,-1.7833105,0.3739123,-1.0887665,0.17390372,-0.90743726,0.3117465,-1.2181948,0.2124291,-0.56674093
1.2643672,0.26748794,0.26121885,0.27138987,1.3807322,0.32773316,1.3124409,0.3592252,1.1592909,0.21267106,0.91575134
-2.0335488,0.12468483,-0.51873934,0.2379147,-0.913656,0.22759879,-1.5799835,0.16190626,-1.2992759,0.13050228,-1.31068
-0.8535391,0.113063045,-1.2777895,0.24153912,-0.9686565,0.20001903,-1.5598794,0.18504071,-1.6259525,0.1435817,-1.1716965
-1.8539832,0.13795851,0.4509416,0.24824175,-0.20676412,0.24528104,-1.5610594,0.21308492,-0.69043165,0.17352009,0.3012465
-0.41799048,0.18434685,-1.3579087,0.31146678,-1.4276832,0.21628824,-1.5897102,0.1617393,-1.3199378,0.22590993,-1.2015305
-0.6663973,0.20835699,-0.91280323,0.34964156,-0.71004814,0.36093396,-0.7305504,0.26457682,-0.8790824,0.26889685,-0.6485524
0.837227,0.118417926,0.7434435,0.2158439,0.613615,0.20194699,0.80675715,0.21207489,0.4961632,0.1452943,0.25685245
-0.114246525,0.11023065,0.6253796,0.24605513,-0.6008439,0.17249309,-0.43721887,0.15476695,-0.6004083,0.13471897,-0.4287171
-1.6554551,0.18862043,-0.49144772,0.33286983,-1.2134807,0.2393738,-1.3381954,0.1826966,-1.1734802,0.21151036,-1.317614
1.6006972,0.13332866,1.4007652,0.21966553,2.2099779,0.21904555,1.8215891,0.22564568,1.9440335,0.15266508,2.2268467
0.59724396,0.3388224,0.63440984,0.42519823,0.34214452,0.41016325,0.71470875,0.31995824,0.99145716,0.34772584,0.37010956
-0.4398257,0.15418413,-1.2864447,0.28284657,-0.95833737,0.18406391,-1.0026705,0.18147802,-1.3363543,0.17212194,-1.0674789
0.0634726,0.20478539,0.23009704,0.34842056,-1.0842488,0.3165426,-1.1374451,0.2713515,-0.7815349,0.27240226,-0.37489054
-1.2701732,0.17769152,-1.0333836,0.3160013,-0.90503985,0.20706353,-1.0131329,0.18936358,-1.3023223,0.22188996,-0.8876067
0.95149183,0.16478607,0.9074765,0.21140938,0.7099977,0.28803116,0.16239065,0.24571124,0.5933271,0.19087534,1.132615
-0.7593779,0.13085441,0.15090583,0.2626911,-0.3777537,0.20195682,0.26520717,0.17730665,-0.49651805,0.14959066,-0.7458917
0.09662986,0.13812555,-0.16815802,0.273783,-0.2205372,0.192341,-0.07380274,0.20237081,-0.6917416,0.1694046,-0.33591834
-1.4044673,0.14325461,-2.5791519,0.28206983,-1.4808058,0.2346523,-1.5165282,0.17944586,-1.8700581,0.17917697,-1.6453911
1.1829866,0.20221563,0.7850891,0.31338027,1.6370573,0.2030091,0.9149368,0.23431627,1.4323075,0.1623705,1.3217236
0.29171613,0.1200451,-0.1982231,0.19638619,-0.4078724,0.17493246,-0.26208818,0.17141207,-0.0755106,0.14056142,0.058830507
-1.1764344,0.1321033,0.66116124,0.21673635,0.7369533,0.215698,0.41631076,0.21181478,0.7187529,0.17147683,0.72939855
-0.69858015,0.10385695,-0.4930176,0.22801979,-0.07797313,0.18642274,-0.09105574,0.1819159,-0.34456414,0.1435828,-0.4230981
0.7957318,0.13429578,0.9464994,0.28359938,0.88675135,0.23713422,0.76755,0.19752869,0.935305,0.15279156,0.4639209
-0.44102466,0.11848133,-1.6200812,0.2611152,-0.9615588,0.21078135,-0.72206,0.16943453,-0.86781746,0.14574401,-0.70449054
0.46907106,0.21560204,0.49097532,0.24857453,-0.9116442,0.3849224,-0.8631442,0.2820616,-0.35153684,0.3257106,-0.14097841
-2.067277,0.13862303,-0.45330328,0.24469157,-1.5569047,0.2965699,-2.3273852,0.24599127,-1.6264389,0.19033805,-1.6050671
1.2791312,0.18068394,1.4813634,0.27262527,1.7594103,0.33409798,1.4918525,0.31309205,1.6678044,0.22844683,2.0523229
1.1109674,0.26844153,0.9845507,0.23805772,-0.5158501,0.3539063,-1.0538293,0.28564546,-0.24423675,0.23662506,0.8128022
1.3253218,0.22661167,1.3384721,0.35001713,1.5278527,0.4514193,1.3985884,0.381994,1.1863877,0.33228204,1.2767754
1.2326617,0.15417852,0.9523906,0.24576741,0.86731845,0.1969793,1.064929,0.20937869,0.97526747,0.16117685,1.0092357
-1.3072127,0.11069408,-1.7321206,0.24604777,-0.44498432,0.18431236,-0.899132,0.15564291,-0.7067007,0.1405872,-0.6663998
0.5894278,0.23278354,0.72179353,0.32360187,0.49777833,0.42360643,0.65330213,0.41238505,0.97266746,0.3535804,1.317765
1.165965,0.24916837,1.2865933,0.29147407,1.7122363,0.46665654,0.8807483,0.50645006,1.6383255,0.5170643,1.2207086
1.0557309,0.35595775,1.2235998,0.5865168,0.4152514,0.37623262,0.14064178,0.298771,0.83971226,0.68780845,0.27636617
0.9630354,0.29532948,0.3133617,0.41270143,1.0911441,0.36093396,1.1707842,0.27609518,0.7032606,0.35543865,1.3327895
-1.3862196,0.10385695,-0.66594976,0.22801979,-1.3090265,0.16547851,-1.8548987,0.17023218,-1.5872612,0.12911013,-1.419667
1.5864382,0.1753199,1.1967821,0.2701239,1.8457705,0.19196367,1.5506291,0.17273308,1.9016694,0.16972405,2.0101259
0.9143564,0.10352767,0.55957747,0.2336128,0.5292065,0.21680266,0.87423503,0.20693156,0.7057306,0.14274734,0.23520543
1.1837834,0.5001003,0.40125155,0.37083346,1.0168893,0.42360643,1.154883,0.41238505,0.856927,0.39835414,0.83261555
1.2834226,0.18749085,0.6725913,0.2860417,1.7797256,0.1895976,1.708124,0.22681955,1.6518923,0.18152973,2.0026367
1.0922904,0.15826069,1.0928112,0.2701239,0.8870386,0.18332644,0.88319343,0.15902583,0.8835416,0.15409993,0.90210366
-0.8933532,0.11035678,-1.2023715,0.23150824,-0.4288175,0.19222303,-1.1384406,0.22248602,-0.693159,0.15122177,-0.47262278
-1.4074616,0.13082919,-0.45495746,0.2511619,-0.72808987,0.2207586,-0.8415398,0.18735756,-1.0271641,0.1547546,-0.73055756
-0.607145,0.12543069,-2.009063,0.2049565,0.030258318,0.20090371,0.2032767,0.1839831,-0.32697964,0.16904803,-0.17421219
-0.38608098,0.89341265,1.144099,0.7234809,0.91746306,0.5668243,0.5574002,0.8915332,1.1233267,0.6334707,0.56185174
1.2029475,0.26141453,1.0001149,0.33286983,1.0875212,0.27958515,1.2602092,0.20107074,0.8266299,0.27633595,1.2230552
1.1663117,0.24393268,1.325202,0.42171597,0.92728966,0.18166141,0.9677236,0.34659758,1.0539695,0.32250497,0.478995
0.985717,0.18660334,0.43148834,0.28284657,0.7435781,0.19735359,1.0448914,0.19807447,0.6884299,0.18001331,0.48460642
1.4767712,0.16872622,0.39972392,0.2701239,1.66598,0.19196367,1.2449616,0.17273308,1.4078305,0.16972405,1.3575382
1.0756717,0.20221563,0.30930525,0.31338027,0.5687252,0.20120774,0.7042005,0.21808119,0.6333131,0.15192951,0.6950014
1.0047673,0.4573736,1.1642549,0.259939,0.9481148,0.46665654,0.8807483,0.50645006,0.019607974,0.5170643,1.2207086
-1.2055258,0.12253922,0.008457476,0.2049565,-0.10350267,0.2099702,-0.15173526,0.18834147,-0.4975409,0.15712368,-0.81115925
0.52596664,0.1595897,0.5176931,0.24531512,-0.568718,0.34124106,-0.5366484,0.26532435,-0.80242515,0.17554277,-0.16840377
-1.783204,0.12650527,-2.1621833,0.21053849,-1.4825407,0.17402399,-1.481337,0.17101169,-1.2152964,0.16630863,-1.483054
-1.7578129,0.11912454,-0.27821782,0.2572496,-0.80817133,0.24945387,-1.3351501,0.2049965,-0.9305954,0.173797,-0.9498278
0.6851458,0.17568928,0.5849734,0.25863707,0.3970036,0.27084845,0.9148668,0.32860705,0.7931136,0.21450013,0.533098
0.6020901,0.108736865,-0.029427003,0.23933095,0.19278464,0.20534414,0.44557327,0.18679623,0.09774946,0.14626832,0.0653931
1.1964251,0.121991545,1.0662305,0.22715022,1.1628067,0.21616761,0.96799964,0.22064209,1.131764,0.15686005,0.7744749
1.4871749,0.18749085,1.6083461,0.2860417,1.8337224,0.1895976,1.220714,0.22681955,1.848753,0.18152973,2.1149745
0.7834459,0.4573736,0.7984855,0.32470283,-0.035958502,0.38146612,0.60145456,0.49914193,1.1013316,0.38669398,0.7783017
0.70073783,0.1138741,0.49254155,0.21109025,0.5793743,0.20194699,0.88268477,0.19711788,0.39945552,0.13821138,0.6515993
-1.886789,0.12785208,-0.2725707,0.219708,-0.579956,0.22772603,-1.6279963,0.18363325,-1.1210756,0.16324946,-1.1813059
-0.9809273,0.1132034,-0.13643615,0.23834883,-0.90945315,0.20673972,-0.35243514,0.17445765,-1.0074459,0.14230576,-1.0637219
0.49899766,0.12427245,0.19806793,0.2392498,-0.35868642,0.20726547,0.50639194,0.1829002,-0.105703734,0.14140683,-0.23033078
-0.36654273,0.11042767,-0.67415625,0.22801979,-0.7270542,0.20618004,-0.2871127,0.19767688,-1.0939282,0.14862172,-0.63901067
-0.5752793,0.11341011,-0.7170792,0.22198433,-0.19666731,0.19764295,-0.1257411,0.17015378,-0.114084356,0.14005145,-0.2418805
1.1179485,0.35595775,1.1697853,0.5567685,-0.6065216,0.63609004,-0.69719523,0.49507773,0.83971226,0.68780845,-0.32829285
-1.1140891,0.19581969,-1.4303285,0.4200652,-1.5864754,0.3720803,-1.7209384,0.34909815,-1.2734762,0.32414022,-0.8194555
1.1373583,0.15570834,1.2669291,0.25246668,1.3509979,0.26393518,0.4525144,0.28257644,1.0395964,0.18122736,1.612042
-1.3570665,0.13227448,-0.23385946,0.24531512,-0.39200202,0.25444517,-0.61800027,0.21162605,-0.9449149,0.15578137,-1.2500484
-0.048995554,0.121552974,0.1438768,0.20948239,1.0091394,0.22186843,0.55734146,0.19588219,0.5155383,0.15785271,0.25930616
-0.13361642,0.19728291,-0.32526457,0.3425064,-0.35714456,0.2385787,-0.15672767,0.3076686,-0.52776384,0.18320484,-0.22870508
0.020099284,0.14022407,0.82558894,0.25246668,0.5498976,0.21684256,-0.110132016,0.26021582,0.16719657,0.17018063,0.6009162
1.5630766,0.260855,1.402106,0.36473665,1.5033413,0.41016325,1.4142615,0.31995824,1.1943245,0.32927966,1.1191503
-1.5097785,0.12111898,-1.0242051,0.23941578,-0.4321109,0.22502145,-0.5065838,0.20421326,-0.24483043,0.16150787,-0.6848381
-0.846768,0.124336444,-0.4836834,0.22715022,0.30379373,0.21947493,-0.011369891,0.19588219,0.110140085,0.15740557,-0.45020294
1.1589121,0.25015408,1.0889655,0.65203184,-1.2378867,0.55598587,-0.9070769,0.67484075,0.8732766,0.65714526,-0.82225084
0.9825176,0.23018222,0.7547484,0.44450817,0.43050724,0.3215723,0.37321675,0.32985842,0.94450784,0.19907337,0.19892825
0.41834697,0.19272086,0.09582388,0.31338027,-0.028038694,0.2030091,0.18229239,0.23431627,-0.2144045,0.16087271,-0.17240766
-0.24132381,0.11671652,-0.28903025,0.2721848,-1.2007265,0.18970278,-0.8058774,0.16180417,-0.91463476,0.14891441,-0.94229114
-0.30123448,0.19532682,-0.16443874,0.30981806,-0.21511807,0.30584452,-0.37379757,0.21620682,-0.17176132,0.21297204,-0.81970984
0.492235,0.27758375,0.48473525,0.23575321,-0.10225711,0.28676555,0.86793643,0.32909068,0.6179494,0.21354027,0.13328741
-0.99184364,0.13104732,-2.239267,0.26757622,-1.1036804,0.24153881,-1.0292856,0.21875228,-1.7072368,0.19925345,-1.3631272
-1.1677455,0.11184918,-0.5523821,0.24429454,-0.36851087,0.22081171,-0.317137,0.20627917,-0.24621348,0.16101891,-0.7378701
0.96381164,0.5001003,0.8687181,0.34848073,1.5360004,0.42360643,1.4056735,0.41238505,1.3931825,0.39835414,1.317765
0.007237499,0.17527507,-0.42725968,0.3160013,-0.40906176,0.27209648,-0.18749157,0.20013121,-0.70103234,0.19860613,-0.7237318
-1.1140891,0.19581969,-1.4303285,0.4200652,-1.5864754,0.3720803,-1.7209384,0.34909815,-1.2734762,0.32414022,-0.8194555
-0.27091378,0.12154979,-0.10251676,0.20298342,-1.2476501,0.16634594,-0.90813845,0.1615781,-0.87042207,0.1420844,-0.7960825
-1.1140891,0.19581969,-1.4303285,0.4200652,-1.5864754,0.3720803,-1.7209384,0.34909815,-1.2734762,0.32414022,-0.8194555
-0.23015483,0.21250087,0.05982033,0.39620548,-0.7832016,0.28207695,-0.15701854,0.35689184,-0.7323841,0.25234678,0.12469719
0.9286816,0.12355439,0.94480175,0.24234171,0.920593,0.19697618,0.8928849,0.21696346,0.9664209,0.15612316,0.25209913
-2.1848986,0.16791375,-0.7950175,0.33286983,-0.97388864,0.22597177,-1.7098205,0.16409425,-0.97551256,0.20746541,-0.31806925
0.06693287,0.21941449,-0.5548962,0.3160013,-0.0407663,0.3116802,-0.38716558,0.24702305,-0.61994314,0.2473489,-0.4002683
1.2953949,0.14022812,0.36045405,0.2049565,1.6033666,0.20851842,1.757631,0.22718398,1.6689571,0.16990362,1.8904258
-1.5954688,0.14919956,-2.375689,0.24458161,-2.1370006,0.19623616,-1.6496371,0.1978148,-1.8836122,0.20331508,-1.7020695
-1.2154791,0.1443519,-0.0002706054,0.28352326,-0.67387915,0.19191773,-0.35198754,0.17974152,-0.55886894,0.1443057,-0.5138048
0.5985978,0.10944714,0.05640225,0.21172263,-0.058391962,0.20146316,0.44529432,0.19655472,0.45880148,0.14412153,-0.11516449
-0.024412174,0.31618214,0.62958956,0.5567685,-0.5472829,0.41016325,-0.5155392,0.31995824,0.8339458,0.7084527,0.08921932
-0.2529499,0.11031315,-0.11763714,0.2435471,-0.58724403,0.1766003,-0.20837212,0.15072504,-0.19490506,0.1331139,-0.35688522
0.05082959,0.15316103,0.74426633,0.24639824,0.66752887,0.2596141,-0.13128005,0.2635005,0.058190312,0.17727579,0.5799433
-0.24670877,0.12366459,-0.33600274,0.20011306,-0.74494857,0.17493246,-0.4358689,0.17866017,-0.80894935,0.1460819,-0.66938186
-0.50199795,0.30210257,0.047549605,0.6418249,0.3485415,0.5411399,-0.13253112,0.46058783,0.31673613,0.6638826,-0.1775059
0.3708006,0.1474389,0.51391,0.25413197,-0.7308393,0.21195382,-0.94994354,0.19837862,-0.6722241,0.16907477,0.16053599
1.2452905,0.29187784,1.5188533,0.57297325,1.0254997,0.4508037,1.3479704,0.48397914,1.7161143,0.27470073,1.1833445
0.2686976,0.1384217,0.53978485,0.28279042,-0.53145534,0.22765179,-0.35109892,0.17363174,-0.33484903,0.18695273,-0.66476315
1.3770202,0.1418707,0.4413673,0.2049565,1.4273925,0.20851842,1.3373672,0.22718398,1.4213277,0.16990362,1.569268
0.8262106,0.13166882,0.9986154,0.21596204,1.1609201,0.20586497,1.1460813,0.22412238,0.8684631,0.17233388,0.2540018
-1.5135885,0.1317575,-0.92570174,0.20298342,-0.20997375,0.22078969,-1.3143553,0.20047057,-0.9239216,0.16469336,-0.61012834
1.2131401,0.23278354,0.68575364,0.32360187,0.9328343,0.34416658,0.49756196,0.2614745,0.89010996,0.22169714,1.33094
-2.1933398,0.14470048,-1.1347433,0.21057026,-1.6381783,0.2841752,-2.1869695,0.2432516,-1.6194683,0.20043252,-1.3040898
0.4555334,0.124049254,0.9912098,0.2435471,0.3868745,0.21307223,0.5783938,0.19195448,0.5969305,0.15598796,1.0033511
0.5331802,0.26141453,0.8305125,0.33286983,0.44733557,0.29679266,0.58463854,0.20991474,0.65924424,0.3289909,0.7424462
-1.5554781,0.12807031,-1.9707208,0.22137748,-1.4559839,0.17350553,-0.84468406,0.17657226,-1.4765522,0.16570085,-1.260349
0.5114888,0.16663665,-0.013915001,0.3087767,-0.33316094,0.22644351,-0.5255527,0.23878641,-0.22630548,0.2202611,-0.10357547
-0.5968359,0.20880984,-1.1273278,0.3739123,-0.6241546,0.17390372,-0.5100792,0.3117465,-0.6252896,0.2124291,-1.2200304
1.276466,0.18660334,1.3484577,0.28284657,1.4959003,0.19735359,1.5846621,0.19807447,1.4824668,0.18173909,1.4138153
-0.9068833,0.14422472,0.9753914,0.2626911,0.9171743,0.22922175,0.60901165,0.21583496,0.2747661,0.18332858,1.0060983
-0.17269886,0.1363805,-0.65695196,0.26718533,0.59133536,0.22191937,0.65162504,0.15592037,-0.11961704,0.13338293,0.1175197
-0.159755,0.13709775,-0.8197949,0.27388433,-0.7331169,0.2489485,-0.058966167,0.16731691,-0.33177832,0.13729618,-0.32669294
-2.0665765,0.13082919,-0.9806648,0.2511619,-1.6241764,0.2207586,-2.1418529,0.18735756,-1.4869267,0.1547546,-1.3193483
-2.2079792,0.14199814,-1.0918038,0.2710602,-1.5346881,0.25225216,-2.2132514,0.21336359,-1.5420737,0.1829194,-1.615746
-0.15603061,0.17232381,0.042194888,0.33050954,-0.6631698,0.26527497,-0.73002857,0.2104939,-0.52245504,0.2419649,-0.91642016
0.966738,0.11129932,0.13121371,0.22972222,0.43760815,0.23261674,0.550262,0.23348199,0.31522763,0.15461487,0.055794135
1.0653692,0.37306467,1.0707449,0.6193249,-0.584583,0.55598587,-0.6971223,0.67484075,0.77651703,0.7389316,-0.35663846
-1.2222731,0.18427166,-1.3074534,0.33064833,-0.98473847,0.3119293,-1.1212114,0.21652193,-1.1831372,0.20390892,-1.3192098
0.17828979,0.1348857,0.50459546,0.25246668,0.15201305,0.24426106,0.0935675,0.21135871,-0.03421438,0.14955352,-0.28688598
0.17094868,0.12266529,0.34464467,0.20779568,0.05971511,0.2211467,0.1961687,0.1966276,-0.30401844,0.16553405,-0.44898048
-1.7173818,0.13012664,-0.2867414,0.25367594,-1.1592848,0.26827466,-1.712812,0.2703891,-1.1972317,0.18727265,-1.567582
1.284338,0.1541695,1.0211123,0.2158439,1.4105823,0.20949604,1.6266392,0.24345458,1.4418502,0.16317663,1.5673172
1.1012952,0.13332866,0.9484429,0.21966553,1.407682,0.21904555,1.1375806,0.22564568,1.3513658,0.15266508,1.6189487
-1.0982182,0.122428425,-1.0047938,0.23301464,-0.740192,0.2246441,-0.6977322,0.18507233,-1.1864715,0.15038805,-1.0139486
0.20003285,0.113063045,-0.6866278,0.24153912,0.14482419,0.20001903,0.1776829,0.18504071,-0.56286883,0.1435817,-0.36596012
0.503726,0.3388224,0.7369265,0.42519823,-0.12727551,0.41016325,0.49760616,0.31995824,0.83959645,0.34772584,0.79144496
1.1016219,0.13939422,0.4908355,0.24576741,1.5813129,0.1969793,1.6409434,0.20937869,1.5926602,0.15464881,1.3448926
-0.879346,0.11322186,-0.7055859,0.24424958,-1.0683069,0.17889829,-0.5523483,0.15475778,-0.89496744,0.13001312,-0.48460984
1.6286016,0.16872622,1.2522521,0.2701239,1.7408717,0.19196367,1.6316221,0.17273308,1.8463985,0.16972405,2.1913142
1.6238545,0.1753199,1.2986668,0.2701239,1.7300692,0.19196367,1.4879619,0.17273308,1.5842842,0.16972405,1.5844465
1.4782903,0.18660334,0.8582378,0.28284657,1.867962,0.19735359,1.2816262,0.19807447,1.3310965,0.18001331,1.3751128
0.9789986,0.124336444,0.8074292,0.22715022,1.0753908,0.21947493,1.007108,0.19588219,1.1119105,0.1432447,0.91828233
-1.5011804,0.17567453,-2.3932452,0.30158466,-1.7418615,0.21243529,-1.446561,0.19970489,-1.6446229,0.2273782,-1.2093223
-1.9404145,0.11310399,0.028088447,0.2435471,-1.0851082,0.22696695,-1.2982588,0.20470612,-1.0094217,0.15785867,-1.2629035
-0.23495218,0.12638912,-0.35120466,0.21596734,0.0021209586,0.23991849,0.3920851,0.20577091,-0.32506135,0.16901593,-0.27206615
-0.29611412,0.11312951,-0.5703065,0.22198433,-0.47363603,0.21064295,-0.9435924,0.20055795,-1.0639251,0.14860356,-0.50859785
-0.2500024,0.115476124,-0.9256726,0.24605513,-0.7119091,0.20966189,-0.21653475,0.19092403,-1.0131383,0.1516413,-0.53348213
0.27673328,0.24224436,0.6244109,0.36473665,-0.2508071,0.41016325,0.063401,0.31995824,0.46091315,0.313119,-0.13878179
-0.16077486,0.17062315,-0.55016994,0.31601527,-0.49532476,0.19964284,-0.6004,0.23981403,-0.7471695,0.21549448,-0.94774806
-0.21174365,0.12903292,-0.14395587,0.20298342,-0.36245278,0.22073857,-1.1181973,0.20047057,-0.9406209,0.16123986,-0.65007263
1.1532301,0.35760242,1.376416,0.3692243,1.2872018,0.3070519,0.86407435,0.21363607,0.8474384,0.365848,1.2696631
1.5499873,0.24273284,1.3813024,0.42171597,1.9597347,0.17525546,1.7574167,0.30070907,1.7099991,0.2676424,1.9513745
1.0047673,0.4573736,0.97030306,0.32470283,1.0096939,0.38146612,1.3194193,0.49914193,1.1013316,0.38669398,1.2535485
1.229712,0.17155161,1.6156358,0.25413197,1.6894903,0.32773316,1.5392978,0.31522533,1.6714351,0.21267106,1.9652829
-0.4640227,0.840724,1.1974143275,0.65812615125,-0.99323344,0.6155359,-0.9203545,0.56339204,-0.7891338,0.72381175,-0.43061766
1.5790759,0.13702391,1.376731,0.23852235,1.8714914,0.2223759,1.9641132,0.21836512,1.8946474,0.14413863,2.2908676
1.2426347,0.17709623,1.2696319,0.2626911,1.1994908,0.24336043,1.1444157,0.24753037,1.6129258,0.18901512,1.0159831
-1.405155,0.12982956,-1.3639798,0.25367594,-1.3310907,0.22439805,-0.98430157,0.18034442,-1.2939863,0.16214646,-1.5807533
-1.0194836,0.124861605,0.8947922,0.22578736,1.1705934,0.20715906,0.77497303,0.19832212,0.613575,0.15107046,1.2735864
0.64434487,0.14365922,-1.0789044,0.22433582,1.2695084,0.21904555,1.1711334,0.24467006,0.9287557,0.15829188,0.9021154
-0.19096817,0.11219159,0.043895766,0.2604739,-0.47151542,0.18151662,-0.6374164,0.15547214,-0.13761903,0.1393527,-0.48874643
-0.44189405,0.12711088,-0.67032135,0.26872444,-0.7377962,0.213053,-0.464942,0.1642939,-0.68091106,0.17011963,-0.73039365
1.1368502,0.25972143,1.4263855,0.38143334,0.89257663,0.2604384,1.0121639,0.37869307,1.2612122,0.3051176,0.5277674
-0.13117337,0.1261827,-0.39783883,0.21596734,-0.41333082,0.22665118,-0.12876992,0.20012474,-0.17377862,0.16823901,-0.46151912
-0.20245165,0.1275105,-0.01853321,0.20155461,-0.38253894,0.23805721,-0.9202838,0.20973079,-0.97051096,0.16971274,-0.7406253
-2.0841167,0.12257222,-0.90021694,0.28942022,-1.3320949,0.21294978,-2.0190728,0.17612603,-1.1800516,0.17939962,-0.34573933
-0.7084732,0.16203202,0.8754133,0.27811614,0.70467585,0.18875612,0.6516038,0.16867304,0.38957578,0.18083327,0.99080855
0.56639975,0.20282012,0.15345609,0.3425064,0.45406955,0.21671158,0.70369613,0.26255658,0.41365454,0.17013991,0.3450162
-0.6377379,0.18421584,-1.6435984,0.3425064,-0.834016,0.23566958,-0.85741466,0.33410773,-1.2779871,0.17500369,-1.1566707
-0.17785765,0.16499291,-0.37985808,0.29205847,-0.7660161,0.1892828,-0.5933339,0.19016927,-0.93645173,0.18557575,-0.9744293
0.02478336,0.13506885,0.06767358,0.25413197,0.13853213,0.2658486,0.4088474,0.23640923,0.017466683,0.16725531,-0.0044234567
-1.0947742,0.16392404,-1.9763993,0.23028909,-0.6348982,0.3102525,0.060603276,0.3598965,-0.34632313,0.24605927,-0.15556397
0.2766786,0.1389507,-0.42652526,0.27516082,-0.2441938,0.25065002,0.042447865,0.20455796,-0.4213032,0.1616397,-0.39435685
1.0823448,0.13526489,0.6130059,0.24576741,0.9385302,0.18244012,1.4238946,0.18980598,1.1812912,0.15147251,1.4125619
1.0852633,0.12074063,0.8047382,0.22801979,0.39155853,0.20618004,0.7158008,0.19767688,0.5768357,0.15180986,1.3972125
0.11536952,0.1194824,0.2074287,0.22801979,-0.49172944,0.20618004,-0.021130007,0.19767688,-0.5351133,0.15180986,-0.91161585
-1.6379415,0.11199489,-0.53878206,0.21966553,0.00069147494,0.20266993,-0.28433284,0.19217421,-0.54538447,0.14354345,-0.43827593
0.7834459,0.4573736,1.001911,0.28873286,0.8321749,0.4462169,0.8398941,0.46863475,0.6222476,0.48311755,0.63938063
-2.2376373,0.14360286,0.53762347,0.3240828,-2.0891702,0.30563286,-2.2796555,0.23639414,-1.2602874,0.23820029,-1.5439601
1.146864,0.20330961,0.21827713,0.27936524,1.0974132,0.30065352,1.2822838,0.33337185,1.1227235,0.23457627,1.1194067
0.5336419,0.15540175,-0.11730054,0.26359117,0.23054637,0.2524347,0.6639678,0.25555614,-0.22508459,0.18086559,-0.07885615
1.5548655,0.1427277,1.5254533,0.19816442,1.8794787,0.22740935,1.9157813,0.21766974,1.9945033,0.15981357,2.2740095
-0.45587853,0.11510484,-1.4244711,0.24153912,0.2183547,0.20316128,0.12148399,0.18504071,-0.26005265,0.14900972,-0.33201328
-0.11410959,0.121788286,-0.6111074,0.20650044,-0.64762384,0.17234476,-0.40541443,0.16352624,-0.524444,0.14629851,-0.27330652
-0.5191632,0.23395377,0.8713093,0.3456684,0.75255734,0.22248708,0.5834962,0.3327563,0.71609294,0.23095733,0.033033475
0.34980735,0.124049254,0.84694004,0.2435471,0.15689808,0.21307223,0.21328495,0.19195448,0.21417831,0.15598796,0.3155195
-0.97113913,0.1161385,-0.29869092,0.2563781,-1.0005051,0.21715587,-0.4617283,0.17652696,-1.1556796,0.1487971,-1.2417105
-0.5138495,0.16704632,1.0276792,0.27811614,0.39803255,0.19769508,0.26031473,0.1784948,0.5765303,0.18234341,0.70509094
1.0150408,0.13814999,0.9856761,0.24576741,0.8426212,0.18923141,1.2009887,0.18052627,0.9766171,0.1456885,0.6331716
-1.4954839,0.14196248,-0.6933408,0.21239938,-0.78711504,0.2274786,-1.036864,0.19107075,-1.011779,0.14561439,-1.1320504
0.822893,0.1394441,0.70776665,0.2611152,0.80259424,0.23370823,0.75610536,0.20216198,0.8974271,0.16414034,0.46592325
-0.55496466,0.16861473,-0.691396,0.39288157,-1.6289815,0.23374438,-1.3477335,0.25527817,-1.3443385,0.24696732,-0.78945863
1.0172734,0.49184886,0.77465147,0.3629172,1.0209076,0.43521574,1.3497759,0.30570865,0.8104313,0.40628618,1.2513132
1.0090517,0.44894844,0.9339902,0.41133508,0.48114753,0.43449232,0.3863683,0.46299163,1.0909524,0.41208923,0.31044587
-0.36699858,0.12136008,0.060216367,0.23941578,-0.81693244,0.20191254,-0.55287266,0.17099454,-0.59312695,0.1469944,-0.75342405
0.03274296,0.122428425,-0.23295686,0.23301464,-0.34275347,0.22668315,-0.7805449,0.19667533,-0.52480423,0.15556528,-0.48808652
-0.5993556,0.20880984,0.26254705,0.3739123,0.37572342,0.17390372,0.14170894,0.3117465,-0.30340305,0.2124291,-0.5336781
0.9956888,0.12547159,0.41311052,0.2049565,0.8642248,0.20976794,1.3719987,0.20282501,0.98450994,0.16268751,1.056978
-0.5065259,0.19324394,-0.9705726,0.3425064,-1.0390687,0.21671158,-0.72498536,0.26255658,-0.9894212,0.16791776,-1.3737023
1.2260886,0.4573736,0.25704408,0.29147407,0.9481148,0.46665654,1.2321227,0.50645006,1.1758349,0.5170643,0.63489777
-1.7973073,0.12981008,-0.23785049,0.22803602,-0.56073576,0.23296672,-1.2810565,0.19338712,-1.1203154,0.15139413,-1.1673822
0.503726,0.3388224,0.6856681,0.42519823,1.1821593,0.41016325,0.6423412,0.31995824,0.9155268,0.34772584,0.60418475
1.2905357,0.23365836,1.476132,0.5070044,1.4430901,0.4546723,1.1546942,0.42736217,1.7124276,0.27334678,1.2137817
0.5983548,0.12768643,0.10083366,0.23854543,0.11982219,0.25626966,-0.17990151,0.20670028,-0.14933403,0.1730508,-0.23362584
-0.94447327,0.1200451,-1.0592524,0.19638619,-0.81028014,0.17493246,-0.8984717,0.17141207,-0.8975917,0.14056142,-1.1784545
1.0202336,0.21760531,0.8104537,0.3168854,1.1635829,0.34606242,1.0504735,0.2593797,1.0757134,0.27298042,1.3431997
-1.2821976,0.14022957,-2.8264022,0.27938786,-1.7344935,0.26598743,-1.3950527,0.22261067,-1.6808267,0.21633616,-1.4507104
-0.92368984,0.20805575,-1.1313791,0.3739123,-0.7053357,0.16825922,-0.05081046,0.27709433,-0.4898703,0.1942361,-0.8641063
-0.51094234,0.19629622,-1.6478585,0.3739123,-0.4586289,0.16798848,-0.10548765,0.27709433,-0.7518378,0.19039504,-0.51225436
0.97418725,0.15019748,0.8862156,0.2259923,0.13760464,0.21331255,-0.18330249,0.23860152,0.3017624,0.19537842,0.8622239
0.5666488,0.19494854,-0.09429216,0.30092695,0.34126788,0.19594537,0.7249527,0.2455345,0.43502724,0.19591373,0.03129793
1.0739092,0.12681893,0.45255336,0.23852235,1.1597339,0.2123906,1.4405353,0.18615797,1.2633386,0.13975166,1.4765927
-0.18493819,0.12657972,-1.2831223,0.29207346,-1.2345475,0.23368725,-1.2742457,0.18447776,-1.1059717,0.1932299,-0.7911212
0.7332198,0.2041186,0.95355517,0.27849552,-0.0076570828,0.45873222,0.48343083,0.3557958,0.40045848,0.32487825,0.27413157
0.33663765,0.27281755,0.7925599,0.5181415,0.56805384,0.29585695,0.69832516,0.36699727,1.0345522,0.3552293,0.85021037
1.4564583,0.17545755,0.3451153,0.2789576,1.7551866,0.20748004,1.2164645,0.21286894,1.4251928,0.17337133,1.3111638
1.3730457,0.13039929,0.9400827,0.22578736,1.7023981,0.20196924,1.2837471,0.22240879,1.4567897,0.15054272,1.6043026
-1.9511522,0.12084156,0.7470576,0.2626911,-1.2265179,0.23138306,-1.1110463,0.21583496,-0.9557955,0.17769203,-1.0477809
-1.892188,0.23561907,-2.5093665,0.42171597,-1.9598554,0.18166141,-2.352025,0.3714007,-2.1446574,0.34409004,-1.2738321
-0.8705343,0.11232881,-1.2562367,0.23933095,-1.0975422,0.20592012,-1.5631198,0.18679623,-1.6691505,0.14461374,-1.208009
-0.84418416,0.20880984,-0.526032,0.3739123,-0.4736761,0.17166327,-0.048169967,0.28813973,0.001262441,0.20404732,-0.4722544
1.524296,0.11129932,0.85995173,0.22972222,1.8438251,0.23261674,1.758723,0.23348199,1.7487481,0.15461487,2.0310726
-1.8872102,0.13924079,0.47447726,0.2572496,-0.25402537,0.24662939,-1.4324051,0.2049965,-0.7638188,0.17672233,0.25237688
0.67239875,0.13139924,0.15486318,0.23941578,0.1926945,0.2672243,-0.08543232,0.22056375,-0.13617319,0.16921791,-0.27776048
0.22738126,0.12881824,-0.3975714,0.19816442,-0.3374746,0.2089153,0.45251757,0.19138496,-0.47986603,0.15208738,-0.58063024
0.30179748,0.13025552,0.1374105,0.23941578,0.030997649,0.25719294,0.08912539,0.22056375,-0.096047066,0.16649021,-0.56927454
1.1244032,0.23199603,0.95758826,0.3066951,1.2443185,0.43449232,1.1214026,0.46299163,0.9795308,0.36938298,1.2722981
-0.99329495,0.19728291,-1.2483796,0.3425064,-0.4923419,0.2385787,-0.17455535,0.3076686,-0.86605126,0.18256018,-1.0281905
1.2051101,0.3388224,0.4293764,0.42519823,1.1574531,0.41016325,1.1971589,0.31995824,1.0673876,0.34772584,0.9787051
-1.969473,0.13801898,-2.620819,0.22943297,-1.7685815,0.2633171,-1.8291354,0.23401847,-2.090172,0.20345923,-1.5681332
1.0256463,0.38760576,1.1697853,0.5567685,0.35288814,0.37623262,0.11129825,0.298771,0.80914056,0.7031033,0.19586764
0.114981435,0.13492016,-0.5185171,0.27378613,-0.18786043,0.25316784,0.23756553,0.18731195,-0.30220833,0.14776507,-0.09297682
0.057720866,0.12901612,0.10825132,0.24531512,0.06372437,0.2766009,0.44825715,0.23490638,-0.082664944,0.14885615,-0.47135592
-1.3789139,0.117251836,0.15826248,0.24429454,0.49468488,0.22081171,0.06671137,0.20627917,0.08082897,0.16376384,-0.109465234
-0.15110494,0.12414697,-0.45380262,0.22046137,-1.0528094,0.22944029,-0.71137303,0.1945188,-0.53653646,0.15606277,-0.66665035
0.9845395,0.23704337,0.8906137,0.3160013,1.2013444,0.33016694,1.1243982,0.25860062,1.3821536,0.26445022,1.4110359
-0.359746,0.12763944,-0.5383536,0.21523696,-0.68563884,0.21425478,-0.27879572,0.19859307,-1.0616537,0.15261081,-0.80123466
-0.2097698,0.20469572,-0.002811341,0.38434094,-0.17136872,0.23171562,-0.63316506,0.1701688,-0.18916532,0.18985872,0.055084318
-0.25544742,0.15006249,-1.9086056,0.2789576,-0.49002355,0.19101869,-0.7358242,0.18876773,-0.7328802,0.16627353,-0.9766118
-0.12192552,0.1486568,-1.518176,0.2701239,-0.5037567,0.17529827,-0.64694804,0.16144325,-0.7978722,0.15857455,-0.9060518
0.27781796,0.14794846,-0.043073814,0.22351009,-0.27203146,0.243636,-0.3856922,0.20797819,-0.2798426,0.17323798,-0.5081036
-0.0377829,0.12702563,-1.8697374,0.21109025,-0.43675575,0.21271284,-0.24422033,0.19711788,-0.7438642,0.14054534,-0.90134734
-1.2994816,0.12482908,-0.7157518,0.22680736,-0.7879905,0.21078666,-0.4887168,0.19094437,-0.8795327,0.1351001,-1.1426941
0.9632976,0.40085214,0.85172004,0.41270143,1.3484573,0.36093396,1.4146843,0.27609518,1.228445,0.35543865,1.3327895
0.51497275,0.122616954,0.5296495,0.23851493,0.12494795,0.21372063,0.015275832,0.21257286,0.39015993,0.1688077,0.34538716
1.5974458,0.17545755,0.14084753,0.2789576,1.8675679,0.20748004,1.7263458,0.21286894,1.6076002,0.17337133,1.9109117
-0.08329001,0.11800934,-0.69259655,0.24424958,-0.8610264,0.21306682,-0.32660228,0.1923768,-0.80001134,0.14543402,-0.69563574
1.8009918,0.17545755,1.0843374,0.2789576,2.286734,0.20748004,1.7486501,0.21286894,1.930524,0.17337133,2.4068246
-1.2660979,0.1870099,-1.3924621,0.31940094,-1.1624227,0.20880555,-1.12793,0.17136516,-1.1002424,0.18019976,-1.1760474
1.4649112,0.17545755,0.96987724,0.2789576,1.0438958,0.20748004,1.1872472,0.21286894,1.2330514,0.17337133,1.125667
0.13505709,0.14151694,0.111840725,0.2934464,-0.7646733,0.19718188,-0.80731475,0.20837526,-0.77031547,0.15362968,-0.17133531
0.99061126,0.120665416,0.3068212,0.21172263,0.5227629,0.20896402,0.70207095,0.22006781,0.3424507,0.15968367,0.20415175
-0.25111705,0.20537965,-0.7465036,0.3456684,-1.0551071,0.22248708,-0.5457791,0.3327563,-0.8341108,0.21414596,-1.3264294
-0.42001975,0.2144461,0.07521262,0.3456684,0.08493508,0.21352148,0.3394723,0.29643995,0.30013254,0.2060122,0.112761945
-0.40917915,0.12714414,-0.53408396,0.19638619,-0.8169307,0.20606185,-0.40831137,0.18916364,-0.94293815,0.15172063,-0.78713554
-0.7047014,0.16360337,-0.066948675,0.30981806,-1.0464191,0.4514193,-0.70091194,0.32958916,-0.57461303,0.25943056,0.098341845
-1.0517547,0.11970631,-1.0958431,0.21594997,-0.82601565,0.17144877,-0.830922,0.1629255,-1.0387559,0.14482208,-1.2055156
1.4451481,0.14000337,1.2560586,0.2049565,1.7742518,0.21868967,1.7357298,0.22718398,1.8312705,0.17010814,1.984779
0.434223,0.22319658,0.7656919,0.32008725,0.0011737255,0.2888104,-0.2693518,0.20809783,0.67911476,0.20809817,0.16947816
-0.9841224,0.11184918,-1.1505855,0.24429454,-0.53074586,0.22081171,-0.52258164,0.20627917,-0.79188645,0.16058528,-0.5923095
0.11393095,0.28669447,0.047549605,0.6418249,0.3485415,0.5411399,-0.13253112,0.46058783,-0.21566212,0.32796213,-0.46746466
-0.7136831,0.20880984,0.8739833,0.3739123,0.4394189,0.17390372,0.094098,0.3117465,0.55015975,0.2124291,0.41464216
0.5148423,0.15919068,0.93581057,0.26575315,1.6751546,0.22738864,1.8740308,0.23553073,1.5360307,0.16122706,1.9544177
0.40217575,0.21978322,0.98859096,0.3066951,0.054982536,0.299674,-0.32342026,0.21127343,0.72621685,0.21087077,0.12943545
-0.93050396,0.15914555,-1.4174377,0.31601527,-0.48123625,0.19901654,-0.14982888,0.2311553,-0.6979011,0.19271895,-1.0257394
-0.4163575,0.16194156,-1.9567144,0.2860417,-0.4879076,0.17826904,-0.023263086,0.20848858,-0.7490731,0.17319527,-0.26433066
0.95542896,0.11089416,0.15448417,0.2336128,0.44354957,0.22790752,0.4417078,0.23154943,0.34976828,0.16004433,0.20724401
-0.021864852,0.159045,-0.9881947,0.3050092,-0.4111562,0.20435026,-0.1732306,0.18934758,-0.5067722,0.17689006,-0.6511642
0.6279761,0.130378,0.22347361,0.23941578,0.4140075,0.2856664,0.19580944,0.2237774,-0.16776852,0.17413196,-0.029271552
1.0840341,0.15934286,0.63900393,0.26359117,1.5232224,0.2524347,1.3679984,0.25555614,1.2066386,0.18086559,1.1931275
-0.76364934,0.14443362,-0.2707852,0.2856389,-1.6241971,0.25972772,-1.2358112,0.221011,-1.254246,0.24391723,-1.1842004
-1.5367215,0.13297094,-2.4442172,0.22422254,-1.6617483,0.22432563,-2.1934803,0.22775663,-1.68012,0.17609534,-1.5134311
0.35889593,0.12759623,-0.08775569,0.24130794,-0.124616414,0.21800895,-0.70262945,0.20428966,-0.69973165,0.14956933,-0.434875
-0.9390946,0.12792437,-1.5123357,0.23612024,-1.0167506,0.2573959,-0.61834013,0.20385572,-1.1744585,0.15712707,-0.65909135
-0.63426876,0.15695845,-1.6263293,0.30092695,-1.019715,0.18366073,-1.1787553,0.22274236,-1.4958998,0.18216598,-1.5020676
-2.1964166,0.116188265,-0.7723721,0.2613027,-1.546674,0.19032122,-2.227407,0.18817917,-1.4312607,0.14647606,-0.9093597
-0.33054084,0.26714954,1.2061685,0.25838256,1.4630041,0.35066926,1.7261564,0.30356595,0.9501512,0.22062251,0.84383184
-1.0677956,0.12329655,-0.5521109,0.24604777,-0.82344455,0.18431236,-0.8187463,0.15564291,-1.1058366,0.14208807,-1.0342283
-1.0008192,0.12751408,0.86325145,0.21966553,1.1424961,0.21005656,0.67099214,0.20077854,0.53435963,0.15127355,1.1557362
1.0569569,0.25015408,1.0889655,0.65203184,-0.584583,0.55598587,-0.6971223,0.67484075,0.50260854,0.65714526,-0.35663846
0.18160866,0.13015173,-0.40597254,0.2336128,-0.2607931,0.23206347,0.082626045,0.20693156,-0.51561743,0.1581142,-0.63322556
-0.71773106,0.123728886,-0.04889422,0.21594997,-0.6323862,0.20134939,-0.6801552,0.18186668,-0.64676744,0.15429512,-0.87619936
1.3584644,0.15862145,1.3392706,0.2577881,1.7710526,0.23436625,1.6064517,0.23907429,1.9106989,0.17023398,1.8287581
-1.1871204,0.11455075,-1.3453116,0.2572496,-0.9180372,0.23424226,-0.7733627,0.19421318,-1.0392843,0.16143115,-0.789497
-1.5444287,0.11967908,0.005959166,0.2344665,-0.9563664,0.2331391,-1.1594452,0.19123325,-0.8819844,0.14029793,-0.40493837
0.023895197,0.121708244,-1.4235759,0.22715022,-0.30889526,0.21947493,-0.20263395,0.19588219,-0.7245945,0.1432447,-0.7809034
0.6571436,0.13322233,0.42096868,0.24130794,0.9994945,0.21801926,0.7258236,0.20428966,0.86050457,0.15546152,0.4258251
-0.83959025,0.24075487,1.0771962,0.4362975,0.8346103,0.29585695,0.93970436,0.36699727,-0.06934162,0.33244303,-0.08525073
1.4225905,0.1510167,1.1868744,0.24130794,1.490947,0.22878669,1.9142592,0.23062365,1.7041284,0.15826295,1.7359935
1.1867182,0.25015408,1.0889655,0.65203184,-0.6065216,0.63609004,-0.69719523,0.49507773,0.8768649,0.69316393,-0.32829285
-0.68529063,0.13341725,-1.6364983,0.2764136,-1.1397254,0.19828105,-1.240296,0.16200608,-1.0381,0.1533389,-1.0882324
-0.1653216,0.11537656,-1.8065273,0.2392498,-0.04699139,0.20728236,0.28426254,0.19724673,-0.4329804,0.14758797,-0.27916035
0.9356793,0.16186124,0.61276925,0.2789576,1.0928396,0.1950475,1.155299,0.19378558,0.9849447,0.16935514,0.81244415
-0.24901532,0.1107234,-1.3054422,0.24429454,-0.5246123,0.18672736,-0.3178821,0.15759236,-0.9713046,0.14057694,-0.9785947
-1.6009486,0.23561907,-2.682813,0.42171597,-1.6499978,0.18166141,-1.7562268,0.34659758,-1.8765634,0.31542537,-1.647852
-0.3957157,0.12714414,-0.040780123,0.19638619,-0.8404026,0.20606185,-0.40889207,0.18916364,-0.7142822,0.15172063,-0.88711786
0.7674289,0.47872943,0.39587107,0.39340416,-0.024994714,0.44928673,0.64282554,0.46022296,1.1112082,0.4115061,0.8152648
-1.8179613,0.24913126,-2.1429543,0.38143334,-1.9168637,0.2604384,-2.1825747,0.42183673,-2.1361532,0.33180228,-1.1692898
1.0322717,0.2430628,0.8263478,0.33050954,1.2216281,0.30001497,1.1539088,0.23772918,1.418728,0.26774508,1.4077896
1.5455791,0.16933234,1.5119395,0.2577881,1.6161138,0.23616713,1.6580347,0.23907429,1.7893414,0.17329617,1.9571373
-1.8243914,0.17809099,-0.26715577,0.4362975,-0.73999465,0.25935063,-1.2142922,0.30160898,-0.7346668,0.29679325,0.12543035
1.2886877,0.25159094,1.8840714,0.33296463,0.7752581,0.488192,1.3711553,0.52220845,1.7187345,0.22204079,1.0228233
0.6583206,0.15222833,0.6867544,0.28685582,0.44423062,0.19491592,0.531916,0.1820482,0.04121649,0.16006428,0.23937008
-0.23045383,0.12154979,-0.8180257,0.20298342,-1.3423693,0.16634594,-0.88314533,0.1615781,-0.8587092,0.1420844,-0.6443582
0.7648473,0.16470079,0.86289513,0.22344396,0.5338158,0.29101032,0.17846589,0.24544087,0.09226083,0.18420474,1.1269978
1.2260886,0.4573736,0.22811441,0.41988796,0.971156,0.4908341,0.9428068,0.515426,0.6818823,0.5265229,0.67526835
0.9671982,0.51117224,1.1125096,0.33214673,1.5278527,0.4514193,1.3985884,0.381994,1.6594858,0.3573372,1.2767754
0.2619541,0.103448436,0.4180602,0.22972222,-0.1827315,0.220827,0.4741052,0.20847191,-0.105334796,0.13979256,-0.3000793
-0.42371935,0.16618192,-0.548657,0.29303238,-0.68019426,0.21923761,-0.80475396,0.20631051,-0.7627194,0.20546657,-0.99590343
-1.6486295,0.16710156,0.2636441,0.31601527,-0.5843361,0.19964284,-1.2986679,0.2311553,-1.1739743,0.19734798,0.40148908
0.46973732,0.26748794,1.4332943,0.27138987,1.1631994,0.32773316,0.98101914,0.3592252,0.7633626,0.21267106,0.46248105
-0.42399663,0.26145712,0.5075389,0.4748072,-1.6624231,0.18761756,-1.1312532,0.38636038,-0.8786043,0.3505094,-0.998565
1.2758166,0.14003593,0.41534764,0.1922474,1.6239216,0.21110147,1.8195289,0.22809975,1.8748034,0.16193755,1.7466336
0.021420652,0.14991507,0.7776704,0.25432298,0.81035495,0.45873222,0.0488829,0.39248595,0.4665177,0.4233258,0.7277406
1.2955456,0.28247356,1.2738783,0.4786472,1.2581689,0.45408258,0.678599,0.47397023,1.7150553,0.2515494,1.161903
-0.15472235,0.12994204,0.13885348,0.21078306,0.99168664,0.23350912,0.72238964,0.20693156,0.5578226,0.15993327,0.17052732
-0.900963,0.1599088,1.1541721,0.21260111,1.0792017,0.23524602,0.5896565,0.27038684,0.5559838,0.20462193,0.5626532
-1.4810816,0.11574044,-2.085893,0.23303711,-1.6453171,0.19104896,-1.4796302,0.18117861,-1.6629143,0.13874832,-1.3297108
-0.84757555,0.1264769,-1.0901598,0.20681481,-0.37799397,0.20284577,-1.2332377,0.22313868,-0.927119,0.17014165,-0.6168871
1.3692625,0.15987015,1.2844193,0.2564487,1.8628796,0.22385348,1.6911639,0.232354,1.9418256,0.17337562,2.0033453
-0.7693768,0.12990868,-0.6057786,0.19816442,0.14552507,0.20895863,0.11290682,0.17965466,0.4367403,0.1549752,0.27294502
-1.050321,0.13248841,0.56474894,0.2049565,1.4098897,0.2099702,0.9690701,0.20282501,0.84240305,0.17209183,1.1662157
-0.79869145,0.13666868,-0.6708382,0.20681481,-2.063531,0.20945908,-1.1846807,0.1933637,-1.1767999,0.15945849,-1.2340935
1.1403766,0.25508323,0.37733045,0.3629172,0.5790653,0.42071566,1.1025314,0.30570865,0.51868993,0.3981233,0.50699157
-1.6306257,0.12982081,-1.5260483,0.21078306,-1.8518474,0.23206347,-2.1957111,0.20693156,-2.2959745,0.1585599,-1.6057793
1.5716362,0.16281368,1.0467929,0.2648508,2.2235274,0.20130588,1.8034278,0.21566325,1.9834989,0.17271253,2.4591184
0.43581858,0.12512718,-1.3267953,0.23852235,0.019836776,0.19386466,-0.36315495,0.1598366,-0.08629714,0.13059978,-0.54083586
-0.38737285,0.23376355,-0.5440042,0.38143334,-0.73260254,0.2604384,-0.44155583,0.32403782,-0.9296717,0.24302454,-0.9920248
-1.4371644,0.12492956,-1.3511459,0.20702998,-1.6443737,0.20211773,-2.3660421,0.19097318,-2.2611558,0.14954023,-1.4949881
0.4674655,0.20627727,0.5060284,0.25632203,-0.99618304,0.3160413,-0.97082615,0.27511337,-0.27995306,0.30755174,-0.3401695
-0.050366238,0.12832223,-0.08487372,0.23612024,-0.046926882,0.2575411,-0.21072541,0.21355523,0.00735091,0.16086479,-0.3080052
-1.097049,0.15914896,-0.6772648,0.31601527,-0.91119677,0.19964284,-1.024137,0.2311553,-1.2653756,0.19734798,-1.2091119
-0.97202206,0.25608963,-1.3064337,0.4352209,-0.59987116,0.30231553,-1.2009296,0.39226258,-1.1905804,0.29636618,-1.3366088
1.2945236,0.16872622,-0.060543258,0.2701239,1.530566,0.19196367,1.606696,0.17273308,1.5282701,0.17060271,1.536727
-1.5037304,0.1260465,-0.23101808,0.21172263,0.4386173,0.20137176,-0.1643071,0.19072802,-0.2377021,0.15864709,-0.26622778
-0.08282745,0.12632416,-0.43238017,0.21954472,-0.7749415,0.17445217,-0.71080035,0.16077276,-0.38995403,0.14421633,-0.7446631
-1.0849172,0.13106775,1.174731,0.24694167,0.7482061,0.22828384,0.4965418,0.19829737,0.7507341,0.1487923,1.0011098
-1.0942599,0.21406241,-0.18253477,0.45390606,-0.4059629,0.32386917,-0.2340894,0.3129677,-0.9067207,0.22307014,-1.0074787
0.1838757,0.12337085,-0.8688817,0.21523696,0.027209831,0.20460859,-0.4816659,0.19859307,0.07443699,0.15408882,-0.08957124
-1.3633608,0.15695845,-1.5158702,0.30092695,-0.8399231,0.18366073,-1.798834,0.22274236,-1.5963182,0.18216598,-1.1567595
0.5705256,0.110045634,-0.11449261,0.24153912,0.31320208,0.20131288,0.44918203,0.18504071,0.07242307,0.14627771,0.1254267
-0.5838394,0.1255659,-1.2619368,0.20779568,-0.6759044,0.19943719,-0.80424625,0.18597926,-0.6573328,0.1675954,-0.86324114
0.9730169,0.1298971,1.088401,0.22433582,0.7820185,0.20227832,1.0409067,0.19113472,0.48591176,0.1322298,0.0692805
0.71535856,0.13568038,0.8410733,0.24130794,1.1278335,0.21801926,1.0040103,0.20428966,0.7766677,0.15546152,0.51425815
0.2823387,0.120300755,-0.580146,0.23612024,-0.15731002,0.22175786,-0.2886271,0.21355523,0.17294367,0.15436317,-0.08144364
-1.0587635,0.13006492,1.264519,0.33175614,0.27155155,0.27534783,-0.57759684,0.22910234,0.21245949,0.24553446,0.85481673
0.80579793,0.2354797,1.283926,0.34742737,-0.772722,0.29376698,-1.3505894,0.23837593,0.22945847,0.21118318,-0.026185479
0.9956558,0.21461327,0.64707667,0.2581048,0.55734867,0.4462169,0.55235827,0.35031468,0.5298677,0.31179726,0.5029686
0.8763066,0.13128431,0.9204968,0.24153912,0.8645947,0.20989187,1.0480437,0.17814942,0.53401434,0.13652351,0.26556966
-1.6607736,0.12990868,-0.55029464,0.19816442,0.43783015,0.20895863,-0.3352266,0.19138496,-0.39061934,0.1549752,-0.27410254
-1.7880627,0.113061324,-0.22672698,0.2435471,-0.012174686,0.22696695,0.15966104,0.20470612,0.14953184,0.15785867,0.036955286
-0.8591428,0.13099325,-1.098094,0.2336128,-0.08659536,0.23350912,-0.08191213,0.20693156,-0.41648322,0.15993327,-0.385957
-0.2504447,0.14041193,-0.96614665,0.33061823,-0.3559479,0.31911844,-0.04091031,0.20579733,-0.54266185,0.15368006,-0.6495194
-0.03904555,0.11369881,-1.6507596,0.23933095,0.07796568,0.20841421,-0.21525136,0.18679623,-0.5537936,0.14887892,-0.781124
0.49336547,0.12526964,0.2046255,0.2049565,0.2501691,0.20072652,-0.33751902,0.19741161,-0.30428162,0.16199428,-0.2749417
-0.47762245,0.112505354,-0.49970925,0.2435471,-0.95375127,0.19869551,-0.30237836,0.16868953,-0.83736694,0.1374032,-0.75583035
-1.4841013,0.120980754,-1.1661506,0.23612024,-0.42018345,0.22524007,-0.5561648,0.21355523,-0.3102873,0.1557075,-0.7897916
-0.21898644,0.15914555,0.18849224,0.31601527,-0.4355772,0.19901654,-0.41485354,0.2311553,-0.73218614,0.19271895,-0.49913326
-0.007255065,0.1486568,-1.1787866,0.2701239,-0.009251564,0.18147737,-0.2158284,0.16209094,-0.33354503,0.1618073,-0.6628436
-0.41695103,0.12543069,0.13682462,0.2049565,0.8641537,0.20090371,0.67238694,0.19741161,0.40889037,0.16904803,0.05502791
1.1352667,0.20221563,0.9184429,0.31338027,0.99992985,0.20120774,1.0422251,0.21808119,0.83250594,0.15192951,0.7205799
-1.6166675,0.12764652,-0.522584,0.1922474,0.34597343,0.20808466,-0.3313344,0.19822408,-0.39616662,0.15776294,-0.33742142
-1.7388928,0.18945341,-0.10336967,0.4362975,-0.85974854,0.25935063,-1.2039629,0.2849022,-1.2527515,0.25404295,-0.6737798
-0.06899305,0.11042767,-0.32859343,0.22801979,-0.37984502,0.19680615,-0.78638947,0.18083546,-1.0508114,0.13899331,-0.58777136
0.021231102,0.12953609,-0.45660675,0.24028644,-0.10290804,0.2138347,-0.60832256,0.21842468,-0.5243891,0.15397124,-0.6516746
0.14879735,0.16617014,-0.17969488,0.21239938,-1.2141881,0.23952025,-0.90571827,0.22967261,-1.1125481,0.17669845,-0.5295229
0.75410944,0.1274209,0.8092755,0.24747567,0.8920376,0.22297287,1.0238605,0.23126565,0.7205537,0.17199156,0.24127375
-0.4166378,0.121226676,-1.0940045,0.21260111,-0.8969965,0.16738982,-0.7388666,0.17069307,-1.0639056,0.16323453,-0.8836543
1.538306,0.15862145,1.0653868,0.2577881,2.240654,0.23436625,1.8736473,0.23907429,1.9540563,0.17023398,2.3764088
-0.28106388,0.15852731,-0.99974084,0.28687263,-0.110049695,0.20643473,-0.18046153,0.17123614,-0.23223425,0.18653497,-0.5323319
1.3492107,0.13474183,0.84221846,0.23852235,1.4999235,0.21432865,1.5488677,0.21836512,1.6182193,0.14089273,1.7419499
0.46941695,0.12301777,-0.17943268,0.22198433,0.32649553,0.21064295,0.46852496,0.20055795,-0.2220839,0.15189014,-0.39511967
0.22293724,0.1633872,-0.96990985,0.30092695,-0.39141887,0.18351471,-0.03976579,0.22274236,-0.55792207,0.18555255,-0.30640474
-0.6222011,0.11988046,-1.2528676,0.24576741,-1.0605966,0.18244012,-1.2080086,0.18980598,-1.4094445,0.14919974,-1.0496271
0.8638719,0.1368131,0.89055145,0.27779678,0.83142483,0.24649909,0.74227977,0.21053682,0.9384185,0.16479278,0.44031075
-0.37656,0.1275496,-0.4187932,0.23612024,-0.6866325,0.24949399,-0.2557811,0.21355523,-1.0803633,0.15619504,-1.1146144
-1.5302297,0.20835699,0.06624593,0.34964156,-0.71004814,0.36093396,-0.28260216,0.26457682,-0.61389023,0.26889685,-0.07313986
0.5621245,0.4573736,0.7732932,0.3139291,1.0830256,0.45873222,1.2265339,0.48927596,0.5953478,0.4937872,1.2310431
0.04413292,0.23538262,1.2831423,0.45390606,0.6188226,0.33154643,0.27931616,0.41624996,0.72542876,0.29175824,0.5922905
-0.855764,0.11531662,-2.6445267,0.24605513,-0.8077713,0.19684543,-0.5840451,0.16265297,-0.8389772,0.14322491,-1.0756258
-0.83840346,0.11350899,-2.5730095,0.24604777,-0.7314428,0.2028244,-0.59902185,0.17158946,-0.9726137,0.14625424,-0.8991492
0.9981389,0.119933404,0.973355,0.22578736,0.6585756,0.19458409,1.0526146,0.18233849,0.83954835,0.13106994,0.64588094
0.5085255,0.24762747,0.5188398,0.5809537,-0.43567586,0.979276,-1.0987691,0.8757225,-0.7304962,0.9213386,-0.47781643
-1.0767181,0.15695915,-1.7544091,0.29205847,-0.6703403,0.19184636,-0.4819008,0.19016927,-0.6053808,0.19135174,-0.7152445
-1.465102,0.23376355,-1.501084,0.38143334,-1.1042742,0.2604384,-1.3032773,0.37869307,-1.6188086,0.2840455,-1.1987967
0.44007182,0.15254049,0.7835555,0.23905627,1.8948662,0.22158994,2.225087,0.22154431,1.7620157,0.1584423,1.6713088
0.022959985,0.13605703,-0.581851,0.2188132,-0.8874588,0.26893073,-0.83468616,0.20885818,-0.7402716,0.17734817,-0.75558263
0.89995676,0.1636634,0.8980727,0.2701239,0.87980247,0.18332644,1.1267723,0.15902583,0.4905706,0.15409993,0.4514207
0.73586994,0.15376818,0.91668874,0.30827102,0.5989015,0.1947374,0.7631847,0.19553475,0.56250066,0.17485651,0.8757259
-0.8572188,0.1234497,-1.3280672,0.23301464,-1.1690489,0.2285482,-0.75430363,0.18507084,-1.0605016,0.15676153,-0.6245608
0.7658813,0.21355502,0.9573627,0.3456684,0.8045505,0.20545983,1.0145627,0.2718975,0.74196565,0.1975755,0.5837975
-1.1205251,0.10990766,-0.22618234,0.2435471,-1.1420902,0.20093338,-1.0602175,0.16868953,-1.2729533,0.14104585,-1.332475
0.6126679,0.2554385,1.2183393,0.33064833,0.3736759,0.37623262,0.15336537,0.298771,0.8037641,0.3162387,0.27636617
0.96597904,0.13044064,0.9747573,0.24199788,0.7788924,0.20553698,0.9996392,0.17403989,0.5977548,0.12739246,0.2296358
-0.07132482,0.12234851,0.00080857205,0.23639268,-0.400531,0.20512699,-0.085767806,0.17158422,-0.36957255,0.13158612,-0.75240666
-0.19435911,0.117104664,-0.2678196,0.273783,-0.90194976,0.1862892,-0.4264742,0.19197604,-0.75204223,0.1557961,-0.6735045
-0.040193725,0.11312951,0.23458397,0.22198433,-0.14001195,0.21064295,0.22834833,0.20055795,-0.72860336,0.14860356,-0.41251278
-0.90516955,0.12913042,-1.2688527,0.21890731,-1.0773894,0.22563985,-0.7490452,0.18553998,-1.0264661,0.15762384,-0.59079486
-0.79099995,0.12089027,-0.13723944,0.24605513,0.47608134,0.22172093,0.6926898,0.200768,0.51149267,0.16108313,0.18061596
-0.5519767,0.10385695,-0.83869064,0.22801979,-0.61569977,0.16547851,-0.27647203,0.17023218,-0.34643546,0.12911013,-1.0559465
1.0276277,0.12555344,1.072063,0.23852235,0.59628165,0.20553698,0.95858204,0.16799621,0.7949087,0.12480176,0.5624757
-0.5179032,0.20891726,0.42067152,0.25285798,-0.3492283,0.34659654,-0.41887686,0.27075687,-0.5748367,0.23053643,-0.47246718
0.9390173,0.1446103,0.9024585,0.25367594,0.042736243,0.23898003,0.2736357,0.25061533,0.349308,0.1711528,1.0354222
1.4858339,0.1753199,0.88891536,0.2701239,1.5000844,0.19196367,1.5151066,0.17273308,1.6521982,0.16972405,1.8754423
1.2260886,0.4573736,0.42382124,0.3936894,1.0096939,0.38146612,1.0800977,0.49914193,0.8422099,0.38669398,0.7783017
-2.0819552,0.16962865,-1.1537435,0.30158466,-1.2881196,0.21243529,-2.0318985,0.19521338,-1.7037,0.20047423,-1.4725891
-0.3357567,0.14620765,0.036118098,0.2598241,-1.6525202,0.21685201,-1.0877267,0.21648178,-1.0908997,0.2159319,-0.6850209
-0.06788551999999998,0.7758121800000001,1.1557653700000001,0.673179035,-0.99323344,0.6155359,-0.9203545,0.56339204,-0.7891338,0.72381175,-0.43061766
-0.30062038,0.12193327,0.14280805,0.21159795,-0.70461076,0.17184019,-0.52938056,0.16454728,-0.2950762,0.16117898,-0.40570226
1.1618572,0.23203492,1.2083867,0.33175614,1.0769557,0.40425062,1.2854419,0.2956206,0.92121184,0.34478766,1.1196163
1.2762988,0.26624933,1.4806013,0.52371454,1.4494146,0.4541232,1.1189897,0.4895278,1.7331436,0.25856623,1.2213858
1.0818017,0.23403181,1.4134194,0.29093313,-0.95374036,0.35537076,-0.5956305,0.3194158,0.59592354,0.34439132,0.06112699
0.7005356,0.16292343,0.61675525,0.28685582,0.57685244,0.19920202,0.9219567,0.18653642,0.538846,0.16168033,0.15324652
-1.3720284,0.13919963,-0.7934257,0.21260111,0.3252913,0.2211467,0.60450655,0.23179777,0.45101005,0.19783312,-0.021893913
-0.3901015,0.24570265,1.0120828,0.6607629,-0.34027025,0.8815659,0.03779898,0.40651804,-0.06260544,0.699001,0.36048168
-0.71878344,0.22327405,-0.3078179,0.3739123,0.77663964,0.17390372,0.7904871,0.3117465,-0.010116266,0.22014682,0.32868868
1.1230867,0.14400166,-0.27673164,0.2392498,0.9866194,0.21908851,1.2152532,0.22479999,1.1538098,0.15913752,1.0790324
0.7156515,0.23199603,1.3024883,0.3607753,-0.47777706,0.38949004,-1.1768234,0.3320285,0.99321735,0.36439803,-0.26675975
-0.18225142,0.120300755,-1.5383086,0.23612024,-0.67599726,0.20405847,-0.46846795,0.17046897,-0.4412996,0.142659,-0.09865805
-0.2171719,0.118871175,-0.1203709,0.2626911,-0.9579172,0.21227047,-0.450823,0.19488843,-0.78838736,0.15742207,-0.76775944
-0.20679596,0.14960961,-1.1522368,0.27811614,-0.3106555,0.17559592,-0.42339444,0.16162984,0.15846942,0.1601576,-0.33986178
-2.1001427,0.137159,-1.2071065,0.26323473,-0.8854669,0.24440286,-1.3638405,0.17717794,-1.1736358,0.14749199,-1.0628573
0.98887056,0.12881842,0.0120177595,0.22578736,1.1680682,0.20196924,0.9326807,0.22240879,1.0252919,0.15054272,0.9269976
1.7281632,0.13155152,1.3274698,0.21966553,1.8996122,0.21904555,1.5397393,0.22564568,1.9510311,0.15266508,2.2479823
-1.3754952,0.14771482,-2.7114215,0.2930076,-1.511002,0.24158885,-1.6645076,0.18631943,-1.8761188,0.18039796,-1.5522988
1.1566739,0.18660334,0.47763637,0.28284657,0.703574,0.19735359,0.9872527,0.19807447,0.78971,0.18001331,0.36332408
1.1292908,0.20805575,1.1103854,0.3739123,0.8403255,0.16825922,0.85529566,0.27709433,1.056424,0.1942361,0.40784758
1.2468277,0.14124195,0.491469,0.21417129,1.3680012,0.2539961,1.485246,0.23348199,1.4891489,0.15705897,1.6896317
-0.73371303,0.14478005,-0.44269386,0.24296547,-1.6821197,0.20569578,-1.2351824,0.20310739,-1.5257288,0.23445597,-1.5625876
1.3526587,0.1424833,0.9363182,0.23933095,1.7776257,0.22738864,1.6934303,0.23553073,1.7985904,0.15322573,2.0618732
-1.1421312,0.15090773,-1.582878,0.28685582,-0.5403356,0.19550036,-1.0491121,0.19553475,-0.9944494,0.17636809,-1.178812
-1.3010037,0.14130427,-2.665575,0.20469727,-1.4360594,0.21570228,-0.90968436,0.20392798,-1.1958375,0.16901988,-1.5652982
0.9293689,0.26413354,0.72966945,0.5223909,-1.5891546,0.527455,-1.2200259,0.4283684,0.016908167,0.4093145,0.023566237
-0.52810264,0.13621905,0.10663145,0.27811614,-0.83170944,0.16646975,-0.50958717,0.1464676,-0.12380218,0.14531533,-0.7156796
1.5356555,0.29128316,1.1669815,0.5952037,1.3804867,0.33154643,1.2231436,0.41624996,1.2861655,0.3097026,1.3134038
-0.1509505,0.2144461,-1.4828402,0.3456684,-0.46208525,0.22248708,0.15528303,0.3327563,0.06427716,0.2214034,-0.08336476
-1.1138437,0.10939134,-0.39123347,0.23150824,-1.2466297,0.1799303,-1.0416704,0.1909168,-1.2907958,0.14098234,-1.3368747
0.061726816,0.12294101,-0.26431695,0.2572496,-0.367797,0.19045673,-0.36864862,0.1628426,-0.22130622,0.14923155,-0.3730943
-0.07534714,0.12881824,-0.7986991,0.19816442,0.15181656,0.2089153,0.290274,0.19138496,-0.43499878,0.15208738,-0.867699
-0.29732493,0.20788588,0.7522327,0.3425064,-0.097940795,0.2385787,-0.051647346,0.3076686,0.55249095,0.18320484,0.5645592
0.61931276,0.21355502,-1.1227145,0.3456684,1.0407693,0.20545983,1.0492429,0.2718975,0.99384975,0.1975755,1.1485726
1.2995945,0.21355502,0.13201883,0.3456684,1.5973026,0.20545983,1.1962173,0.2718975,1.306192,0.1975755,1.3559955
1.655222,0.13600521,1.1705648,0.22715022,1.854676,0.24204947,1.8026457,0.22430626,1.9762616,0.16443202,2.0704858
0.38247368,0.21355502,0.6388395,0.3456684,0.03581414,0.20545983,0.114490226,0.2718975,0.5093354,0.1975755,-0.1410357
-0.36808142,0.12772694,-0.45975316,0.2664763,-0.80375797,0.22869742,-0.55796325,0.16684158,-0.6130119,0.17731078,-0.7610827
-0.9350101,0.15348797,-1.9560322,0.25444612,-0.7124412,0.30606177,0.072572045,0.3422932,-0.44570106,0.21821691,-0.25758794
0.31716612,0.11970631,-0.050536823,0.21594997,-0.34040797,0.17144877,-0.1785979,0.1629255,-0.15046299,0.14482208,-0.088505775
-0.5082746,0.13770981,-0.3126687,0.28685582,-0.20015557,0.19550036,-0.24466147,0.19553475,-0.04903205,0.17636809,-0.24378279
-0.2825438,0.10859774,-1.3936154,0.24604777,-0.6208907,0.18400764,-0.27721137,0.15564291,-0.9999963,0.13777016,-1.0683663
-0.47493598,0.11602645,-0.4386116,0.23150824,-0.728502,0.19680615,-0.19760099,0.1909168,-1.172825,0.14442565,-0.94487375
-0.34723696,0.12064717,-1.0023559,0.23612024,-0.40021282,0.19687818,-0.5020134,0.16885518,-0.5508804,0.14044833,-0.8575053
0.937763,0.15894222,0.8133863,0.31543368,-0.029368326,0.22304945,-0.18869318,0.17738774,0.57134515,0.16195796,0.9001686
-0.73789424,0.12881815,-1.1500378,0.25199842,-0.7070015,0.1834827,-0.5251191,0.1569288,-0.49185982,0.14439602,-0.61119854
1.0152371,0.20805575,1.006689,0.3739123,0.86326873,0.16825922,0.85057276,0.26696533,0.91050065,0.17731237,0.6669082
1.0071722,0.25954574,0.96795607,0.4638792,0.3239174,0.3946897,0.12737034,0.48168704,1.0171523,0.26812714,0.22158179
0.1708198,0.23376355,0.5992691,0.38143334,-0.47752035,0.2604384,-0.5314635,0.37869307,-0.0041345037,0.2840455,0.25451383
0.9965723,0.23855478,1.1028585,0.29725292,-0.568483,0.31818566,-0.9443179,0.2552077,0.120530084,0.21583508,-0.17991735
-0.7338627,0.22592847,-0.6286245,0.39620548,-1.2406162,0.28207695,-0.9422601,0.35689184,-1.4550364,0.25234678,-1.2016293
0.07062351,0.19728291,-0.35938174,0.3425064,0.033526257,0.2385787,-0.0018080038,0.3076686,0.07873271,0.18256018,-0.095986165
0.96381164,0.5001003,0.6935322,0.34848073,1.0168893,0.42360643,1.4056735,0.41238505,0.856927,0.39835414,1.317765
-0.42990354,0.166697,1.123905,0.29303238,0.50928414,0.24522744,0.1572747,0.22913094,0.33891866,0.19848981,0.5042706
0.253617,0.14666495,-0.026062675,0.21511243,-0.2768126,0.24145912,-0.42259654,0.21179849,-0.29632005,0.18581925,-0.3269037
-0.117616765,0.22541088,0.21726714,0.42171597,-0.44823542,0.18166141,-0.91298455,0.34659758,-0.40352175,0.29959714,-0.3710939
-1.1213695,0.12318393,-0.33857056,0.24325204,-0.5108491,0.22792666,-0.23538578,0.17043504,-0.6416338,0.12892547,-0.9966849
0.090433285,0.12666629,-0.0004818502,0.24067757,-0.6382634,0.21306682,-0.1733353,0.18430658,-0.80816907,0.14452869,-0.84482723
0.7255958,0.122110285,0.2671033,0.21966553,1.0803602,0.21005656,0.8653911,0.20077854,0.98483557,0.14953817,0.49588224
-0.17273672,0.11782904,-1.9047967,0.24576741,-0.18916997,0.18244012,0.10622554,0.18980598,-0.5083879,0.14919974,-0.17513779
0.15213475,0.11209429,-0.8926617,0.24130794,-0.43431294,0.21151571,0.32096767,0.1938275,-0.7303356,0.1459581,-0.20687434
-2.2134917,0.14360286,-1.0661134,0.26761767,-1.485532,0.25202364,-2.273735,0.21948533,-1.5492327,0.18851161,-1.6255742
0.450896,0.13012287,1.2010149,0.26359117,0.34298527,0.23752975,0.37643406,0.22101687,0.4378593,0.17121789,0.64114976
-1.5581154,0.13789694,0.6441017,0.21053849,0.020284073,0.23876777,-1.2263944,0.21940456,-0.70238715,0.18134409,0.065859646
-1.0224525,0.1300464,-0.7996719,0.21109025,0.3003968,0.21271284,-0.03272683,0.19711788,0.016872235,0.15372124,-0.4354092
1.0079873,0.107137494,0.9277574,0.23450227,1.0507792,0.220827,1.0906601,0.22656763,0.9854005,0.14683701,0.8048075
1.2716016,0.24761932,1.2647841,0.49778357,1.2528174,0.43643323,0.7128169,0.49308857,1.7291288,0.2297819,1.0982773
-1.5973641,0.17699587,0.16176687,0.3160013,-1.2076409,0.28413716,-1.1903621,0.20614089,-1.1885382,0.20171873,-0.75929254
-1.3840805,0.20221563,-0.20991687,0.31338027,-0.15884288,0.2030091,-0.3249552,0.23431627,-0.51611716,0.1623705,-0.20854871
0.9879898,0.23199603,1.1391586,0.3066951,0.673834,0.3481397,0.23176248,0.25692627,0.6877286,0.21554583,0.7689382
0.57084286,0.16307108,0.060622137,0.22421709,-0.6003719,0.283043,-0.48371193,0.2625916,-0.95733213,0.21792917,-0.20044896
-1.606162,0.1145414,-1.6305919,0.2435471,-0.48397103,0.22696695,-1.7092328,0.20470612,-1.0266643,0.15785867,-0.94863397
1.7392472,0.17545755,1.3622268,0.2789576,2.0992653,0.20748004,1.6694092,0.21286894,1.8725623,0.17337133,2.1326475
0.7007905,0.12237039,-0.2172487,0.21966553,0.27617717,0.21056087,0.5219927,0.22564568,0.38823158,0.14750446,-0.19037801
1.559519,0.15389465,1.4026526,0.19573942,2.1051376,0.22861144,1.8003403,0.2460757,1.9903498,0.17313619,2.147785
1.5168298,0.15862145,1.2222452,0.2577881,2.0269313,0.23436625,1.5620067,0.23907429,1.8047079,0.17023398,2.108572
0.9763678,0.2849682,0.44557375,0.3692243,1.0215323,0.3070519,1.1116174,0.21363607,0.5854615,0.365848,1.2696631
-1.0691051,0.1206983,-2.06836,0.23941578,-0.6132353,0.20779988,-0.92805386,0.16431469,-0.6062649,0.14810605,-0.39718196
1.5101867,0.24113415,1.6054747,0.35292608,1.890469,0.22783983,1.8494464,0.25399637,1.8153138,0.21273345,1.9839829
-0.59417564,0.11064115,-0.6128954,0.22801979,-0.15895036,0.19463488,-0.16623501,0.17134829,-0.26558867,0.13981214,-0.22082956
1.7396089,0.1753199,1.0734954,0.2701239,2.1143389,0.19196367,1.6496313,0.17273308,1.9361091,0.16972405,2.2782056
0.7233475,0.23647669,0.5614031,0.4094311,0.4854589,0.17910731,0.90413886,0.30505288,0.13366778,0.1958726,-0.20333876
0.72620463,0.40085214,1.1208992,0.41270143,1.3484573,0.36093396,1.1707842,0.27609518,1.228445,0.35543865,0.8541201
0.4313522,0.10773607,0.13069499,0.22198433,-0.09250122,0.18111835,0.09850329,0.17118365,0.016669463,0.12953544,-0.12656856
0.47836748,0.19014764,1.1854937,0.35001713,-0.2830902,0.3265312,-0.697731,0.23102641,0.50977975,0.21585767,0.35745886
1.357353,0.15389465,1.2469746,0.19573942,1.4858884,0.22861144,1.2128943,0.2460757,1.7047254,0.17313619,1.8238329
-1.1348271,0.15819135,-2.1491385,0.30459777,-0.95579493,0.23853002,-0.52077055,0.21614192,-0.75303584,0.19356902,-0.9531192
1.044849,0.1427277,0.2514912,0.19816442,1.1848054,0.21306385,0.80342144,0.21766974,0.9104847,0.15806863,0.6628477
0.47915122,0.13356961,-0.062983334,0.2508663,0.29807484,0.22246797,0.2452467,0.19417527,-0.37113515,0.15692842,-0.18736437
1.2516787,0.49184886,0.70398766,0.42395952,1.0209076,0.43521574,1.1025314,0.30570865,1.0692215,0.40628618,0.77558714
0.9552621,0.1527878,0.35077915,0.22750434,0.037070904,0.19669376,-0.24127388,0.2037605,0.6622112,0.15894078,0.9709044
0.35197815,0.12877242,-0.98701316,0.21109025,0.2954013,0.2092669,-0.21245384,0.19097318,0.020165063,0.15348104,-0.20584428
-0.43525487,0.116779685,-1.7512836,0.24429454,-0.07192523,0.19863816,-0.29700407,0.18606657,0.13187692,0.15320334,-0.14611359
0.7674289,0.47872943,0.3390581,0.34987396,1.25626,0.44928673,0.64282554,0.46022296,0.8471122,0.4115061,0.8152648
-0.8646333,0.1265075,-1.0848391,0.21905676,-1.065704,0.21525082,-0.8353274,0.18392189,-0.94589686,0.16281097,-0.57161385
0.93238425,0.26141453,0.8295294,0.33286983,0.5703029,0.27958515,0.80101734,0.20107074,0.677166,0.27633595,0.7435902
1.2762988,0.26624933,1.4806013,0.52371454,1.4494146,0.4541232,1.1189897,0.4895278,1.7331436,0.25856623,1.2213858
-0.14983098,0.1276695,0.11392415,0.21417129,1.059082,0.24463256,0.6784031,0.20847191,0.5941146,0.15493643,0.25365362
-1.609575,0.16861473,-1.975928,0.39288157,-1.8414364,0.23374438,-1.705047,0.2670882,-1.7677203,0.27971175,-1.4499708
1.2762988,0.26624933,1.4806013,0.52371454,1.4494146,0.4541232,1.1189897,0.4895278,1.7331436,0.25856623,1.2213858
-0.82176465,0.1206983,-0.8596583,0.23941578,-0.5702274,0.20779988,-0.47688472,0.16431469,-0.35207367,0.14810605,-0.99855655
-0.3573332,0.88149875,1.3223612,0.6129675,-1.0165217,0.59498984,-1.2377502,0.4894155,-0.9159881,0.75875443,-0.25245756
-0.098604575,0.19324394,-0.07859638,0.3425064,-0.5798961,0.21671158,-0.5650242,0.26255658,-0.9980412,0.16742097,-0.96987045
-0.467369,0.1251695,-2.1190953,0.24824175,-0.21776287,0.24528104,-0.34395823,0.21308492,-0.6569288,0.17059965,-0.93946624
0.6830357,0.260855,1.1583972,0.33064833,-0.02845024,0.41016325,-0.008966523,0.31995824,0.9898584,0.32927966,-0.23848598
-0.004189135,0.108856894,-0.10832203,0.22198433,-0.47752386,0.18111835,-0.10914228,0.17118365,-0.28196707,0.13070606,-0.25842273
-0.80138683,0.1304679,-0.62693626,0.23054464,-0.7636349,0.18045332,-0.80468434,0.17887384,-0.6031959,0.15647879,-0.748369
-1.0205984,0.13742574,1.1148766,0.26359117,0.5936093,0.2400774,0.6457426,0.22101687,0.670135,0.17729308,0.93235904
0.40323648,0.12193327,0.99456,0.21159795,0.5280432,0.19908993,0.73630077,0.21046972,0.40187946,0.18494004,0.9003158
-1.1992651,0.11000599,-0.83780766,0.2528543,-0.49428663,0.19333825,-0.40771618,0.19715112,-0.27896744,0.1583281,-0.7373341
-0.6890299,0.22541088,-0.75669885,0.42171597,-0.99844545,0.18166141,-0.91298455,0.34659758,-1.3873907,0.29959714,-1.1732771
0.75146174,0.121455036,0.5512064,0.20948239,1.3697989,0.21947493,1.0681058,0.19588219,1.1873734,0.15740557,0.7334621
0.7942439,0.13434616,0.527854,0.2435471,0.7262567,0.22652608,0.9285325,0.1823362,0.75860405,0.13928354,0.20380898
0.90661454,0.121991545,0.4043851,0.22715022,0.47866797,0.21616761,0.95320976,0.22064209,0.2987807,0.15686005,0.2602857
0.9157226,0.13812555,0.7360501,0.273783,0.024660753,0.192341,0.38212338,0.20237081,0.3897141,0.1694046,0.37865132
-0.19509588,0.20537965,-0.6697198,0.3456684,-0.35470736,0.22248708,-0.1547349,0.3327563,-1.0412704,0.21414596,-0.86616826
-0.43034592,0.13800968,0.10846324,0.28687263,-0.94481415,0.18036942,-0.7426187,0.14942698,-0.5175384,0.15129846,-0.5924404
-1.1770871,0.12687896,-0.50089777,0.21053849,-0.893183,0.20694883,-0.8423448,0.21940456,-1.013801,0.1771201,-1.4092696
1.5082804,0.11089416,1.20638,0.2336128,1.7190433,0.22790752,1.9152033,0.23154943,1.7868797,0.16004433,1.8715909
0.10835699,0.11572538,-0.7748859,0.24429454,-0.6329669,0.22055592,0.23847511,0.20627917,-0.75162613,0.15461256,-0.27255616
0.97212887,0.5116558,0.96793115,0.38278705,0.48082265,0.4690234,0.37614548,0.3668957,1.0909199,0.38243693,0.3080624
-0.12239154,0.19692916,-0.45979682,0.3739123,-0.9094673,0.17360486,-0.49286136,0.3117465,-0.6635626,0.20743336,-1.1660147
1.1133221,0.38760576,0.62958956,0.5567685,-0.02845024,0.41016325,0.44936115,0.31995824,0.80914056,0.7031033,0.32329455
-1.6430053,0.1586011,-3.1803517,0.3159756,-1.6070085,0.22539099,-1.6515294,0.21291308,-1.8242704,0.21340212,-1.4894158
0.22654355,0.38760576,0.62958956,0.5567685,-0.5472829,0.41016325,-0.5155392,0.31995824,0.80914056,0.7031033,0.08921932
-0.9426929,0.13758503,-1.6259594,0.27378613,-1.1277953,0.19778192,-1.1223687,0.15979,-1.2054011,0.1477581,-1.1689001
-1.10229,0.15696171,-0.4141721,0.31601527,-0.4460983,0.1841526,-0.45690367,0.22274236,-0.011468072,0.1877856,-0.4401577
-0.8882458,0.13209033,-0.63780123,0.21596204,-1.0255682,0.17508794,-0.89141744,0.1732176,-0.8835597,0.15071036,-0.9114291
0.06619838,0.13005419,-0.45896575,0.2604739,-0.12242963,0.21670696,-0.60524124,0.19945149,-0.47712088,0.15428755,-0.56246924
-2.1802764,0.13658588,-0.6807607,0.22045697,-1.6231197,0.24452394,-2.3371205,0.23368457,-1.6680859,0.22059707,-1.4465562
0.83127517,0.13404585,0.85661,0.23933095,1.1708094,0.21769331,1.1148988,0.1984842,1.0070117,0.1545676,0.7383118
-1.3048607,0.13082919,-2.234514,0.2511619,-1.7047803,0.2207586,-1.483237,0.18735756,-1.7267989,0.1547546,-1.2746593
-0.3348355,0.13568038,1.3446761,0.24130794,2.426029,0.21801926,1.8687384,0.20428966,1.5948929,0.15546152,2.231618
-1.8333868,0.21577759,-1.3019505,0.44450817,-1.0199833,0.39582914,-2.2429056,0.35220674,-1.2007989,0.19659173,-1.0804148
0.37900364,0.12785561,0.7217197,0.22972222,-0.36831582,0.23374888,-0.060895607,0.20235667,-0.2428951,0.1535271,-0.47011024
1.2086283,0.2549242,1.3850018,0.55681705,-0.55120397,0.7319429,-0.8251861,0.44702658,0.8052556,0.5782894,-0.39973456
1.2448553,0.23421001,1.3496541,0.3764399,1.796597,0.43521574,1.3497759,0.30570865,1.059531,0.36058557,1.2513132
0.7834459,0.4573736,1.1642549,0.259939,1.202822,0.46665654,0.52937394,0.50645006,0.019607974,0.5170643,0.63489777
-0.24322136,0.20952292,0.62878555,0.29692462,1.0867827,0.31313497,1.3490599,0.29610115,0.6473562,0.19695538,0.4177341
1.0376111,0.12930056,1.01733,0.23933095,0.63038963,0.2097444,1.0231588,0.17789783,0.712359,0.13255784,0.5137367
-0.45123652,0.119718835,-1.5070974,0.2528543,-0.83665884,0.17742832,-1.0055425,0.18527177,-0.90756404,0.15321286,-1.4429828
-0.5871212,0.12995757,-0.61199874,0.23941578,-0.78212553,0.23938842,-0.52195877,0.19275433,-1.0723836,0.15832338,-1.0723958
-1.9937625,0.13525383,-2.7298808,0.24445687,-1.7115642,0.27575782,-1.7607574,0.22930916,-2.0746717,0.19389503,-1.6931779
1.0157485,0.13337924,0.86472154,0.21673635,1.2590748,0.21289882,1.3674214,0.21181478,1.1320697,0.17091708,0.9603532
-0.19072396,0.20282012,-1.9041127,0.3425064,-0.34237456,0.21671158,0.15874827,0.26255658,0.15952958,0.17013991,-0.19922878
-1.2604902,0.14435461,-0.4344123,0.21667859,-0.9020692,0.17994086,-0.57076776,0.18689454,-0.7889882,0.17611018,-0.83552736
-1.4786742,0.12894708,0.37056464,0.2382643,-0.44064388,0.22305098,-1.5807372,0.2142135,-0.69920754,0.16738349,0.11335391
-1.0977976,0.12668815,0.06423968,0.24747567,0.12871332,0.18635361,0.0013646918,0.17567733,0.08364767,0.1530258,0.5491804
0.2689926,0.12526964,-0.20172694,0.2049565,-0.22676423,0.20072652,0.47801602,0.19741161,-0.48007673,0.16199428,-0.4070643
-1.4030448,0.14960961,0.48403767,0.27811614,-0.23279807,0.17559592,-0.6012153,0.16162984,-0.3175537,0.1601576,-0.7295823
0.10895552,0.119752966,0.4913208,0.22801979,-0.54392046,0.19460368,-0.33261642,0.16072172,-0.36217812,0.14243846,-0.47797775
0.42788476,0.12970765,-0.94849336,0.19816442,0.109133676,0.20895863,-0.40567732,0.19138496,-0.05001263,0.1549752,-0.3817592
-0.4837545,0.2144461,0.2188682,0.3456684,-1.069229,0.22248708,-0.29348043,0.3327563,-0.46871635,0.2214034,-0.8531557
0.13223013,0.15873389,0.522385,0.23855036,-0.75670373,0.20083313,-0.8909493,0.19705434,-0.6980141,0.16740409,0.18179443
-0.5817673,0.13341677,0.4127331,0.2528543,0.2780324,0.19644612,0.2941126,0.20006004,0.5293485,0.16566363,0.42662728
0.09450894,0.13807262,-0.0072707315,0.2626911,-0.26314482,0.22541942,0.08712899,0.21206912,-0.72293603,0.17030342,-0.42306218
-1.5423641,0.12974794,-0.8390615,0.24132012,-0.116941825,0.27230802,-0.32355604,0.23744051,-0.7163671,0.15852326,-1.057083
-0.25685385,0.13432384,-0.9196751,0.2764136,0.31334436,0.2215306,0.4756426,0.17057896,-0.26294446,0.1472878,-0.10207638
0.5396962,0.23078617,0.9578842,0.32360187,0.05876188,0.3009803,-0.2414602,0.2164492,0.668311,0.21706757,0.15378965
-1.0761806,0.12697588,-1.9340502,0.23303711,-1.0559438,0.22652775,-1.1406165,0.23357616,-1.5700408,0.18248636,-1.248227
-0.799315,0.111125074,-0.31249252,0.23933095,0.09630574,0.20841421,0.22959055,0.18679623,0.14615402,0.14887892,0.03831466
0.5836306,0.119328864,-0.13092862,0.20779568,-0.2222657,0.16599363,-0.28921765,0.16288146,0.05036804,0.1540963,-0.15556224
1.3827947,0.16281368,0.9344666,0.2648508,1.707516,0.20130588,1.6237622,0.21566325,1.7567385,0.17271253,1.9508132
-0.16621257,0.111324966,-0.22893387,0.26359117,-0.5309266,0.18687317,-0.5439111,0.15816435,-0.3552457,0.1454514,-0.41634816
-1.580743,0.12981883,-0.87498766,0.19638619,-0.42746106,0.23423122,-1.4574889,0.21612002,-1.0527055,0.16723327,-0.62526846
1.0561202,0.16378316,0.76161194,0.28284657,1.1068304,0.18406391,1.3334414,0.18147802,1.1772108,0.17253669,1.1671009
-1.691246,0.12938091,-0.6378249,0.21090248,0.25460544,0.21289882,-0.002783501,0.21181478,0.095374554,0.17147683,0.3592267
-0.93239033,0.20788588,-0.72754836,0.3425064,-0.4923419,0.2385787,-1.6358978,0.3076686,-0.5194925,0.18320484,-0.4011303
0.4763652,0.16770236,1.1040149,0.2495524,1.863488,0.21908851,1.9852135,0.22479999,1.510005,0.16618915,1.9081779
-0.8229921,0.15170616,-0.6909543,0.29935876,-1.0705917,0.21819013,-1.1236418,0.18314627,-1.3369502,0.17849787,-1.1615571
-0.84518063,0.14249973,0.2618747,0.25208917,-0.90076745,0.2634853,-0.56067985,0.23496935,-0.6244406,0.1724005,-1.1656545
-1.3556814,0.13684452,-0.8305993,0.2764136,-1.0876125,0.2215306,-1.0770603,0.17057896,-1.2955496,0.1472878,-1.1869305
-0.57924235,0.12881047,-0.6622638,0.21260111,-0.27509308,0.21062733,0.21440464,0.20478494,-0.1435368,0.1751035,-0.6377491
-0.6894638,0.13771047,-1.2714427,0.28377882,-1.0690547,0.18916334,-1.1677496,0.16580907,-1.1599354,0.14809732,-1.1325612
-1.0676943,0.13435422,-0.34140486,0.26761767,-1.5340186,0.20884646,-0.9757774,0.16325101,-0.9303059,0.16430567,-0.9972734
0.9808227,0.14025618,0.56334716,0.23150824,1.3602718,0.22476725,0.9108572,0.2582571,1.0300208,0.16661613,1.2385144
1.1915708,0.25092462,1.5862087,0.39620548,1.0505078,0.28207695,1.1001506,0.35689184,1.3641529,0.2656429,0.9217608
0.48549587,0.28247356,1.1908013,0.2954118,1.2219994,0.33409798,0.7513372,0.35068908,0.7717928,0.22844683,0.52229255
-1.3601125,0.12799476,-2.4611957,0.24132012,-1.8408728,0.24591495,-2.2015321,0.24747537,-1.8567505,0.1723604,-1.5662344
-0.2670367,0.13843694,-0.3696647,0.273783,-0.8008632,0.19056304,-0.3480914,0.18017796,-0.51764995,0.15345663,-0.6432119
-1.4580647,0.19728291,-2.038174,0.3425064,-1.0750341,0.2385787,-1.507048,0.33446854,-1.6015017,0.19153284,-1.1975143
-0.7231966,0.25972143,1.1116387,0.38143334,0.89257663,0.2604384,0.89231294,0.42183673,0.5318296,0.3391789,0.35109904
-1.433421,0.18945341,-2.0350337,0.4362975,-1.587687,0.25935063,-1.8115457,0.30160898,-1.6734732,0.29679325,-1.251137
0.5446808,0.18975884,0.08197704,0.28942022,-0.111857474,0.31869173,-0.30170304,0.25252083,0.023866652,0.20972377,-0.31359604
-1.2030339,0.17559016,-2.2956822,0.30459777,-0.90988874,0.23853002,-1.511549,0.22441024,-1.6939253,0.21454069,-1.3506473
0.96785426,0.13015173,0.06263661,0.2336128,0.62606514,0.23206347,0.9533657,0.20693156,0.9143493,0.1581142,0.9837267
0.89168715,0.13852398,0.7410422,0.2158439,1.0657324,0.21271284,1.1005661,0.21207489,0.95023894,0.14801306,0.49357653
0.9712736,0.1582131,0.63157654,0.28685582,0.20995785,0.1935998,0.5466582,0.19553475,0.5029032,0.17177851,0.28491792
0.94001967,0.12872885,0.9645323,0.22917284,0.8270085,0.20712142,1.1470093,0.19268803,0.8299773,0.13703135,0.41910428
1.2735878,0.23490313,1.2857378,0.29413733,1.2362142,0.32928088,1.317277,0.3551629,1.3224584,0.22128026,1.1029465
1.0330442,0.13476491,0.90582937,0.24153912,0.8788656,0.20989187,1.3092802,0.1939267,0.9562178,0.13823742,0.38089263
0.78866994,0.1298384,0.9711304,0.23054464,0.998665,0.20898095,1.0591899,0.22988757,0.69378775,0.17690985,0.18720858
-1.7299736,0.12993972,-0.33652443,0.24604777,-0.09543959,0.23233625,0.12026967,0.2142888,0.06872833,0.16343229,-0.014675688
-1.0161433,0.18427166,-1.1834669,0.33064833,-0.6509443,0.3119293,-0.38938302,0.21652193,-0.793167,0.20390892,-1.0977122
-0.10453048,0.12785561,-0.7531261,0.22972222,0.09949348,0.23380077,0.12772574,0.20236664,-0.62583864,0.15411021,-0.4887113
0.52401227,0.12678334,0.41143006,0.20779568,0.18606935,0.22091043,0.47735614,0.21328557,0.05294775,0.17207868,-0.5512904
1.5455661,0.18486758,1.5531638,0.2930076,1.798323,0.32302818,1.5131574,0.32899243,1.6112845,0.22439651,1.6787313
-0.6220111,0.14496697,-0.08401292,0.22587076,-0.71780485,0.184387,-0.49504876,0.1887658,-0.43745002,0.16324584,-0.6393755
0.59856904,0.22134702,0.9404865,0.28562278,-0.46741545,0.34914723,-0.4586435,0.277998,0.42164275,0.31844988,-0.16033627
0.6386724,0.21355502,0.51387274,0.3456684,0.29055664,0.20545983,0.3171851,0.2718975,0.77870053,0.1975755,0.29720825
-0.39886785,0.12594786,0.116410345,0.21172263,0.82415444,0.20137176,0.68155175,0.19072802,0.41009384,0.15864709,0.021052003
-1.4224036,0.13339415,-1.2408597,0.24639824,-0.9345139,0.22165012,-1.0118445,0.16963984,-1.2076199,0.13374297,-1.2803416
-0.9117861,0.2144461,-0.020769719,0.3456684,-0.20474727,0.21352148,-0.17098929,0.29643995,-0.12696828,0.2060122,-0.47787014
0.030009175,0.13241239,-0.7027575,0.22347608,-0.8436111,0.2646556,-0.68736994,0.22067715,-0.6984192,0.1680198,-0.5809025
0.15784371,0.15101582,0.7330045,0.23028909,0.5565291,0.24700528,-0.08085762,0.29972708,0.31066176,0.22898963,1.1438637
-0.5254045,0.10774284,-0.9761018,0.24067757,-0.5628848,0.17889829,-0.17668301,0.1504622,-0.3596886,0.12608539,-0.9364016
-0.15082033,0.14456953,-0.19935705,0.22619511,-0.3932346,0.2734487,-0.30087882,0.20026283,-0.45900416,0.15628903,-0.5337135
1.3039291,0.14543086,1.639301,0.23223656,1.5113679,0.23125494,1.3714006,0.2438381,1.7588092,0.17219731,1.7048315
0.084172755,0.12594786,-1.1850803,0.21172263,-0.00052170374,0.20137176,0.14073043,0.19072802,-0.48293793,0.15864709,-0.48440018
0.800454,0.42988524,0.78091764,0.301696,-0.040090244,0.39894333,0.59927225,0.5026605,1.0963672,0.39829195,0.779971
-0.045737434,0.21250087,0.24010974,0.39620548,-1.0568402,0.28207695,-0.33047777,0.35689184,-0.24197061,0.25234678,-0.8785097
-0.5678045,0.12154979,-0.80450165,0.20298342,-0.5482714,0.16634594,-0.30033547,0.1615781,-0.40300202,0.1420844,-1.0633914
-0.3312915,0.11129599,-1.625015,0.2435471,-0.13364144,0.21650808,0.022311693,0.19195448,-0.6447492,0.15441987,-0.9152507
1.3236119,0.17545755,-0.0905463,0.2789576,1.3318582,0.20748004,1.3067478,0.21286894,1.128972,0.17337133,1.3371891
0.033093926,0.15636663,0.6810533,0.2572728,0.54530525,0.4170097,-0.09634145,0.33879513,0.22182615,0.3446558,0.6434173
0.5843368,0.13141905,0.43292704,0.21523696,0.63577276,0.22972815,0.14040798,0.20553055,-0.19778153,0.1576226,-0.20680828
0.8127067,0.1138741,1.0319822,0.21109025,0.98386735,0.20194699,1.2742184,0.19711788,1.0476013,0.13821138,0.5377988
0.6616731,0.23330541,0.88633436,0.25285798,-0.30038208,0.31641835,-0.42096892,0.2561789,-0.2326528,0.23367862,-0.41350868
0.7375207,0.3388224,0.9932182,0.42519823,1.2809845,0.41016325,0.7629538,0.31995824,0.9155268,0.34772584,1.1659653
-1.0535238,0.12405412,-1.0443426,0.23851493,-0.5414189,0.21648453,-1.3732773,0.22092755,-0.84853494,0.17085043,-0.6356944
-1.4596771,0.1454985,0.01958857,0.21174674,-0.9549172,0.17769843,-0.56122744,0.18478772,-0.7353641,0.15841039,-0.7972951
0.7243888400000001,0.64598854,1.072467455,0.7032848025,-0.99323344,0.6155359,-0.9203545,0.56339204,-0.7891338,0.72381175,-0.43061766
-1.0403227,0.13775612,0.9525277,0.2626911,0.43797234,0.23138306,0.39866284,0.21583496,0.5197751,0.18096134,0.6706745
-1.1261353,0.11155483,-0.34759185,0.25199842,-0.947048,0.21620545,-1.0595253,0.17524326,-1.2362893,0.14865947,-1.3977661
-0.16111588,0.118871175,-0.8159872,0.2626911,-0.86551917,0.22541942,-1.136938,0.21206912,-1.0328615,0.16493535,-0.74563235
1.385486,0.15377818,1.3819343,0.23450227,1.5148678,0.2539961,1.4520888,0.25980362,1.7886741,0.16725539,1.6971886
0.642765,0.21620028,0.91781497,0.25632203,-0.2541942,0.3160413,-0.42009926,0.27511337,0.31864953,0.32158953,-0.39407358
-1.1808685,0.17232381,-0.18599664,0.33050954,-1.2851973,0.26527497,-0.68758714,0.2104939,-0.95592415,0.2419649,-0.9022387
1.4775523,0.17545755,1.1708257,0.2789576,1.5188236,0.20748004,1.5671133,0.21286894,1.5106798,0.17413892,1.2704061
1.1152693,0.3427723,1.1697853,0.5567685,-0.584583,0.55598587,-0.6971223,0.67484075,0.83328414,0.72485083,-0.35663846
0.15603141,0.1618402,0.14661974,0.2930076,-0.76072216,0.21945556,-0.77494264,0.19600563,-0.6985713,0.16090286,-0.18456553
-1.0740368,0.1340657,0.8268326,0.24605513,0.37932256,0.22378485,0.5263675,0.200768,0.5494252,0.16165724,0.32737342
0.09779684,0.13086344,-0.5656011,0.28377882,-1.1932395,0.23244564,-1.1597745,0.19670041,-1.2029655,0.15735246,-0.8035665
1.1869886,0.2697326,1.0541148,0.5989777,-1.6971276,0.5041601,-1.1149453,0.32661074,0.24404608,0.32428965,-0.0006686022
0.99615157,0.1284862,0.06913501,0.22972222,0.7375684,0.2377044,0.96231896,0.20847191,0.9424731,0.15075111,1.1340733
1.393738,0.12958731,0.7756213,0.21966553,1.5306642,0.21056087,1.5290829,0.22564568,1.669232,0.14893015,1.8176302
-1.4214387,0.1462246,-0.8504526,0.22422254,0.17544033,0.24832033,0.41494846,0.22775663,0.40709877,0.18349877,-0.15166444
1.157458,0.6355755,1.3619946,0.5124164,-0.99323344,0.6155359,-0.9203545,0.56339204,-0.7891338,0.72381175,-0.43061766
1.0320238,0.14538026,0.54754424,0.24130794,0.27249166,0.22878669,0.97489285,0.23062365,0.44792145,0.15620565,0.26266506
-1.7188419,0.15201451,-1.9732959,0.28687263,-1.4089134,0.18500769,-1.384862,0.15139645,-1.64995,0.1680591,-1.3876412
1.0047673,0.4573736,1.1524745,0.2805832,1.3800989,0.4574296,0.8219283,0.485649,0.8695178,0.48281574,1.2345334
-0.97971225,0.10954994,-1.0958463,0.24604777,-0.5967551,0.23233625,-0.624736,0.2142888,-0.76777226,0.15898913,-0.63344485
0.4518649,0.12526964,-0.37720543,0.2049565,-0.2212855,0.20072652,-0.17958388,0.19741161,-0.18402354,0.16199428,-0.42229995
-0.98128814,0.15669113,-1.185365,0.31601527,-0.98520863,0.19886394,-0.7318324,0.21673806,-0.9641972,0.1780854,-1.1955019
1.2338543,0.23509316,1.3803571,0.30034962,0.8169602,0.228294,1.0603232,0.18889533,1.4158694,0.23903085,0.8163741
0.0738619,0.12946431,-0.044954035,0.2435471,-0.6949326,0.21371593,-0.11602817,0.19195448,-0.8554942,0.15398578,-0.8830809
-1.1261721,0.13837802,-2.7710507,0.26761767,-1.5732033,0.2600227,-1.3244171,0.23593202,-1.8380283,0.21189405,-1.4613768
-0.8999237,0.12793891,-0.9699266,0.24153912,-0.49585325,0.20989187,-0.28832847,0.17814942,-0.8064982,0.13652351,-1.1413069
0.49485007,0.21876055,0.49268335,0.39288157,-0.21003442,0.25941044,-0.677856,0.29139608,-0.12791494,0.26639572,0.26161402
0.34604347,0.16194156,-0.058308262,0.2860417,0.21838655,0.17826904,0.43846443,0.20848858,-0.3492084,0.17319527,-0.25057226
1.5585213,0.15269794,1.339359,0.20172459,1.992947,0.22740935,1.7362417,0.23633474,1.9384081,0.16748908,2.1346617
0.7480637,0.22661167,1.3384721,0.35001713,-0.6992997,0.3265312,-1.1725031,0.23102641,0.39989042,0.22702701,0.041243393
-0.1303465,0.10887953,-1.1269833,0.2528543,-0.65675384,0.16247751,-0.23939666,0.15882581,-0.88236463,0.13950948,-0.9354509
1.1128007,0.29424587,1.0236747,0.29657856,-0.20639226,0.36589724,-0.7810557,0.2980542,0.6132485,0.33804226,0.34627268
0.59724396,0.3388224,0.63440984,0.42519823,0.34214452,0.41016325,0.71470875,0.31995824,0.99145716,0.34772584,0.37010956
1.4429504,0.14365922,1.2450321,0.22433582,1.4828345,0.21904555,1.1131241,0.24467006,1.6779734,0.15829188,1.8780315
0.32162347,0.15540507,0.184183,0.23686045,-0.8694912,0.21101864,-0.83361053,0.2063885,-0.79083383,0.16798802,0.013321333
-0.4451258,0.11869648,-1.4164436,0.2549746,-0.9158603,0.2133787,-0.73493665,0.1633575,-0.8916109,0.13801396,-0.78744036
-0.8089664,0.25608963,-0.16647747,0.4352209,-0.34946772,0.30231553,-0.18853089,0.33241734,-0.7957882,0.25060722,-1.0587971
1.0047673,0.4573736,0.9996701,0.27612472,1.3231289,0.43363854,0.86785984,0.48657343,0.8587297,0.5122708,1.2233114
0.9997781,0.122110285,0.9351107,0.21966553,1.024909,0.20976529,0.62547535,0.18164286,1.009067,0.1301088,0.832159
-0.25138268,0.129569,-0.846812,0.21596734,-0.8332847,0.21287793,-0.7740832,0.19365883,-0.8009432,0.17121185,-0.7952874
0.41140962,0.1509145,0.2566883,0.21140938,-0.3466496,0.28803116,-0.61070603,0.24571124,-0.19742455,0.187496,-0.24415854
1.4395689,0.13990946,1.2871337,0.22917284,1.4833217,0.2160969,1.1329408,0.24202509,1.653921,0.15978019,1.9047735
0.54589194,0.15313543,0.1735255,0.29205847,0.03053476,0.19110732,0.66837525,0.17873995,-0.17199177,0.17398131,-0.08732101
1.4133469,0.20221563,1.578812,0.31338027,1.9563406,0.2030091,1.7922449,0.23431627,1.9458206,0.1623705,2.0483537
-0.84821075,0.16940284,1.168644,0.24469157,1.4548333,0.3270899,0.99343765,0.290816,0.89020574,0.19925241,1.2464384
0.55589473,0.21862979,0.5558342,0.4362975,-0.49817196,0.29585695,-0.2671917,0.36699727,-0.19982888,0.33244303,0.23732808
-0.02243376,0.20537965,0.029658465,0.3456684,-0.61182874,0.22248708,-0.3999313,0.3327563,-0.8855784,0.21414596,-1.0150812
-0.38608098,0.89341265,1.144099,0.7234809,-0.9890186,0.62620515,-0.9412109,0.5318991,-0.78132284,0.8277906,-0.5815785
1.3438821,0.18660334,0.96200246,0.28284657,1.9296042,0.19735359,1.5371361,0.19807447,1.8479174,0.18001331,1.9638686
1.2793641,0.29143694,1.9650615,0.35336846,0.83868074,0.43079874,1.331366,0.4788751,1.7141396,0.28242752,1.1615764
0.37830138,0.17816164,1.1709785,0.39288157,-0.115116656,0.23374438,-0.10322991,0.25527817,0.24092302,0.2510453,0.025880625
0.888869,0.19272086,0.48546416,0.31338027,1.0055597,0.2030091,1.4047327,0.23431627,1.2609234,0.16087271,1.5402181
-1.1354231,0.12526964,-1.0246036,0.2049565,-1.2366033,0.20072652,-1.9864452,0.19741161,-2.2642267,0.16199428,-1.3503449
-1.0636153,0.2144461,-0.78496015,0.3456684,-0.8262295,0.22248708,-0.9065289,0.3327563,-1.1386371,0.2214034,-1.3132886
-0.57171667,0.122428425,-0.57515156,0.23301464,-0.5881275,0.2246441,-0.48260435,0.18507233,-1.0260001,0.15038805,-0.85691476
-0.08105055,0.12247658,-0.004029535,0.20779568,0.009420081,0.20878075,-0.102553025,0.20686108,0.12516145,0.17878985,-0.30207422
-0.3111121,0.16378123,-0.5147315,0.3160013,-1.1381198,0.20706353,-1.0911937,0.18936358,-1.1503211,0.21906088,-0.8814126
-1.4375126,0.12548123,-1.6635946,0.24132012,-1.5257759,0.20761931,-1.5539819,0.17994444,-1.0793889,0.15066206,-1.4274635
-0.58772177,0.22541088,-1.6970975,0.42171597,-1.4096453,0.18166141,-1.5294317,0.34659758,-1.3819914,0.29959714,-0.7564744
1.0000349,0.13249812,0.82828,0.20956327,1.0651356,0.2099702,1.132786,0.20072451,1.0221382,0.16597234,0.7081355
1.5368407,0.21355502,1.3991896,0.3456684,1.8844928,0.20545983,1.1644567,0.2718975,1.7514358,0.1975755,2.1693037
-0.42192042,0.12023702,-0.92865616,0.2150799,-0.9192294,0.17144877,-0.7553672,0.17130466,-0.9945942,0.1525757,-0.83822894
0.6802404,0.16813861,0.2491559,0.2686441,0.35644543,0.25937292,0.847472,0.3218736,0.6677744,0.21579391,0.4663591
-0.7938436,0.21136402,0.3820467,0.4362975,-0.23161551,0.29585695,0.17273928,0.33802933,-0.48651958,0.281025,-0.083033614
0.009054816,0.13025552,-0.002987438,0.23941578,-0.6229336,0.25719294,-0.20768793,0.22056375,-0.55747676,0.16649021,-1.0071554
-0.840916,0.12051835,-0.71083623,0.21501607,-1.059369,0.23023617,-0.6626321,0.20421326,-0.95241565,0.16203484,-0.6553458
1.0037013,0.1413842,1.112167,0.21172263,1.6119372,0.22180973,1.3718479,0.22006781,1.5600743,0.1634519,1.5181589
0.9118239,0.118781805,0.5012074,0.23852235,0.40326032,0.21432865,0.7132328,0.21836512,0.48344284,0.1381889,0.29956582
1.5010434,0.19250658,1.3203638,0.2860417,1.6784463,0.1895976,1.5619416,0.22681955,1.7911512,0.18313089,2.2625732
0.93203604,0.1636634,0.671793,0.2701239,0.94356555,0.1837485,0.93025595,0.163786,1.0151365,0.16621852,0.74185526
-1.4444568,0.11824653,-1.1141919,0.23301464,-0.21625283,0.21301043,-0.7429434,0.19667533,-0.31830454,0.15941158,-0.63492525
0.18487124,0.12970765,-0.6150607,0.19816442,-0.29632813,0.20895863,-0.14108996,0.19138496,-0.40508553,0.1549752,-0.49511358
-0.5543583,0.12792437,-1.6183795,0.23612024,-1.183569,0.25083676,-0.75031763,0.21355523,-0.8887195,0.1602658,-1.160065
-1.5610299,0.23128873,-0.080597825,0.38418293,-1.0413111,0.24693064,-1.630005,0.34184998,-1.3528147,0.2270913,-1.1879246
-1.2512999,0.11970631,-1.4245273,0.21594997,-0.49692684,0.19590847,-0.79504174,0.19865248,-0.43354625,0.16185479,-0.47324553
0.46282768,0.13965592,-0.42954147,0.2604739,0.30351493,0.22576393,0.23388782,0.20206104,-0.4323718,0.17014685,-0.26573873
1.0570292,0.1753199,0.48911554,0.2701239,0.5559588,0.19196367,0.99627966,0.17273308,0.509243,0.16972405,0.40357965
-1.1140891,0.19581969,-1.4303285,0.4200652,-1.5864754,0.3720803,-1.7209384,0.34909815,-1.2734762,0.32414022,-0.8194555
1.0122532,0.23278354,0.6655531,0.32360187,0.6703426,0.34416658,0.49756196,0.2614745,0.7416037,0.22169714,0.8083434
-0.40719882,0.85177284,1.2807122425,0.62802038375,-0.97845244,0.6308217,-0.93762285,0.5157977,-0.738909,0.7636975,-0.4488065
-0.722058,0.12992682,-2.482708,0.20298342,-0.6672666,0.20700976,-0.62932885,0.17942429,-0.7594803,0.15287659,-0.80642587
0.5173051,0.5116558,1.0857381,0.33110604,0.73591626,0.4690234,0.8772063,0.3668957,0.82646406,0.38243693,0.7849666
0.10095595,0.13946529,-0.5596868,0.2626911,-0.013658904,0.22166286,-0.62056535,0.21727222,-0.4570552,0.16492078,-0.5920171
-1.9184371,0.2144461,-1.4859855,0.3456684,-1.1907288,0.22248708,-1.775967,0.3327563,-1.5343305,0.2214034,-1.3344706
-0.7417856,0.1234497,-0.9329753,0.23301464,-0.7318026,0.21708046,-0.93116945,0.1829966,-0.6319363,0.15325983,-0.9949096
0.7375207,0.3388224,0.9932182,0.42519823,1.2809845,0.41016325,0.7629538,0.31995824,0.9155268,0.34772584,1.1659653
1.1084851,0.12887979,0.4694642,0.21523696,0.37831897,0.2179575,0.48692018,0.20553055,0.49064362,0.15284695,0.52907807
0.41368565,0.15719119,-1.0138805,0.2701239,-0.10266846,0.17732015,-0.29188952,0.15791367,0.13313016,0.15635304,-0.36316085
0.64901036,0.13549869,-0.16209212,0.2701239,0.5697257,0.17709339,0.7150972,0.16209094,-0.011951254,0.15504147,0.48385718
-1.0582743,0.12347348,-0.73697144,0.2435471,-0.9000686,0.1785418,-0.75301766,0.15072504,-1.0792441,0.13561979,-1.0753177
1.0144709,0.18749085,1.1760225,0.2860417,1.016848,0.1895976,0.49534014,0.22681955,1.1485517,0.18152973,0.93693984
0.59489274,0.15209521,0.14727059,0.27811614,0.13195004,0.18829872,0.6575455,0.16348751,-0.10855762,0.16335978,0.018745424
1.2716016,0.24761932,1.3565532,0.2518363,1.0517612,0.33104292,0.85468066,0.365418,1.2895098,0.20909347,1.2479484
-0.9712182,0.14107862,0.14043877,0.25199842,-0.7625148,0.24663815,-0.47756076,0.22522545,-0.50371975,0.17056584,-1.0771475
0.50564784,0.12913589,0.2090082,0.19638619,0.28108397,0.23397425,0.4769869,0.21612002,-0.064788446,0.16518141,-0.3696811
1.3244317,0.14631811,1.0201653,0.23933095,1.3440962,0.22738864,1.618433,0.23553073,1.7608132,0.15701675,1.6811577
-0.48442516,0.201511,-0.5625259,0.35239625,-1.3657357,0.22175166,-1.1244779,0.16294537,-1.2595667,0.19590838,-1.1749843
-1.1648912,0.17809099,-2.2847724,0.4362975,-1.5026078,0.25935063,-1.2142922,0.30160898,-1.398002,0.29011926,-0.75989693
-0.61085063,0.18066323,-0.40948644,0.3425064,-0.67598516,0.21452433,-0.405505,0.24029171,-1.0937201,0.15782131,-1.1106093
-1.942543,0.2144461,-1.5338,0.3456684,-1.9193722,0.22248708,-2.2049632,0.3327563,-1.5481832,0.2214034,-1.4226133
1.6111193,0.14003593,1.0654148,0.1922474,1.6817205,0.21110147,1.8051633,0.22809975,1.9751724,0.16193755,2.111043
-0.048458017,0.1999798,-0.22970763,0.32360187,-0.43689877,0.3009803,-0.38104254,0.2164492,-0.15159293,0.21019292,-0.6676735
0.6425746,0.212515,1.0250919,0.2572728,0.29350466,0.39144686,-0.3426133,0.31428736,0.5074429,0.35419396,-0.30744204
-1.3448561,0.11126582,-1.6351012,0.2435471,-0.48241234,0.1785418,-0.84810644,0.15072504,-0.80751914,0.13384362,-0.6941087
0.4846578,0.10774284,0.16711214,0.24067757,-0.09294477,0.17889829,0.08171653,0.1504622,-0.0031440763,0.12608539,-0.029126318
-0.33419067,0.12921055,-2.0887232,0.22028312,-1.0003202,0.16885178,-0.58529043,0.16665858,-0.7990251,0.14662604,-0.6906904
0.11272161,0.12964624,-0.61504495,0.21078306,0.28236258,0.22982477,-0.078795075,0.19325127,-0.080926225,0.15834388,-0.2948592
1.1329787,0.1616005,1.1859657,0.24639824,1.4540743,0.27571356,0.44869944,0.2871075,1.0257174,0.17958179,1.6482878
-0.5120374,0.12992682,-1.2120179,0.20298342,-0.72637355,0.20700976,-0.9082412,0.17942429,-0.75984305,0.15287659,-0.8145067
-0.7668051,0.12881373,-0.16712686,0.20558971,-1.2710792,0.18438266,-0.8451882,0.18042377,-0.8583318,0.15128697,-0.89991325
0.4860247,0.123202145,0.12050811,0.22198433,0.048251066,0.21108222,0.1765407,0.20055795,-0.3469875,0.15281072,-0.28597322
1.3288953,0.20805575,1.2884995,0.3739123,1.7246767,0.16825922,1.4814843,0.27709433,1.6095293,0.1942361,1.9052168
-2.2591639,0.13973679,0.07420603,0.2133969,-0.50669026,0.2883092,-2.0978465,0.22098014,-1.344346,0.15719374,-1.1771111
0.22658713,0.22914504,0.47022483,0.2615655,-1.1228374,0.306761,-1.1006472,0.2654688,-0.4902082,0.22298421,-0.2665576
0.43054184,0.14887151,0.12668131,0.22351009,-0.61817384,0.28728303,-0.53937507,0.24529602,-0.15402226,0.19198038,-0.17908154
-0.53628415,0.13395067,-0.25233263,0.20681481,-0.27671608,0.21787174,0.20186521,0.19433889,-0.445906,0.14906001,-0.5844279
1.2762988,0.26624933,1.4806013,0.52371454,1.4494146,0.4541232,1.1189897,0.4895278,1.7331436,0.25856623,1.2213858
1.5234333,0.15987015,0.7784688,0.2564487,1.7211236,0.22385348,1.8004385,0.232354,1.7698753,0.17337562,2.1594722
-0.62886775,0.15797836,-0.49407336,0.35511994,-1.1315154,0.22740099,-0.98006237,0.18404959,-1.256102,0.20224416,-1.095483
0.46060312,0.260855,1.2700955,0.36473665,-0.6708145,0.41016325,-0.081334054,0.31995824,0.76289785,0.32927966,0.79144496
1.4123882,0.14141883,1.1755038,0.1922474,1.7543144,0.22861144,1.8387253,0.22809975,1.8863847,0.16254844,1.8324273
0.72862107,0.13543862,0.86869997,0.22863907,0.9329057,0.21716937,1.0512217,0.23140016,0.73595583,0.16779236,0.21424204
-1.1689018,0.14389898,-2.691361,0.30981806,-1.5334355,0.2784147,-1.6071669,0.20328069,-1.9033076,0.2271847,-1.6720955
0.83697313,0.13231307,0.74325407,0.24199788,0.65903974,0.20553698,1.0275455,0.17403989,0.7566026,0.12739246,0.33264956
-0.45161948,0.1270014,-0.7346968,0.27140418,-1.4514865,0.22998907,-1.2663159,0.19057639,-1.3766825,0.22477062,-1.3424021
1.4713051,0.20221563,1.3339647,0.31338027,1.7321702,0.2030091,1.5756135,0.23431627,1.7220669,0.16282354,1.8620883
-0.17144774,0.21881436,0.28097713,0.3081053,-0.4482949,0.3265074,-0.7196718,0.27937782,0.50369203,0.29104748,-1.0554818
-0.9683549,0.13984485,-0.10491098,0.21260111,-0.79957896,0.19888514,-0.70697397,0.2579441,-0.5976332,0.19321372,-0.73777264
0.05206023,0.13027458,0.6065389,0.24424958,-0.5805427,0.19524653,-0.2380615,0.14834641,-0.26226926,0.1384631,-0.6969745
-1.5124291,0.16609375,-0.5653579,0.28284657,-0.1633678,0.1864186,-0.39204884,0.18147802,-0.55304384,0.17554979,-0.3952655
-0.7318422,0.120300755,-0.46618837,0.23612024,-0.7148116,0.19453998,-0.6738675,0.16885518,-0.58795303,0.13945939,-0.3575767
-0.8924485,0.23376355,-1.7555509,0.38143334,-1.7310278,0.2604384,-1.749775,0.42183673,-1.802051,0.3109055,-1.5365185
0.0034056273,0.15669113,-0.512546,0.31601527,-0.55494565,0.19886394,-0.6388838,0.21673806,-0.90361935,0.17661195,-0.8957848
-1.8510025,0.12956676,-1.8234369,0.22422254,-1.60659,0.17838,-1.623675,0.16876379,-1.1238642,0.15285955,-1.4394976
1.0902586,0.16427144,1.283979,0.22028312,0.9623892,0.23788676,1.3352429,0.25986603,1.0465842,0.17783545,0.5756798
-0.46180832,0.12830488,0.80349666,0.2930076,0.51552695,0.2442658,-1.0718353,0.17879707,0.21909793,0.1649804,0.9373095
0.2253906,0.1277699,0.2304792,0.26161137,-0.76621836,0.20414348,-0.39016974,0.16351356,-0.18240155,0.16219014,-0.42621174
-0.74968654,0.12621541,-0.91657424,0.24132012,-0.69655925,0.20405847,-0.6487584,0.17994444,-0.6507924,0.15016966,-0.7075247
-1.5772828,0.26145712,0.4492506,0.4748072,-1.1496797,0.18761756,-1.3765537,0.36023185,-1.4873911,0.2727648,-1.0214934
1.0562445,0.1514497,0.53786546,0.21673635,0.9160943,0.22180973,1.0280412,0.24215724,0.88000757,0.17485511,0.77825034
0.42898637,0.20880984,-0.09102808,0.3739123,-0.04258483,0.17390372,-0.18443471,0.29752678,-0.344958,0.19082685,-0.36150515
0.008335303,0.13961864,0.12559573,0.27811614,-0.5430092,0.16646975,-0.7414144,0.1464676,-0.6337444,0.14531533,-0.5346353
-1.2173169,0.122787535,-0.9508419,0.24424958,0.5149244,0.22176439,0.7164914,0.20339584,0.3464524,0.15109968,0.20999117
-0.78992397,0.23538262,0.34523448,0.45390606,-0.1428416,0.33154643,-0.31657276,0.36769044,-0.40562382,0.26267537,-0.48681667
1.2260484,0.38760576,1.1697853,0.5567685,-0.68204474,0.5668243,-0.29700854,0.8915332,-0.20215346,0.7031033,-0.31616628
0.022180889,0.12763944,-0.38768846,0.21523696,-0.47188827,0.21425478,-0.0038575865,0.19859307,-0.9150099,0.15261081,-0.56458807
0.74492663,0.17995043,0.028430205,0.2930076,-0.3062591,0.29364914,-0.3687498,0.26409078,-0.3231445,0.19051257,0.041316897
-0.4748749,0.112037525,0.07740977,0.23852235,1.0022177,0.20561273,0.5471346,0.17759877,0.40263152,0.13676336,0.022571575
1.6944095,0.1413842,1.1704787,0.21172263,1.977334,0.22180973,1.8114272,0.22006781,2.0133774,0.1634519,2.2327077
-0.44449008,0.1533759,-0.7245123,0.2860417,-0.37617972,0.17829293,-0.23784289,0.19772603,-0.87450415,0.16005893,-0.95484823
-2.106588,0.13699584,-0.8767513,0.22619511,-1.6375486,0.18991399,-2.0421393,0.17901544,-1.5258605,0.16357212,-1.3147975
0.4632896,0.24761932,0.27777648,0.2518363,-0.1605202,0.33104292,0.94435674,0.365418,0.58075243,0.21177483,0.035833023
-0.98821956,0.13391145,-0.168963,0.2710602,-1.491011,0.19875011,-0.9730684,0.16051356,-0.833384,0.1586201,-0.97575754
-0.6933998,0.12605898,-2.4063058,0.21594997,-0.5971048,0.20086792,-0.5963685,0.18058577,-0.7190017,0.1571467,-0.7773085
0.9667065,0.23855478,1.1198562,0.29725292,0.7922209,0.33029532,0.28756046,0.2902066,0.720964,0.21928528,0.69293404
0.14708242,0.12970765,-0.85566247,0.19816442,0.19547507,0.20895863,0.07075752,0.19138496,-0.39760995,0.1549752,-0.45691404
0.99747145,0.22807327,0.78736407,0.3081053,0.59326893,0.36133158,0.71949774,0.28523645,0.70121974,0.28571403,0.7056018
-1.5325066,0.13358398,-0.4294638,0.24531512,-0.5302032,0.27694258,-0.97747445,0.21482933,-1.0772371,0.14608341,-1.0503693
-1.7967952,0.13005826,-0.5208747,0.24747567,-1.0642203,0.22944029,-1.0301218,0.20985746,-1.2371056,0.14987299,-1.3300419
1.1205260200000002,0.58107672,1.0308184974999999,0.7183376862499999,-0.99323344,0.6155359,-0.9203545,0.56339204,-0.7891338,0.72381175,-0.43061766
0.049504522,0.13380617,-0.04929375,0.25491926,-0.6119333,0.2075281,-0.103003,0.16196883,-0.32768047,0.13170192,-0.6251505
1.6129555,0.13702391,1.2306881,0.23852235,1.9249836,0.21432865,1.892242,0.21836512,1.9180366,0.14254119,2.1680365
0.02947429,0.13080241,-0.4342825,0.25491926,-0.082355045,0.21658923,-0.6786183,0.20559482,-0.5100291,0.14964294,-0.61994225
-1.4969678,0.11388191,0.14840788,0.2435471,-0.24868004,0.19445172,-0.6319194,0.15910573,-0.5813049,0.14070277,-0.6225433
0.6533095,0.1459511,-1.201318,0.24199788,1.3365808,0.2223759,1.3111944,0.23215929,1.0053227,0.14817204,0.79770833
-1.0980746,0.123214364,-0.38044903,0.21814875,-0.91997707,0.21256377,-1.0262282,0.2200982,-1.0260773,0.18306525,-1.4280535
-1.7212502,0.11653931,-0.5005537,0.2392498,0.15492985,0.20749466,-0.23336342,0.19724673,-0.59739774,0.15312923,-0.59923464
0.96415204,0.15153936,0.7746384,0.23575321,0.1742516,0.22128032,-0.059173293,0.23700368,0.37869784,0.18062101,0.82485795
0.55490214,0.14624518,0.27650443,0.22021282,0.2567648,0.2555041,0.023187116,0.2375446,-0.111858994,0.1828766,-0.369345
1.2381058,0.13155152,0.55494153,0.21966553,1.3730747,0.21056087,1.1241741,0.22564568,1.4369324,0.15071708,1.4719695
1.517765,0.12172429,0.8684149,0.21172263,1.7791051,0.20896402,1.6193736,0.22006781,1.8357879,0.15968367,2.2323072
-0.070341714,0.12876344,-0.42550468,0.2511619,-0.26053643,0.2025788,-0.46818373,0.18522133,-0.72832197,0.14899361,-0.033246532
-1.3519413,0.13500087,-1.3861449,0.28320315,-1.0747851,0.19002037,-1.1061468,0.18603976,-1.1821741,0.15158942,-1.0428323
0.3870664,0.12594786,-0.7648019,0.21172263,0.06893447,0.20137176,-0.24082094,0.19072802,-0.009627157,0.15864709,-0.26685536
0.37843913,0.12347935,0.9781043,0.22680736,0.24075463,0.21878032,0.15597898,0.2255636,0.30407232,0.15944222,0.32149577
1.4729922,0.20353645,1.6202925,0.3392844,1.9568117,0.2180528,1.5055732,0.24947403,1.8591597,0.22066496,2.1946142
-1.9329215,0.18087861,-0.7195995,0.34964156,-0.817662,0.30462041,-1.5084411,0.23574468,-0.8179931,0.29554766,-0.048502833
-1.4348265,0.12668815,-1.3437432,0.24747567,-1.5765895,0.18635361,-1.1072514,0.17567733,-1.2992972,0.1530258,-1.4007776
1.3384855,0.12172429,0.42818582,0.21172263,1.2717876,0.20896402,1.2422814,0.22006781,1.3486378,0.15968367,1.4404461
-0.36770982,0.12970765,-1.493914,0.19816442,0.2285231,0.2089103,0.288755,0.17965333,-0.2129001,0.15494633,-0.13550125
0.6372013,0.26642427,1.1327027,0.33286983,0.5047073,0.265136,-0.050482985,0.20304108,1.1104107,0.26905873,0.21868663
1.1641921,0.2559116,1.2838993,0.29294446,-0.47840995,0.40302613,-0.37612176,0.3745633,0.72077304,0.3672721,0.67436856
0.8496482,0.13160716,0.8913848,0.22433582,1.1469353,0.21005656,1.1808262,0.21382864,1.0439398,0.1548143,0.71529406
1.0878196,0.16309798,0.7439978,0.2860417,0.45492664,0.17829293,0.6500614,0.19772603,0.6704362,0.16005893,0.38151363
-1.8341359,0.12447109,-2.337218,0.21616668,-1.5300843,0.17432651,-1.4766101,0.17295398,-1.2716439,0.1678811,-1.5460546
-0.97836643,0.12720725,1.2125465,0.22917284,1.0523015,0.20715906,0.7412803,0.21185412,0.9521707,0.15615875,1.1036708
-1.5495722,0.26145712,-2.1167488,0.4748072,-1.6624231,0.18761756,-1.641465,0.3586605,-1.4161203,0.32034823,-0.68063486
1.4244851,0.20805575,1.4568216,0.3739123,1.7570806,0.16825922,1.557659,0.27709433,1.9315519,0.1942361,1.9869758
-0.51428837,0.14267045,-0.13292938,0.2701239,0.007818559,0.18147737,0.07822634,0.16209094,0.29918322,0.1618073,0.28093418
-0.14377806,0.18421584,-0.42826128,0.3425064,-0.5356383,0.23566958,-0.13722226,0.27341503,-0.46869668,0.16808014,-0.62319624
-0.8578514,0.1275322,-0.38698834,0.20681481,-1.1562804,0.16634594,-0.8796489,0.1687873,-1.1758606,0.14739698,-0.9924579
0.11426293,0.11165,-0.9073647,0.21966553,-0.18798654,0.20228103,0.43664232,0.19217421,-0.5819702,0.14212063,-0.40406963
1.6055855,0.13332866,1.1874647,0.21966553,1.8390478,0.21056087,1.7455051,0.22564568,1.8526818,0.15071708,2.0905833
-0.75919694,0.1537873,-0.66587085,0.29617736,-1.0516253,0.2147038,-1.1950798,0.18811108,-1.3470274,0.18583351,-1.217173
0.9544613,0.16186124,0.6538758,0.2789576,0.86973333,0.1944671,0.999591,0.18063407,0.75833076,0.15379746,0.3844905
-0.7650634,0.10773607,-1.4363297,0.22198433,-0.6812428,0.21047133,-0.38559178,0.18150114,-0.53639984,0.14720912,-0.57966435
-0.13086802,0.10889698,0.014471621,0.2435471,-0.6226138,0.1766003,-0.46234918,0.15072504,-0.48634645,0.13193719,-0.54227936
1.2003906,0.40085214,0.85172004,0.41270143,1.0911441,0.36093396,1.4146843,0.27609518,1.228445,0.35543865,1.3327895
1.1032174,0.21355502,0.7713968,0.3456684,0.7369085,0.20545983,0.5775633,0.2718975,0.77567035,0.1975755,0.7555321
0.29456586,0.13004345,-0.013513958,0.21596204,-0.6512378,0.17337804,-0.6018943,0.1732176,-0.538559,0.14987509,-0.53436154
0.52334625,0.15077898,-0.050823182,0.2604739,0.339395,0.25048754,0.5396605,0.2686111,-0.1985801,0.1755447,-0.20810138
0.18409121,0.15005973,-0.1396508,0.20764013,-0.32260382,0.22959985,-0.5134764,0.2035648,-0.52458656,0.16406885,-0.63280725
-2.1159263,0.12407463,-1.049848,0.28083846,-1.3415861,0.23059165,-2.0187364,0.17415501,-1.2752669,0.17804044,-0.41158438
0.73584896,0.23482366,1.1839739,0.25285798,0.6356369,0.35751906,-0.07243711,0.27075687,0.77760017,0.24262021,0.32909596
-0.6288702,0.13286464,-0.049683165,0.21260111,-0.16450952,0.2211467,-0.078002,0.23179777,0.02394276,0.19509381,-0.27435336
-0.20420228,0.12631962,-1.0665462,0.21053849,-0.69108534,0.17234476,-0.7598636,0.17101169,-0.5774001,0.1521179,-0.65086657
1.1150861,0.110376775,0.3717337,0.2336128,1.2675246,0.22790752,1.2355574,0.23154943,1.2891281,0.16004433,1.310407
1.5190855,0.11129932,0.9500113,0.22972222,1.8812675,0.23261674,1.796388,0.23348199,1.8479816,0.15461487,2.268327
-0.20608437,0.11033273,-0.0026861692,0.22986214,-0.512557,0.18706118,-0.7127492,0.17424653,-0.24080732,0.13374743,-0.47725353
-0.46582857,0.15696171,-0.26141852,0.30092695,-0.19508626,0.1841526,-0.07819341,0.22274236,-0.0490108,0.1860604,-0.2400593
-0.28423178,0.120090194,-1.0902368,0.21905676,-0.7824399,0.1801341,-0.3904987,0.16536282,-0.6338951,0.14921919,-0.5271179
0.51557344,0.4574085,0.04696746,0.57573354,0.9025494,0.30231553,1.0095239,0.44084185,0.9570836,0.3946289,0.8833664
-0.03949186,0.13705611,-0.6179638,0.26718533,-0.22972146,0.26726022,0.21558402,0.19447324,-0.2695089,0.14447251,-0.10699371
1.626358,0.13702391,1.3379769,0.23852235,1.8314978,0.2223759,1.6029695,0.21836512,1.8641781,0.14413863,2.1426325
-1.9414911,0.11657705,0.80888116,0.26359117,-1.1303717,0.2400774,-1.0922211,0.22101687,-0.82348037,0.17440276,-0.97506166
-0.14957763,0.113063045,-1.8323458,0.24153912,-0.3002781,0.20001903,0.08828172,0.18504071,-0.3677776,0.1435817,-0.33701253
-0.098295785,0.15310733,-0.8701266,0.2701239,0.34696308,0.18147737,0.4539634,0.16209094,-0.007557075,0.1618073,-0.20643283
-1.6721387,0.1348485,-1.5717723,0.22863907,-1.4264945,0.17721575,-0.99073243,0.17453907,-1.5029762,0.151006,-1.4597859
0.90567255,0.15826069,0.9363841,0.2701239,0.9194666,0.18332644,1.1090285,0.15902583,0.85774106,0.15409993,0.480226
-0.16117735,0.15801121,-0.8510083,0.2976781,-0.18028764,0.2080994,0.020573849,0.19412303,-0.19275261,0.16280152,-0.5542224
0.1603171,0.14475122,0.21945527,0.21239938,0.2928859,0.2743045,0.17506427,0.2241973,0.014262914,0.1583888,-0.07514936
0.68133146,0.12657513,0.30768394,0.20779568,0.5122615,0.21062733,0.10648875,0.20701694,-0.15382336,0.17579682,-0.18322034
0.96428466,0.16499291,0.5957566,0.29205847,0.20942755,0.1892828,0.62316406,0.19016927,0.52686656,0.18557575,0.51654583
1.5002669,0.15927099,1.4194847,0.20956327,1.6854216,0.21868967,1.7189797,0.24996771,1.7507766,0.18872936,2.0917804
1.0253737,0.1256334,0.9761155,0.2049565,1.0405197,0.20091909,0.98288333,0.20282501,1.0129263,0.1543672,0.5871251
-0.11989437,0.21250087,0.12496803,0.39620548,-1.1507535,0.28207695,-0.77044266,0.35689184,-0.76544434,0.25405762,-0.9456425
-0.34627035,0.18023558,-1.399242,0.31338027,-0.67345625,0.20120774,-0.5225968,0.21808119,-1.083695,0.15192951,-0.94341403
-0.009073544,0.122639515,-0.30355993,0.20779568,-0.6311487,0.20354852,-0.12369994,0.17471746,-0.49813563,0.15625611,-0.95689446
1.5370477,0.13919927,1.1136308,0.23852235,1.8207825,0.21432865,1.8048376,0.21836512,1.8125734,0.14254119,2.081398
0.8544181,0.3388224,0.7881848,0.42519823,1.0586277,0.41016325,0.90768874,0.31995824,1.1433179,0.34772584,0.83826005
0.7196826,0.18288201,0.600149,0.28588563,0.33385685,0.28211078,0.85443246,0.3345542,0.72652864,0.20838803,0.4316186
1.0816864,0.11095833,0.9726755,0.23941578,0.89264053,0.25156966,0.8137232,0.25114915,0.8644507,0.16874814,0.31758076
-1.1779964,0.18087861,-2.2448313,0.34964156,-1.4959192,0.30462041,-1.2016068,0.23574468,-1.4840301,0.28829458,-0.874153
-0.6383037,0.21250087,-0.34944987,0.39620548,-0.96697754,0.28207695,-1.0459607,0.35689184,-1.3194612,0.25405762,-0.9153248
-0.008937163,0.13239789,-0.18669851,0.23575321,-0.88535315,0.19625537,-0.3675998,0.18610883,-0.28079057,0.16440442,-0.034534257
0.096344516,0.13790143,-0.28483114,0.24639824,-1.1958001,0.23574856,-1.0237025,0.20378082,-1.1437666,0.15726218,-0.74389297
1.5101361,0.14903152,1.2714783,0.2392498,2.017984,0.21908851,1.5729972,0.22479999,1.8918278,0.16150005,2.2339756
1.1557076,0.24345101,0.9189486,0.34964156,1.3484573,0.36093396,1.1221364,0.26457682,1.5191532,0.26889685,1.4976428
-0.46242836,0.16194156,-1.3178972,0.2860417,-1.0029436,0.17826904,-0.66617644,0.20848858,-1.1590121,0.17319527,-1.0614245
-1.8879795,0.15179525,0.25665474,0.31035107,-1.2719172,0.329142,-1.4525127,0.28494564,-0.9862807,0.20303904,-1.2123755
-1.3583379,0.11488966,0.059611708,0.24605513,0.37974483,0.21328937,-0.006240557,0.19092403,0.1199923,0.15807834,-0.07915701
-0.24308266,0.12441743,-0.4187543,0.24134798,-0.6698987,0.24582738,-0.11279101,0.21119684,-0.20178242,0.1502137,-0.6253126
-1.8484424,0.13144517,-2.2603047,0.22422254,-2.194711,0.18771379,-2.06633,0.19456361,-2.2934532,0.1634772,-1.7698016
1.1347532,0.25280815,1.0351541,0.25285798,-0.3761062,0.35751906,-0.99704546,0.27075687,-0.2599995,0.23784678,0.63102335
0.74562806,0.16309798,0.2417736,0.2860417,0.79630524,0.1788536,0.75252235,0.20848858,0.92001,0.175007,0.48918927
0.36967725,0.119328864,-0.21825533,0.20779568,-0.47374016,0.16599363,-0.20052014,0.16288146,-0.10830889,0.1540963,-0.00013918942
-0.05910497,0.13493547,-0.59044236,0.24220166,-0.7406362,0.22216424,-0.52421063,0.18352754,-0.83259594,0.15940242,-0.9381039
-0.23422043,0.13736315,1.1795912,0.24153912,2.2670116,0.21040754,1.7757404,0.19395985,1.5588434,0.1539019,2.2067204
-1.7363799,0.12759787,-2.3630846,0.20558971,-1.5567641,0.18477972,-1.445107,0.18042377,-1.1695799,0.16645195,-1.4626412
-2.1851225,0.13272978,-0.18527839,0.24747567,-0.96685266,0.29654723,-2.0149786,0.24701141,-1.3949342,0.16363926,-1.3760647
0.51918626,0.16735582,-0.3845248,0.29205847,-0.016057532,0.19184636,0.21430014,0.19016927,-0.5007236,0.18934047,-0.43516997
-0.95021325,0.15005367,0.22000623,0.2572496,-0.83598137,0.26714182,-0.30113053,0.22592346,-0.75450623,0.1824003,-1.0830679
1.1792579,0.22807327,0.61798626,0.3081053,0.7446677,0.36133158,0.76541317,0.28523645,0.84882313,0.28571403,1.1724055
-1.5524303,0.13368249,0.6470563,0.2246238,-0.18364622,0.23092446,-1.3309476,0.2200982,-0.434027,0.18766215,0.2610024
1.2283956,0.31618214,1.1697853,0.5567685,-0.68204474,0.5668243,-0.29700854,0.8915332,0.8339458,0.7084527,-0.31616628
-0.5942679,0.47640857,0.047549605,0.6418249,0.3485415,0.5411399,-0.13253112,0.46058783,-0.793225,0.6210206,0.4970834
-0.020868875,0.13062423,-0.42151043,0.25413197,-0.8748688,0.196137,-0.5896727,0.18271162,-0.4043334,0.15861315,-0.095152825
-0.10282789,0.13724567,-0.08862751,0.20011306,-0.9475128,0.21868944,-0.20534234,0.22012345,-0.6041939,0.17115854,-1.010692
0.6909353,0.124616966,0.35763547,0.2392498,-0.12667184,0.20998885,0.6433606,0.1852996,-0.057684425,0.14237703,-0.2317924
0.72210044,0.45578972,0.4863617,0.5952037,0.87271065,0.33154643,0.9871868,0.41624996,1.2309973,0.32863772,0.8615376
-1.0216697,0.13209614,0.46207708,0.22680736,0.260225,0.21946669,0.46673927,0.2255636,0.5188434,0.16141723,0.17508294
-1.0425646,0.13253489,-0.78440714,0.20729105,-1.1517832,0.18335244,-0.7331227,0.18387605,-0.9704268,0.14848812,-1.2678347
1.129211,0.15591212,1.1284163,0.24531512,0.482355,0.3126863,0.4801485,0.27260244,0.3313151,0.16783696,1.2228693
1.4959718,0.12172429,0.92111254,0.21172263,1.8463371,0.20896402,2.0454533,0.22006781,1.7900031,0.15968367,1.7844983
1.6140375,0.11129932,1.0051035,0.22972222,1.9392241,0.23261674,1.8605264,0.23348199,2.0662556,0.15461487,2.2019749
0.9523571,0.14472541,0.87394255,0.25413197,0.29150677,0.2351467,-0.017360443,0.24708104,0.47212458,0.17355552,0.8726059
-0.38608098,0.89341265,1.144099,0.7234809,-0.9890186,0.62620515,-0.9412109,0.5318991,-0.78132284,0.8277906,-0.5815785
0.63047534,0.11961116,-0.27756166,0.21172263,0.10014397,0.18833508,0.15288408,0.19072802,-0.13599017,0.154683,-0.101495706
0.39360338,0.12242096,1.0225084,0.22021282,0.39582834,0.20517683,0.60569304,0.2017704,0.38363883,0.1702808,0.74453217
1.0434494,0.24594022,1.6318088,0.28867644,1.8162501,0.4826855,1.3625245,0.49073493,1.7151062,0.49933192,1.325617
-1.4518971,0.16569999,0.30280596,0.39288157,-1.0438024,0.23249698,-1.3959554,0.236242,-1.2503107,0.209525,-0.6578849
0.375795,0.12679115,0.92957085,0.24605513,0.21163815,0.21115348,0.24108829,0.19092403,0.25210372,0.15666741,0.2697643
0.28468394,0.12828211,-0.32150754,0.20315695,0.43017378,0.23123766,0.7600275,0.19356996,0.22465202,0.14263627,0.82855755
-1.7621614,0.13969855,-3.005906,0.22490767,-2.2631598,0.22030273,-1.6190675,0.19758108,-1.7977853,0.1703628,-1.6421928
1.5055994,0.110376775,1.0340354,0.2336128,1.6523367,0.22790752,1.752571,0.23154943,1.7338305,0.16004433,2.1303449
-0.025030326,0.12594005,-0.85638154,0.21417129,-0.24266322,0.23271227,0.0025543354,0.20236664,-0.6477694,0.15048039,-0.9020775
-0.67105144,0.1533516,-0.4715362,0.28685582,-0.6688789,0.19920202,-0.34787962,0.18653642,-0.7750881,0.16168033,-0.97934157
1.3053606,0.14320247,0.9489989,0.24199788,1.4499364,0.2223759,1.5948021,0.23215929,1.7464685,0.14632298,1.5560766
-1.105341,0.12976195,0.21103783,0.21596734,-0.69183284,0.21287793,-0.47507277,0.19365883,-1.0702376,0.17121185,-1.2838033
-1.3399369,0.12863848,-2.1966283,0.21053849,-1.459648,0.2172637,-2.218066,0.22835572,-1.5084025,0.18092006,-1.5612652
0.5821533,0.10753686,-0.0253867,0.21966553,0.17120673,0.20212904,0.39866167,0.19217421,0.08444416,0.14240967,-0.1841706
-0.71601504,0.1277958,-2.4012792,0.19638619,-0.75780636,0.20302111,-0.68854094,0.18599665,-0.75093,0.15239738,-0.83896524
1.0155308,0.24535504,0.92888385,0.28274652,0.936751,0.3371836,0.34215456,0.28435487,0.9878283,0.21644174,0.96930647
0.7818131,0.16493748,0.8140214,0.27811614,0.5301805,0.18829872,0.8744899,0.16348751,0.5658779,0.16335978,0.36734083
-0.9785579,0.1314445,-0.16557555,0.25199842,-1.3642734,0.18876798,-0.8774269,0.16225947,-0.89612794,0.1451877,-1.0323097
0.9353473,0.1317008,0.5827727,0.2626911,0.20866804,0.22541942,0.4501569,0.21206912,0.35434476,0.16753988,0.45711502
0.3861335,0.2689985,-0.43754518,0.64384705,-1.1155281,0.41016325,-0.94974434,0.31995824,0.1407957,0.699001,0.18245003
0.23236535,0.20221563,-1.3904843,0.31338027,-0.20412816,0.2030091,0.024483722,0.23431627,-0.3885292,0.1623705,-0.5275937
-0.067682624,0.23376355,0.42693576,0.38143334,-1.1735204,0.2604384,-0.31407517,0.37869307,-0.22783592,0.2840455,-0.89915717
-1.8150154,0.14726374,-2.2136266,0.2856389,-2.313186,0.2436132,-1.9904385,0.20858376,-1.944448,0.23430263,-1.9164568
-0.6628094,0.17647357,0.29903856,0.30158466,-0.42514795,0.22906406,-0.058016263,0.21634105,-0.40603095,0.20720042,-0.553777
-1.678506,0.12221875,-0.058007225,0.26077685,-0.8338785,0.22888492,-0.97883016,0.16559714,-1.0023588,0.14376314,-1.1929687
-1.6596333,0.12679663,-0.60589075,0.21345171,0.30202094,0.21947493,-0.07036332,0.21157242,0.16439523,0.16795968,0.27087137
-0.8510667,0.12900753,-1.3188934,0.21454914,-0.02670583,0.22561331,0.028570814,0.19415975,-0.37299633,0.16008176,-0.32710153
0.9838739,0.1524529,0.52350783,0.2392498,0.551543,0.21908851,0.8943834,0.22479999,0.85928774,0.16150005,0.2619307
-0.8275407,0.26145712,-1.2117296,0.4748072,-1.4060513,0.18761756,-0.891484,0.38636038,-1.1523813,0.3505094,-1.1409312
1.40958,0.18660334,1.2896888,0.28284657,1.1063299,0.19735359,1.2223778,0.19807447,1.2762525,0.18001331,1.1191024
-1.4037921,0.1291885,-1.2453078,0.2511619,-1.4816451,0.20522304,-1.1092659,0.18522133,-1.3173124,0.15020138,-1.4058467
0.9345739,0.16233127,1.184026,0.24220166,0.9829688,0.26652616,0.3903497,0.2820171,0.61443955,0.18558392,1.3160679
-0.9245386,0.11801839,-0.88285404,0.2611152,-0.9258595,0.18299447,-0.7116977,0.16057438,-0.8149656,0.14084776,-0.60821795
1.0723996,0.38095725,1.1318533,0.586252,-0.584583,0.55598587,-0.6971223,0.67484075,0.8263304,0.72966194,-0.35663846
-0.013092079,0.11042767,-0.033658903,0.22801979,-0.12608963,0.20618004,0.22720557,0.19767688,-0.6368973,0.14862172,-0.349039
-0.9131097,0.19601236,-1.587168,0.39288157,-1.2652895,0.25941044,-1.0005594,0.29139608,-1.2909853,0.27153474,-1.009018
0.52386826,0.5001003,0.40125155,0.37083346,0.75733376,0.42360643,0.9040926,0.41238505,0.856927,0.39835414,0.83261555
0.057574667,0.12799896,-0.41569036,0.24531512,0.7533256,0.29577997,1.0114907,0.2302012,0.24392153,0.15248427,0.6284557
-0.15292546,0.20895292,0.3581446,0.36473665,-0.5119678,0.24081539,-0.5939888,0.22536096,-0.12588723,0.2325028,-0.106747024
-1.6442707,0.16962865,0.14101765,0.30158466,-0.354694,0.21243529,0.08075052,0.19521338,0.108946495,0.20047423,-0.16767919
-0.76043993,0.1107234,-2.0140564,0.24429454,-1.0393112,0.18672736,-0.89497167,0.15759236,-1.0610527,0.14057694,-1.0669398
-0.25132638,0.11047072,-1.2499325,0.22578736,0.39910176,0.1999172,0.4630303,0.17589283,-0.0044610784,0.14482312,0.091789804
1.382437,0.20805575,1.3434536,0.3739123,1.6703197,0.16825922,1.5127298,0.27709433,1.5010401,0.1942361,1.7089081
-0.17165223,0.10910716,-0.72131693,0.22781482,-0.043859743,0.22577323,-0.24259743,0.18371053,-0.16384937,0.15381712,-0.033657957
0.7609002,0.3388224,0.8394432,0.42519823,0.6386204,0.41016325,1.2695265,0.31995824,1.1939383,0.34772584,0.6509998
1.314802,0.20221563,1.4113357,0.31338027,1.8045317,0.2030091,1.4561435,0.23431627,1.6094189,0.1623705,1.8015454
-0.57611924,0.12605898,-1.627562,0.21594997,-0.42325786,0.21071109,-0.3612182,0.19865248,-0.7940157,0.166413,-1.0086416
-0.21893302,0.10889698,-1.1655235,0.2435471,-0.5816717,0.1766003,-0.13640082,0.15072504,-0.95396197,0.13193719,-0.911055
0.24146222,0.12816627,0.7919012,0.19638619,-0.42942604,0.2150029,-0.2776157,0.17928828,-0.33095974,0.15461245,-0.47189313
0.4962997,0.20880984,0.8543712,0.3739123,0.43165755,0.17390372,0.3607435,0.3117465,0.25141227,0.2124291,0.8087733
0.677776,0.20282012,0.18639648,0.3425064,0.0021564432,0.21671158,0.19934267,0.26255658,-0.48199913,0.17013991,0.091486886
-0.6423635,0.1164207,-1.3812323,0.23129664,-0.98878485,0.21224843,-0.80514467,0.17310494,-0.7373593,0.1426838,-0.8146429
1.3391325,0.13155152,0.40227073,0.21966553,1.5908968,0.21056087,1.63784,0.22564568,1.7294139,0.15071708,1.6654605
-0.088468514,0.120972715,-0.2176228,0.23301464,-0.09511331,0.23359017,-0.21779063,0.19667533,0.060809005,0.16388845,-0.28143877
-1.1448224,0.13678613,0.42698863,0.24132012,0.13554858,0.26435733,0.4589401,0.24261394,0.6152646,0.17227802,0.22725978
0.29740903,0.12761487,0.4141969,0.27963638,-0.7658749,0.17111251,-0.4587613,0.1644728,-0.2874344,0.16057739,-0.47920623
-0.027749272,0.11510484,-1.7287632,0.24153912,0.034502875,0.20316128,-0.11253563,0.18504071,-0.5749973,0.14900972,-0.78673923
1.0031643,0.20805575,0.5538639,0.3739123,0.83755517,0.16825922,0.53713506,0.27709433,1.0535237,0.1942361,0.3386542
0.36150983,0.15414125,0.22328685,0.23028909,-0.7447424,0.19989529,-0.86047405,0.19806811,-0.67340887,0.19099627,-0.05710451
1.4875846,0.12321743,0.85426724,0.21109025,1.8429036,0.20949604,2.0186026,0.22154431,1.7773024,0.15332817,1.9238312
1.0049106,0.23272909,0.87323606,0.29093313,-0.40032896,0.3160413,-0.8468153,0.27511337,0.33006954,0.33795777,0.26496923
0.16882463,0.15801121,0.017319396,0.2976781,-0.7049512,0.2080994,-0.23462072,0.19412303,-0.49067423,0.16280152,-0.32470638
-1.0358166,0.12128334,-1.7576766,0.23612024,-0.550458,0.20405847,-0.9590991,0.17046897,-0.39220777,0.142659,-0.36488113
0.7821974,0.22681883,0.9555521,0.280121,0.41732484,0.4826855,0.5524419,0.36282754,0.49676806,0.33493534,0.43898183
-1.0626607,0.14047328,0.9398142,0.2626911,0.3292157,0.23138306,0.612983,0.21583496,0.40149456,0.18096134,0.3451333
-1.1121911,0.13121167,-0.31346965,0.20729105,-0.048807293,0.18374287,0.18556333,0.18387605,0.070237465,0.14891689,0.7763005
0.07646361,0.11810846,-0.80256295,0.2528543,-0.7332239,0.18284458,-0.8884159,0.1875029,-0.8537293,0.14986798,-0.43112364
-0.8003636,0.1279148,-0.5687606,0.24747567,-0.5750709,0.19345812,-0.80918115,0.17751007,-0.5907956,0.15651111,-0.8455964
1.1532301,0.35760242,0.81907356,0.3692243,1.0215323,0.3070519,1.3591608,0.21363607,0.8474384,0.365848,1.2696631
-0.16142628,0.23647669,-0.03835905,0.4094311,0.10220602,0.17910731,-0.17141071,0.30505288,-0.63423216,0.1958726,-0.57869005
0.4973204,0.121286355,-0.073061265,0.24824175,0.08535335,0.20083576,-0.11200542,0.16056529,0.03923343,0.14714883,0.038147695
-0.8272534,0.22541088,-1.224945,0.42171597,-1.1692929,0.18166141,-1.2274815,0.34659758,-1.04381,0.29959714,-0.8607403
-0.21101396,0.14549328,0.2611685,0.2533136,1.5261168,0.24756005,1.5837541,0.24519521,1.4466519,0.16319346,1.7095608
1.0348557,0.20805575,1.147758,0.3739123,0.620583,0.16825922,1.0718393,0.26696533,0.9153227,0.17731237,0.6832194
-0.942664,0.11572431,-0.6438817,0.27393797,-1.0013064,0.21247554,-0.67838,0.16589543,-1.160152,0.16364229,-0.78506815
-1.4118787,0.2144461,-2.3180585,0.3456684,-1.0551071,0.22248708,-1.4452617,0.3327563,-1.5273386,0.2214034,-1.1804507
-0.8999627,0.16568035,-0.65200853,0.31590858,-0.91350853,0.2310943,-0.42078125,0.20927927,-1.1551083,0.20426728,-0.98983604
-1.6531138,0.12568696,-0.2848197,0.24134798,-0.52371776,0.24310972,-1.0301101,0.19701558,-1.060046,0.14501593,-1.0262221
-1.1205039,0.12916657,0.088095754,0.23054464,0.2098844,0.18045332,0.09766993,0.17887384,0.13752474,0.15647879,0.6315601
1.5912037,0.45578972,0.713235,0.5952037,1.8882629,0.33154643,1.2231436,0.41624996,1.4913969,0.32863772,1.3134038
-1.2726153,0.15695915,-1.0073858,0.29205847,-1.1262085,0.19184636,-1.1874675,0.19431417,-1.4828559,0.20445184,-1.3354633
1.1630343,0.126575,1.0625805,0.20779568,0.5304562,0.21042317,0.69016176,0.20701694,0.6424039,0.17125896,1.2826475
1.3101667,0.20221563,1.0828091,0.31338027,1.7248865,0.2030091,1.6961209,0.23431627,1.5646329,0.16282354,1.6035974
0.41742626,0.11025821,-0.2585533,0.22578736,-0.12665606,0.1994265,0.14629012,0.19010715,-0.09184703,0.14370902,-0.09769975
-1.9320257,0.18945341,0.07041775,0.4362975,-1.3828539,0.25935063,-1.6670824,0.25973535,-1.42398,0.21652065,-1.0542729
0.22083756,0.16134606,-0.010503778,0.23028909,-1.0279789,0.2628134,-0.9885674,0.24463896,-1.1611288,0.2122622,-0.52685225
0.4420865,0.22592847,0.21245123,0.39620548,-0.1420109,0.28207695,-0.57919145,0.35689184,-0.03842542,0.25405762,0.45476136
-1.7335511,0.22194886,-2.4742382,0.39620548,-1.7919441,0.28207695,-1.843162,0.40077296,-1.8205644,0.29121476,-1.4591749
-0.9780575,0.23538262,-1.1347541,0.45390606,-0.6506178,0.33154643,-1.2086962,0.36769044,-1.1309947,0.26267537,-1.3250139
-1.1775712,0.20704542,-2.1983724,0.34964156,-1.1274196,0.30462041,-1.4631078,0.23574468,-1.5582937,0.30088013,-1.3441797
-1.3439894,0.12787406,-1.0875807,0.19638619,-1.3005837,0.20302111,-1.3978783,0.18599665,-1.1942099,0.15239738,-0.8839943
-0.13573684,0.13040598,-0.5617288,0.21823958,-0.90490663,0.22278926,-0.745961,0.19329865,-0.4753786,0.1541954,-0.66183335
-0.5001497,0.12139976,-0.55723584,0.19638619,-1.327242,0.17493246,-0.716765,0.17141207,-0.7365391,0.14056142,-0.84287065
0.18188837,0.15899417,-0.12470536,0.30950347,-0.52972806,0.17878263,-0.6676706,0.17809452,-0.23658273,0.1584671,0.01058409
0.05309137,0.12352761,1.3681746,0.21966553,2.1557639,0.21005656,1.9579021,0.20077854,1.724078,0.14953817,2.115708
1.2905357,0.23365836,1.9344072,0.3930941,0.9958431,0.4546723,1.3684183,0.42736217,1.7124276,0.27334678,1.2137817
0.90650076,0.11507409,0.30860394,0.23450227,0.87551033,0.23261674,1.0046391,0.25980362,0.5749434,0.16431284,0.3740984
-0.3399189,0.11970631,-1.999155,0.21594997,-1.0200862,0.17144877,-0.9017081,0.1629255,-0.8743791,0.14482208,-1.077942
-0.10992075,0.12995757,-0.3185673,0.23941578,-0.7319215,0.25229454,-1.1539091,0.20421326,-1.1631929,0.16469944,-0.86410296
0.23481765,0.117766775,0.04654783,0.23301464,-0.11531968,0.17868695,-0.1633308,0.15899704,-0.19169205,0.14139992,0.010635718
-1.8222628,0.11547425,-0.49253523,0.24605513,-0.10120866,0.22172093,0.15986967,0.200768,0.045110777,0.15911874,-0.020552717
0.12961614,0.22475517,0.2330445,0.35239625,-0.060379967,0.26183927,-0.52004755,0.19251634,-0.13585934,0.25268897,0.21634038
-0.6706087,0.23538262,-1.1204425,0.45390606,-1.4122819,0.33154643,-0.9004682,0.41624996,-1.3759567,0.29175824,-1.1988962
0.4545649,0.16609375,-1.509997,0.28284657,-0.14701654,0.1864186,-0.38163045,0.18147802,0.120161645,0.17554979,-0.45632052
1.1565725,0.14588526,1.0427579,0.23150824,1.2518511,0.22476725,1.2907177,0.2582571,1.325734,0.16900642,0.97635704
1.042779,0.1299668,0.9791891,0.19816442,1.056755,0.20654812,1.0944464,0.19723761,1.1324302,0.13755572,0.49859726
-0.5185916,0.20904125,-0.16316178,0.36473665,-1.3117603,0.24226269,-1.4103863,0.23478073,-1.0169219,0.2737402,-0.864246
-0.50389475,0.117429115,-0.04166092,0.24153912,0.90877855,0.20316128,0.26975882,0.18504071,0.37388545,0.15124631,-0.09394271
0.7419956,0.23278354,1.4026107,0.32360187,-0.44776124,0.3913516,-1.0115165,0.31663886,1.0163305,0.35576725,-0.2191704
0.13243869,0.1636634,1.15335,0.2701239,1.9529613,0.1837485,1.7468065,0.163786,1.6958736,0.16621852,2.1560981
-0.07933196,0.13204943,-0.120379224,0.24781153,-0.22340511,0.28571048,-0.27251902,0.22328587,-0.27458376,0.15284206,-0.31853005
0.9111269,0.21064326,1.0375652,0.27712518,0.30848688,0.4170097,0.3494695,0.28582105,0.61926514,0.28531516,0.8291162
-1.7758988,0.11974331,-2.1930096,0.2382643,-1.484835,0.17395556,-1.4637781,0.18045378,-1.2831457,0.15062046,-1.4888229
0.069540665,0.18280269,0.87871236,0.30034962,-0.37756124,0.19599319,-0.49169743,0.16923037,-0.21800408,0.19520994,-0.604817
1.0047673,0.4573736,1.001911,0.28873286,1.3818272,0.4462169,0.8398941,0.46863475,0.86547357,0.48311755,1.2378654
0.84255755,0.13249812,0.47906923,0.20956327,1.0005418,0.2099702,1.0767789,0.20072451,0.9519898,0.16597234,0.4253095
0.39077175,0.23376355,0.12336912,0.38143334,-0.036602434,0.2604384,-0.05572259,0.37869307,-0.36715385,0.2840455,-0.35243487
-0.8725919,0.13107887,0.5685265,0.3081053,0.34757522,0.29143947,-0.709745,0.23108481,0.36783278,0.24871819,0.92875576
0.74010855,0.40674442,0.26463172,0.61303073,0.90129423,0.18761756,1.0266705,0.38636038,1.2102013,0.4255134,0.8698972
-1.0230826,0.12543069,-0.9885814,0.2049565,0.271201,0.20090371,0.062318526,0.19741161,-0.01017594,0.16904803,-0.42873278
1.5578061,0.21355502,1.3163302,0.3456684,1.6287061,0.20545983,1.9563043,0.2718975,1.8504992,0.1975755,2.148453
1.5319654,0.20221563,1.1675268,0.31338027,1.8490787,0.2030091,1.4644746,0.23431627,1.6654861,0.1623705,2.049319
1.0764784,0.22661167,0.9204318,0.30981806,1.2704254,0.4514193,1.1466454,0.381994,0.9522719,0.33228204,1.2767754
0.99216855,0.1636634,0.6052747,0.2701239,0.94014055,0.18332644,1.2470871,0.15902583,0.90370864,0.15409993,0.99483126
-1.9828824,0.12029409,0.35812888,0.27938786,-1.0783138,0.26598743,-1.4629872,0.21445513,-1.0801706,0.19098683,-1.0871454
1.0047673,0.4573736,1.2492721,0.274313,1.0040435,0.4471436,0.9086541,0.4601504,-0.041641667,0.49949622,1.2154403
-0.68117046,0.12347358,-0.3452106,0.21523696,-0.33077556,0.20460859,-0.24621536,0.19859307,-0.22976653,0.15408882,-0.2660633
0.9654828,0.15417852,0.6304328,0.24576741,0.62893945,0.1969793,0.8577423,0.20937869,0.8634015,0.16117685,0.35753244
1.023825,0.31618214,0.62958956,0.5567685,-0.02845024,0.41016325,0.44936115,0.31995824,0.8339458,0.7084527,0.32329455
-1.6910492,0.13529623,-2.9424434,0.22587076,-1.942872,0.21150467,-1.4702286,0.19664055,-1.7568197,0.17963654,-1.6035289
-0.13606204,0.13186054,1.4931897,0.2336128,2.2914875,0.23350912,2.231044,0.20693156,1.8577129,0.15993327,2.1715395
-0.68115056,0.22825995,0.08979514,0.26254615,-0.45291817,0.3551729,-0.47542205,0.2980542,-0.53810626,0.30727115,-0.87240833
-0.29465708,0.11813307,-0.5271155,0.26359117,-0.62478095,0.21389379,-0.3165039,0.18415995,-0.97136307,0.15425134,-0.9156653
-0.036398344,0.12540433,-0.24886636,0.20779568,-0.57604307,0.21042317,-1.0082769,0.20701694,-1.2286896,0.17125896,-0.75440794
-0.98757136,0.121375754,-0.9704108,0.23941578,-0.91567314,0.20779988,-0.9642609,0.16431469,-1.1305164,0.14810605,-0.99612737
-1.0472435,0.13216963,-2.3071027,0.2246238,-1.2005342,0.22749935,-1.0901148,0.23204021,-1.7450758,0.1869292,-1.4157177
-1.1254784,0.111696735,-0.3692378,0.24424958,-1.1979872,0.20049322,-1.1075315,0.17035368,-1.2770532,0.13615419,-1.3674691
1.2056042,0.2869029,1.0264002,0.6356432,-0.5579963,0.7992386,-0.99498063,0.44554406,0.89805865,0.5845109,-0.43381792
1.6841178,0.14003593,1.1199585,0.1922474,1.8220725,0.22861144,1.6405822,0.22809975,2.0243778,0.16414855,2.2228947
-1.5490309,0.10991687,-1.2123381,0.24604777,-1.5426526,0.18400764,-2.064896,0.15564291,-1.7915053,0.13777016,-1.3488381
0.2589687,0.13900952,0.10853309,0.4394797,-0.29428765,0.37934002,-0.1275767,0.2923194,-0.1942737,0.2363586,-0.3811862
-0.46056107,0.14068636,-0.2569292,0.29725292,-1.6094434,0.21301508,-1.2163942,0.23539793,-0.9549573,0.17794462,-0.73178434
-1.9241124,0.22541088,-0.5056264,0.42171597,-1.8903503,0.18166141,-2.2812326,0.34659758,-1.1540601,0.29959714,-1.2843466
0.26923162,0.15636729,-0.041774943,0.2701239,-0.100426145,0.17719337,-0.52507436,0.16209094,-0.5579911,0.16295205,-0.37773836
1.0535831,0.14639306,0.6079845,0.24424958,1.5576732,0.2325471,1.231003,0.24778122,1.0653131,0.1553125,0.85924804
-0.28348076,0.11088766,0.1187246,0.24604777,-0.527292,0.18400764,-0.2293736,0.15564291,-0.34468153,0.13917546,-0.30901513
1.1674048,0.12705685,1.0507803,0.21594997,0.42882046,0.21065964,0.6553599,0.19865248,0.581297,0.16249524,1.2883743
0.50790364,0.12573555,1.0561391,0.24429454,0.53344744,0.21567817,0.6332482,0.20627917,0.5448563,0.15997303,0.9939109
1.0999163,0.13434555,0.77414405,0.21802896,1.5768768,0.23886482,1.374573,0.22656763,1.2605261,0.16405627,1.152934
-0.90622896,0.18421584,-0.82979476,0.3425064,-0.9513952,0.23566958,-0.8598666,0.27341503,-1.1456362,0.16858284,-1.2923827
0.55852604,0.13088493,0.38607726,0.20298342,0.31100434,0.23338841,0.46075168,0.20722944,-0.120523445,0.16259018,-0.4099791
0.49613336,0.21108861,1.2752296,0.32008725,-0.26745513,0.31515852,-0.7816385,0.2246408,0.26405084,0.20740238,0.30051875
1.0946989,0.19324394,0.8685423,0.3425064,0.26220667,0.21671158,0.6977274,0.26255658,0.5370798,0.16742097,0.6986085
1.5639592,0.17749658,1.4905796,0.3103449,1.7642803,0.32928088,1.496991,0.3551629,1.6102602,0.21649827,1.8046873
-1.1784598,0.119328864,-0.6199379,0.20779568,-1.2098895,0.16599363,-1.6848959,0.16288146,-1.3813702,0.1540963,-1.2712576
1.0398895,0.13510764,0.6915372,0.2604739,0.29654297,0.22260348,0.586027,0.20206104,0.5357609,0.16615482,0.66439164
-0.10643317,0.12193327,-0.43740776,0.21159795,-1.2881225,0.17184019,-0.9667525,0.16454728,-0.9536278,0.16117898,-0.7214224
1.2643672,0.26748794,1.2806965,0.47723573,1.2311714,0.42798945,0.92097586,0.4747654,1.7379261,0.22980022,1.0402664
1.0945919,0.29144546,0.728512,0.57573354,0.6521459,0.30231553,1.0095239,0.44084185,0.84300786,0.3607654,0.8833664
-1.1175567,0.13463102,-2.5712218,0.21560416,-1.3518077,0.23575799,-1.0062082,0.18770346,-1.4984924,0.17844285,-1.3485872
-0.43044567,0.1318317,-0.72459954,0.20315695,-0.8604753,0.21652795,-0.84778774,0.19190373,-0.6490845,0.1551354,-0.5885905
0.8910806,0.15843776,0.8184493,0.2930076,-0.08351685,0.20919403,-0.05580043,0.1868145,0.5329297,0.15646984,0.89297193
0.44975474,0.12980054,1.0187607,0.2626911,0.19842002,0.22021946,0.04608816,0.21206912,0.16077818,0.17149042,0.31163725
1.298307,0.13110815,1.0463107,0.23941578,0.8399542,0.25719294,0.7225625,0.22056375,0.73200095,0.16649021,1.6152909
0.0039394503,0.12881824,-1.0691466,0.19816442,-0.06480556,0.2089153,0.42104563,0.19138496,-0.22605325,0.15208738,-0.32731453
-0.56079525,0.13053451,-0.62077117,0.22127773,-0.21533945,0.21071109,0.2409577,0.21444687,-0.19140439,0.16056299,-0.614446
-1.0442703,0.13911681,0.6477199,0.22422254,0.18212438,0.2519019,0.17131674,0.22775663,0.45910788,0.18140419,0.24178931
-0.43472466,0.27671134,-0.118997246,0.4352209,-0.09906432,0.30231553,-0.29883337,0.39226258,0.16744643,0.31429765,-0.11070547
0.006946584,0.115476124,-0.5061105,0.24605513,-0.6075022,0.19757117,-0.8734118,0.17224796,-1.1139189,0.14066297,-0.631417
0.010301261,0.14155105,-0.61021227,0.2710602,-0.7006019,0.22410835,-0.6891784,0.17818327,-0.9162352,0.16738266,-1.1764703
0.6872375,0.11887247,-0.17134172,0.22578736,0.3574849,0.20196924,0.6282176,0.22240879,0.46714798,0.14743213,-0.07510053
-0.38608098,0.89341265,1.144099,0.7234809,-0.9890186,0.62620515,-0.9412109,0.5318991,-0.78132284,0.8277906,-0.5815785
0.056761853,0.13632937,-0.67721766,0.22394055,-0.6703488,0.24276762,-0.53366023,0.20109469,-0.7475384,0.17797703,-0.8567455
-0.08398202,0.12555228,0.013131719,0.23933095,-0.8240389,0.21730424,-0.45444027,0.17789783,-0.8441592,0.13394496,-1.0319625
-0.13235718,0.11232881,-1.5371848,0.23933095,-0.12146532,0.20592012,0.15725394,0.18679623,-0.2713856,0.14461374,-0.4233331
-1.5715209,0.11210506,-1.1103448,0.24429454,-1.2923954,0.18672736,-2.0752597,0.15759236,-1.8086406,0.14057694,-1.404758
-0.32206556,0.1865891,0.38726398,0.2856389,-0.006868723,0.38997823,-0.4917715,0.33874837,-0.28810057,0.33281195,-0.32760578
0.7834459,0.4573736,0.4268045,0.32261878,0.6971099,0.4826855,1.3625245,0.49073493,0.95029175,0.49933192,0.036268443
0.4378067,0.21607113,1.1603867,0.34742737,-0.18271588,0.31818566,-0.53715515,0.2552077,0.36694524,0.21340534,0.29224452
1.5578954,0.11089416,0.949907,0.2336128,2.0040734,0.22790752,1.8088206,0.23154943,1.9364375,0.16004433,2.3661752
1.3047943,0.14236847,0.54375917,0.24130794,1.5734708,0.22878669,1.2842526,0.23062365,1.4962738,0.15620565,1.3950348
-1.1140891,0.19581969,-1.4303285,0.4200652,-1.5864754,0.3720803,-1.7209384,0.34909815,-1.2734762,0.32414022,-0.8194555
-0.29336482,0.11667512,-0.68655753,0.24424958,-0.5270296,0.21306682,-0.95634353,0.1923768,-1.1442853,0.14543402,-0.64170814
0.74384,0.5001003,-0.1432215,0.37083346,1.2764448,0.42360643,0.65330213,0.41238505,0.856927,0.39835414,0.83261555
1.0047673,0.4573736,1.5854985,0.32261878,0.976895,0.4826855,0.95557684,0.49073493,0.44041544,0.49933192,0.6809428
0.8535698,0.24004562,0.6962385,0.25412327,0.54605,0.4574296,0.50940716,0.35939363,0.55426794,0.32845494,0.44834095
-0.063991345,0.11165,-1.4018104,0.21966553,0.00023364481,0.20228103,0.32659468,0.19217421,-0.32591912,0.14212063,-0.42229834
-0.022354687,0.12714292,0.008951124,0.21523696,0.1073531,0.22700182,0.111153185,0.20553055,-0.1504621,0.14526273,-0.37365726
-0.30628964,0.11735092,-1.3217994,0.2382643,-0.7355284,0.17348301,-0.58284336,0.18045378,-0.6661002,0.13980289,-0.61886847
0.8180569,0.129127,1.0131869,0.22137748,1.0571494,0.20169277,1.1034776,0.23758778,0.7105863,0.19186433,0.13608184
-0.17604995,0.1533516,-0.50758415,0.28685582,-0.24992135,0.19920202,-0.4670836,0.19177373,-0.73836315,0.17030074,-0.4932938
0.5585597,0.14467297,0.28635198,0.21159795,0.27887416,0.23745173,-0.012696935,0.23808625,-0.19151357,0.19727908,-0.27839547
0.3327846,0.12543069,0.79779285,0.2049565,-0.07683713,0.1911238,-0.08320752,0.16874214,-0.20916048,0.15888326,-0.48089176
1.2768495,0.26714954,1.4649525,0.4889812,1.3482293,0.4742829,1.1612415,0.4455512,1.734399,0.32140952,1.2033468
1.5281816,0.26642427,1.3849273,0.38434094,1.2872018,0.3070519,1.3591608,0.21363607,0.9661943,0.34536278,1.2696631
1.3979787,0.2690323,1.4651312,0.34964156,1.6057705,0.36093396,1.6585842,0.27609518,1.2714678,0.33518457,1.3327895
1.4783885,0.14764906,1.1626434,0.24130794,1.6684811,0.22878669,1.7999127,0.23062365,1.8506597,0.15826295,2.2975252
1.440203,0.20805575,1.3961127,0.3739123,1.8005645,0.16825922,1.3675971,0.27709433,1.713399,0.1942361,1.8773558
-0.028549533,0.2181367,0.18731634,0.3173849,-0.813548,0.2998626,-1.0443333,0.23076813,-0.5280986,0.207407,-0.35746527
1.640122,0.14365922,1.418336,0.22433582,1.8825015,0.21904555,1.6510662,0.24467006,1.811802,0.15829188,2.1383982
-1.3728014,0.13947527,-0.3734438,0.2338228,-0.63160354,0.23705125,-0.49165082,0.24864477,-0.2577009,0.17764969,-0.20599878
1.4363588,0.14003593,0.92518646,0.1922474,1.665355,0.21110147,1.6970391,0.22809975,1.8503734,0.16193755,1.8124965
-1.1140891,0.19581969,-1.4303285,0.4200652,-1.5864754,0.3720803,-1.7209384,0.34909815,-1.2734762,0.32414022,-1.0923953
0.66856587,0.1418707,-0.12159918,0.2049565,0.15596919,0.20851842,0.1443931,0.22718398,0.13106032,0.16990362,-0.10777891
1.5332738,0.14022812,1.5191834,0.2049565,1.8355982,0.21868967,2.0353553,0.22718398,1.9442618,0.17360005,2.2789536
0.71204257,0.23855478,1.283926,0.34742737,-0.65923655,0.31818566,-1.306704,0.2830423,0.59149814,0.26060992,-0.393216
1.0141752,0.16609375,0.88705814,0.28284657,0.8587157,0.18574029,1.1368144,0.17146616,0.8737098,0.16310096,0.4899821
-0.86683404,0.2144461,-0.90769386,0.3456684,-0.490329,0.22248708,-0.2568402,0.3327563,-1.0281069,0.2214034,-1.1658126
1.0480193,0.18749085,0.87259185,0.2860417,0.7760457,0.1895976,0.94603205,0.22681955,0.72384524,0.18152973,0.40318063
0.34080306,0.4573736,0.6764035,0.3936894,0.74828076,0.38146612,0.8407761,0.49914193,0.8422099,0.38669398,0.7783017
-1.1046869,0.13346021,-2.4668965,0.2710602,-1.240164,0.26348722,-1.147575,0.24284016,-1.7681743,0.19827159,-1.4622355
0.84117883,0.24004562,1.0068948,0.25412327,0.28171048,0.36614347,0.33262083,0.26034635,0.66078407,0.26678127,0.5928903
-0.79815954,0.18945341,-1.7174629,0.4362975,-0.5981959,0.25935063,-0.59020287,0.2849022,-0.51751137,0.25404295,-0.46356142
-0.6478624,0.119328864,-0.71532273,0.20779568,-0.61012006,0.16599363,-0.261874,0.16288146,-0.25625506,0.1540963,-1.0705885
0.77877736,0.20378293,1.1577885,0.25432298,0.50442165,0.37267232,-0.20571859,0.30859342,1.1626583,0.32940447,0.6815562
-2.0129888,0.20788588,-1.7326428,0.3425064,-1.9281211,0.2385787,-2.1704166,0.3076686,-1.3933935,0.18320484,-1.4715164
-0.87099355,0.1259367,-0.7499339,0.24130794,-0.4109403,0.21765976,-0.34916726,0.19054088,-1.0114559,0.14163908,-1.1252286
-1.0268048,0.1575063,-1.8952895,0.25413197,-0.74635357,0.3201626,0.03168847,0.3592252,-0.48802292,0.20691632,-0.33031133
0.3015936,0.19272086,0.18410163,0.31338027,0.043085087,0.2030091,0.25844243,0.23431627,-0.24487185,0.16043569,0.013238784
1.3680761,0.15862145,0.9547001,0.2577881,1.7841597,0.23436625,1.7660176,0.23907429,1.7590835,0.17023398,2.0273426
-0.7986513,0.11388191,-2.6759331,0.2435471,-0.770818,0.19445172,-0.61335826,0.15910573,-0.73780555,0.14070277,-1.0896107
1.1244359,0.24535504,0.97578806,0.28274652,1.2625139,0.39894333,1.0805662,0.5026605,0.9726765,0.36047167,1.2605308
-1.3686839,0.1345357,-2.4033482,0.26761767,-1.2506574,0.21047719,-1.187398,0.16325101,-1.4520693,0.16477025,-1.2924504
-1.2568895,0.12035203,-0.7135702,0.19638619,-1.2790236,0.18246593,-1.892658,0.17649963,-1.4414691,0.14231274,-1.4043667
-0.66365516,0.1378602,-0.21342027,0.20681481,-0.03459994,0.23344883,-0.17668019,0.22313868,-0.0014053226,0.17518345,-0.2301241
1.5556694,0.20964195,1.5172322,0.3062898,2.0390542,0.237513,1.6300035,0.21409376,1.9187546,0.21093686,2.2275229
0.2359085,0.1372427,0.7677006,0.2988032,-0.014989525,0.3099429,-0.07049539,0.2287576,-0.088904634,0.18798567,-0.23952349
0.053056307,0.18708579,0.26597348,0.33064833,-0.5281487,0.2230826,-0.619887,0.20306769,-0.47660157,0.22935998,-0.56302255
0.5423524,0.21876055,-0.56152034,0.39288157,-0.17941758,0.25941044,-0.34624743,0.29139608,-0.5178829,0.27153474,-0.26159507
0.8204733,0.22483252,0.38772258,0.30981806,0.23842196,0.33083525,0.2171837,0.25104403,0.12772235,0.252095,0.3751343
0.9777064,0.24535504,1.1508698,0.28274652,-0.64328957,0.3254865,-0.9522872,0.24613167,0.032678116,0.21609725,-0.12400189
-1.2870005,0.13025552,-0.46714112,0.23941578,-0.852299,0.24356069,-0.8358815,0.2063218,-1.3559924,0.15991217,-1.2362906
0.97212887,0.5116558,1.0857381,0.33110604,1.5011969,0.4690234,1.3782673,0.3668957,1.6198313,0.38243693,1.261871
0.45396394,0.12839204,-1.1542958,0.2392498,0.13638581,0.19710325,-0.31371623,0.18319814,0.09689816,0.14855433,-0.3976903
-1.8996137,0.14851004,0.1503438,0.27388433,-1.2581164,0.304112,-1.4873387,0.26897642,-1.0083745,0.18039009,-1.2286656
0.78427964,0.3388224,1.2545455,0.37369168,0.83627087,0.41016325,0.8111988,0.31995824,0.966147,0.34772584,0.88507503
-0.62501544,0.1744896,1.261507,0.21057026,1.0818734,0.30063048,0.98060435,0.28167605,0.47205842,0.21295325,0.52615154
-1.229576,0.22541088,-1.1509329,0.42171597,-1.1692929,0.18166141,-0.8403013,0.34659758,-1.4470801,0.29959714,-0.9399415
-1.4459463,0.17232381,-2.1593928,0.33050954,-1.4279294,0.26527497,-1.6318398,0.21615693,-1.5336461,0.28254938,-1.1517472
1.2008908,0.25280815,0.91947377,0.5485966,-0.5367942,0.83180815,-0.8095032,0.7067159,0.24165416,0.65937734,-0.53012544
-1.1499088,0.1750955,-1.0994917,0.34964156,-1.1538961,0.30168754,-1.08949,0.20938122,-1.066578,0.21746771,-1.1477461
1.0485785,0.14526321,0.55736995,0.23223656,0.9866591,0.22854838,1.0106131,0.2438381,0.7542759,0.17161731,0.62663096
-0.38608098,0.89341265,1.144099,0.7234809,-0.9890186,0.62620515,-0.9412109,0.5318991,-0.78132284,0.8277906,-0.5815785
0.43709937,0.12679115,0.95386124,0.24605513,0.41456863,0.21115348,0.6070871,0.19092403,0.58603495,0.15666741,0.9277338
0.41031367,0.28927043,0.689354,0.23028909,0.3929331,0.3102525,0.9463096,0.3598965,0.653357,0.25307325,0.02904133
0.03890371,0.15103164,0.09297203,0.2563551,1.6532334,0.2539961,1.7934638,0.24852337,1.5817547,0.1588845,1.6471475
0.2952099,0.11165,0.103040546,0.21966553,-0.2064656,0.20228103,-0.8976868,0.19217421,-0.62303424,0.14212063,-0.4459092
-0.29648703,0.13638277,-0.58359975,0.2721848,-0.5603406,0.22594655,-0.14440407,0.16883865,-0.43459502,0.1425324,-0.70145786
0.72323376,0.16609375,0.2485431,0.28284657,0.79389745,0.1864186,0.71772724,0.18147802,0.8002988,0.17554979,0.54491174
-0.7636401,0.13078217,-0.8939125,0.22422254,-1.0751929,0.17709456,-0.6893341,0.16876379,-0.6025205,0.15234855,-0.7277298
-1.0238975,0.12670329,-0.24470523,0.2528543,-0.9707299,0.1646198,-0.8422296,0.15882581,-1.1629846,0.14722963,-1.0914557
0.7213817,0.23617366,1.4227316,0.32008725,-0.4924891,0.3882892,-1.1529475,0.33181816,0.9928747,0.37036237,-0.25941935
-1.7243207,0.115303665,-0.33903605,0.24604777,-0.5084872,0.22610562,-1.1353494,0.20230468,-0.7219926,0.15917026,-1.0707499
-0.71341103,0.10774284,-1.9564545,0.24067757,-1.1062706,0.17889829,-0.69953626,0.1504622,-1.1788387,0.12608539,-1.1893615
0.52866435,0.12574346,0.16950426,0.21172263,0.16441318,0.20132686,-0.18159547,0.19072802,-0.21941653,0.15524174,-0.2845167
0.006347129,0.11047072,-1.0842532,0.22578736,0.21185942,0.19995102,0.023147568,0.19010715,-0.46873018,0.14484203,-0.37990436
0.79478645,0.22807327,0.3849423,0.3081053,0.31842002,0.36133158,0.41665626,0.28523645,0.19124871,0.28571403,0.44142762
1.1963701,0.1595481,1.0804414,0.21260111,0.95122075,0.23140487,1.1533713,0.27038684,0.99064094,0.203854,0.7155476
1.2452905,0.29187784,1.5188533,0.57297325,1.0254997,0.4508037,1.3479704,0.48397914,1.7161143,0.27470073,1.1833445
-0.638317,0.20537965,-0.5208396,0.3456684,0.07211046,0.21352148,0.57123464,0.29643995,-0.7386377,0.20012708,-0.43316352
-1.0034658,0.17809099,-1.7334062,0.4362975,-1.3828539,0.25935063,-0.9771196,0.2849022,-0.9552807,0.25848797,-0.9798228
1.023825,0.31618214,0.36293164,0.64384705,0.4152514,0.37623262,0.14064178,0.298771,0.8339458,0.7084527,0.27636617
0.6283511,0.12913916,0.25782564,0.23612024,0.5622957,0.28986472,0.056574035,0.22441158,-0.21030404,0.16308226,-0.02252797
-0.30700916,0.11555833,0.30700868,0.24429454,-0.76925397,0.19002901,-0.3134725,0.15759236,-0.39582595,0.14659433,-0.32959804
-1.5234497,0.14052376,-2.6802216,0.21574846,-1.6685847,0.23312914,-1.134901,0.20153111,-1.2723743,0.17841093,-1.4919825
-0.75832397,0.109347105,-0.5712732,0.24604777,-0.34774777,0.22452374,-0.15916204,0.20230468,-0.38567275,0.15667732,-0.43366572
1.2260886,0.4573736,0.28593433,0.3101205,1.0040435,0.4471436,1.2786483,0.4601504,1.1095576,0.49949622,0.62862086
1.4140314,0.18749085,1.0960175,0.2860417,1.6600181,0.1895976,1.5109432,0.22681955,1.6343899,0.18152973,1.8887436
-0.25690937,0.1241316,-0.776525,0.273783,-0.9735753,0.192341,-0.70251316,0.20237081,-0.97109604,0.16624308,-1.1615312
0.40373522,0.27180186,0.8551208,0.22159612,0.35655874,0.28683466,0.98144907,0.32012966,0.7434476,0.24308418,0.0815449
-0.04498877,0.1633872,-0.7597209,0.30092695,-0.8311963,0.18351471,-0.72901464,0.22274236,-0.75651544,0.18555255,-0.86826104
1.0609667,0.12301777,0.7091678,0.22198433,0.41019532,0.21064295,0.5990891,0.20055795,0.6146887,0.15189014,1.3781168
-0.0022881825,0.13444969,-0.49961406,0.23522983,-0.100991204,0.21704178,-0.626173,0.21765317,-0.5182657,0.15273508,-0.7617816
0.060057394,0.10385695,-0.060722835,0.22801979,-0.42827767,0.16547851,-0.073225945,0.17023218,-0.23613149,0.12911013,-0.18886723
-0.14146797,0.13304165,0.25638294,0.20795862,0.016454887,0.2743045,0.42168617,0.21035035,-0.05559613,0.15142067,-0.032469325
-0.43455487,0.16874383,-1.7702112,0.3764399,-0.9818687,0.39255112,-1.0153526,0.2956206,-0.39161482,0.35240895,-0.30313063
-1.7274411,0.13135722,-0.4648285,0.20956327,0.2589243,0.2099702,0.075298205,0.21854368,0.33262095,0.18171419,0.22498474
0.13289422,0.13597499,-0.69786656,0.22943297,-0.6645722,0.23116688,-0.65865415,0.19924591,-0.80882937,0.18539172,-0.8945926
0.26903555,0.12333244,-0.7708004,0.22715022,0.16074248,0.21585727,-0.13794558,0.18998824,-0.04256996,0.15705574,-0.2798732
-0.86268985,0.16451418,1.2413597,0.22028312,1.2455986,0.24102998,0.6848567,0.25986603,0.62303925,0.17864968,0.7911318
-1.5906439,0.13627991,-0.58385926,0.2143566,0.4963054,0.23350912,0.33571,0.22411491,0.23015663,0.17101714,0.3069257
0.6330177,0.19945079,1.0323069,0.25432298,0.22358884,0.35574108,-0.3014071,0.2869701,0.50402445,0.31852478,-0.29529405
-0.068268865,0.12357756,-1.0592866,0.21890731,-0.611225,0.17709456,-0.3927034,0.16092843,-0.44142538,0.14424106,-0.106927834
0.1819329,0.12540433,0.25210604,0.20779568,-0.2620456,0.21042317,0.0002895176,0.20701694,-0.37888905,0.17125896,-0.78994757
-0.25231385,0.11590971,0.12009196,0.273783,-0.8982173,0.16488013,-0.58365154,0.16151707,-0.22223589,0.14946574,-0.54952633
-0.09245268,0.15715359,-0.83315843,0.29205847,-0.26768315,0.19184636,0.034730762,0.19016927,0.24494188,0.18879277,-0.2720203
-0.17211865,0.12585403,-0.07485387,0.21594997,-0.32338485,0.21065964,-1.0042104,0.19865248,-0.7036214,0.16249524,-0.6044863
-1.0316681,0.15114518,0.19063184,0.27811614,-0.67265546,0.18585692,-0.28120756,0.16180159,-0.95323616,0.16152696,-1.0149634
-0.028496105,0.12557675,-0.49264953,0.2402494,-0.21710864,0.25785795,0.26410642,0.19712275,-0.2515702,0.13970867,-0.051175073
-1.6083719,0.11196073,-1.2496866,0.22801979,-0.677003,0.21475992,-1.4905087,0.20696238,-0.99696225,0.15151185,-0.69365853
1.2028565,0.14327,0.68108755,0.23933095,1.4624552,0.2187689,1.3101608,0.23553073,1.4997315,0.15479517,1.4877561
0.4075934,0.12073133,0.006396186,0.2572496,0.0251036,0.19045673,-0.10771365,0.1628426,0.056496635,0.14923155,-0.014181604
-1.1613586,0.16710156,-1.3068805,0.31601527,-0.8918984,0.19964284,-0.88151294,0.2311553,-1.4739107,0.19941022,-0.971152
-1.68449,0.13761637,-2.588038,0.24469157,-2.3044636,0.24523363,-2.0079486,0.23550989,-1.7988783,0.17423213,-1.6516906
0.48615095,0.12710533,0.18911444,0.19816442,0.1281012,0.20654812,0.58141655,0.18446925,0.22632773,0.13755572,-0.143835
-0.42108217,0.20221563,0.0926912,0.31338027,0.9929424,0.2030091,0.5288337,0.23431627,0.19534808,0.1623705,0.28616077
0.33068708,0.2144461,0.5055689,0.3456684,0.29515702,0.22248708,0.46582973,0.3327563,0.17811638,0.2214034,0.7357028
-1.0122106,0.14779487,0.12231682,0.2647393,-0.74363536,0.18517852,-0.41236097,0.17471118,-0.5191399,0.15005022,-0.55729055
-0.37220436,0.21823767,0.67909616,0.23805772,-0.33978415,0.34207505,-0.37446845,0.28564546,-0.52029276,0.22926311,-0.3641961
0.4538318,0.4803429,0.5474564,0.5181415,0.8346103,0.29585695,0.69832516,0.36699727,0.68856955,0.38193086,-0.07085652
0.65433246,0.35760242,0.81616616,0.3692243,1.0215323,0.3070519,0.86407435,0.21363607,0.8474384,0.365848,1.2696631
1.5260092,0.20221563,1.533283,0.31338027,1.816123,0.2030091,1.1074413,0.23431627,1.8308755,0.16282354,2.1233497
1.2643672,0.26748794,1.883894,0.35292655,0.8083331,0.42798945,1.359236,0.4747654,1.7379261,0.22980022,1.1370575
1.1426692,0.20537965,0.90372896,0.3456684,0.30927888,0.22248708,0.922753,0.3327563,0.63301265,0.21414596,0.75603914
1.161587,0.12938263,0.6324421,0.21966553,1.5210111,0.21904555,1.2943939,0.22564568,1.6203418,0.15003291,1.402794
-0.38714415,0.1206983,-1.6162995,0.23941578,-0.6145573,0.20779988,-0.7455136,0.16431469,-0.40480778,0.14810605,-0.5466746
0.4673491,0.1206983,0.06644786,0.23941578,-0.14947881,0.19690268,-0.200255,0.16302972,-0.08100768,0.14432985,-0.10609041
0.9671982,0.51117224,0.44160616,0.38323367,0.24071677,0.4514193,0.64275926,0.381994,1.1179795,0.3573372,0.79716533
1.6925336,0.17545755,1.2273399,0.2789576,2.1580384,0.20748004,1.6368257,0.21286894,1.8861954,0.17337133,1.9852626
-0.039241143,0.112505354,-0.4154072,0.2435471,-0.5023683,0.19869551,-0.7973014,0.16868953,-1.0297902,0.1374032,-0.4586487
1.164476,0.2579842,1.0407226,0.6418249,-1.0047659,0.49119613,-0.9454031,0.78429294,0.62796336,0.550343,-0.6469087
-1.0874983,0.13293882,-1.7893891,0.26077685,-1.3178061,0.20372805,-1.1973315,0.15940264,-1.3054454,0.13904503,-0.9675381
-1.0930616,0.15829939,-0.0712882,0.3066951,-0.89882207,0.38105676,-0.45128945,0.30773765,-0.71145743,0.2432397,0.1088359
0.6196197,0.13015173,-0.10636664,0.2336128,-0.35666177,0.23206347,-0.61814475,0.20693156,-0.46230417,0.1581142,-0.40077755
1.1765327,0.31618214,1.1697853,0.5567685,-0.6708145,0.41016325,-0.081334054,0.31995824,0.8339458,0.7084527,0.79144496
-1.2074387,0.13649873,-2.1833858,0.23305322,-1.7145125,0.18534268,-1.3793784,0.17696173,-1.7066814,0.15672293,-1.2133682
0.74657464,0.23022419,1.3420157,0.34842056,-0.4564282,0.38161707,-0.81922597,0.33866644,0.9910066,0.34894782,-0.24031949
0.24016617,0.1339585,-0.14117564,0.22863907,-0.60994357,0.17570634,-0.38123408,0.17453907,-0.67640346,0.14924632,-0.3683149
-1.0169876,0.12819313,-0.526366,0.21053849,-1.0509048,0.1975317,-1.2564915,0.19672899,-1.1251819,0.16410954,-1.2511387
-0.06363492,0.1206983,-0.16454776,0.23941578,-1.1145082,0.19690268,-0.9649022,0.16302972,-0.81865203,0.14432985,-0.43121496
0.08460019,0.12111898,-0.11253021,0.23941578,-0.76874644,0.1995163,-0.78595877,0.16302972,-0.23820183,0.14575754,-0.30020365
-0.82700175,0.17001033,0.32562575,0.28687263,-0.8362267,0.21829599,-0.060104385,0.1815406,-0.39670604,0.19153073,-0.6600737
1.165388,0.15039985,1.0650752,0.22680736,1.2405366,0.22978021,1.3213197,0.26271972,1.3385082,0.16730182,0.93556917
-0.73297757,0.19460788,0.42099282,0.25632203,-0.2737794,0.34252888,-0.4745515,0.2903642,-0.37816578,0.30966464,-0.64778334
1.4578844,0.14478587,0.93690264,0.2336128,1.6038921,0.24756005,1.6172456,0.23154943,1.6271333,0.16270767,1.6460947
-0.88900054,0.12555228,-0.92945874,0.23933095,-0.6015101,0.21730424,-0.31050763,0.17789783,-0.7957911,0.13394496,-1.0992148
0.84655124,0.13735963,0.44374722,0.20172459,1.0860051,0.21953665,1.0843948,0.19542336,0.7903625,0.14362992,0.4640928
-1.1784652,0.13665539,0.62047577,0.22972222,1.3169687,0.23886482,1.0859106,0.20847191,0.90919775,0.15613443,1.1112473
0.42662922,0.2559116,0.808414,0.36453584,-0.3807017,0.9954045,0.38962367,1.0535274,-0.7770998,0.8769055,-0.42882386
0.41180202,0.12881824,0.01478538,0.19816442,-0.016539078,0.2089153,-0.8767472,0.19138496,-0.7310636,0.15208738,-0.55724496
0.5079218,0.23403181,0.57907724,0.57059056,-0.6876337,0.8694969,-0.3891683,1.0545719,-0.7767029,0.90687335,-0.43436247
1.1751469,0.35524127,1.1697853,0.5567685,-0.42375135,0.41016325,-0.2501916,0.31995824,0.8765082,0.6738757,0.5105547
1.1677166,0.12209979,1.1292845,0.21109025,1.2129953,0.20949604,0.88346726,0.22154431,1.135093,0.15332817,0.8354659
-2.165721,0.1425613,0.23412907,0.27388433,-1.5123639,0.3006267,-2.050928,0.19835888,-1.4332945,0.15111555,-1.4459814
0.00023375671,0.1486568,-0.6015512,0.2701239,0.14358814,0.18107074,0.26905444,0.16208315,0.11746855,0.1618011,-0.03527283
1.3429693,0.26145712,1.0503718,0.4748072,1.4140377,0.18761756,1.2888283,0.3586605,1.046773,0.32034823,1.5427264
1.5176979,0.20805575,1.4127188,0.3739123,1.7249964,0.16825922,1.548161,0.27709433,1.9079216,0.1942361,2.2068725
-0.45767388,0.15610716,0.48553488,0.28284657,1.0594848,0.1864186,0.59181964,0.18147802,0.46607515,0.17511298,0.3157198
-1.0752411,0.16710156,-0.7734406,0.31601527,-0.6167008,0.19964284,-1.3166989,0.2311553,-0.8217777,0.19941022,-0.21806006
1.3957754,0.18520823,1.4588618,0.23686045,1.6991131,0.35066926,1.4229462,0.30356595,1.7398114,0.28298074,2.077668
-0.90294397,0.12495346,-0.91579914,0.22127773,-0.5067083,0.20647308,-1.2594084,0.22283159,-0.91266143,0.1749479,-0.5763979
0.8628166,0.1175765,0.6671577,0.23223656,0.5805163,0.20844239,1.0050479,0.21157242,0.5233369,0.14808986,0.21370043
-1.1442533,0.13653286,-2.4803379,0.20558971,-1.0561687,0.23832786,-1.1338427,0.24088328,-1.4482442,0.20972803,-1.3633423
0.34464747,0.12757647,0.37642136,0.2563781,-0.49835753,0.19450787,-0.55460566,0.15929957,-0.53070307,0.14136782,-0.51407737
-0.2680907,0.11388191,-1.4257895,0.2435471,-0.7526318,0.19445172,-0.85759306,0.15910573,-0.8010133,0.14070277,-1.0540802
-1.4423798,0.15291424,-1.7303287,0.37375858,-1.6872056,0.22702433,-1.5174844,0.23222956,-1.5356276,0.2003869,-1.4005994
1.1217529,0.12625502,0.60882556,0.21594997,0.24597849,0.22396637,0.44599712,0.205262,0.45062104,0.16418827,0.46207264
-1.1034162,0.17813048,-1.3724302,0.33503246,-1.1725608,0.251673,-1.0497283,0.22048092,-1.5183055,0.2329256,-1.4650139
1.0473784,0.17913753,0.95647013,0.21057026,0.7254245,0.30063048,0.16912486,0.28167605,0.66443235,0.20949388,1.3087378
-0.82722205,0.19557221,-1.1702204,0.33050954,-1.189266,0.30001497,-1.1661917,0.23772918,-1.2679707,0.2589964,-1.0901366
0.08979842,0.13146998,-0.002735103,0.24605513,-0.62765855,0.20966189,-0.16339445,0.19092403,-0.80917406,0.1533685,-0.8067288
0.113340296,0.21136402,0.90340894,0.4362975,0.56805384,0.29585695,0.45694593,0.36699727,0.6755849,0.33244303,0.69471484
-0.6447376,0.117766775,-0.69121736,0.23301464,-0.62148786,0.17868695,-0.40098736,0.15899704,-0.32843035,0.14139992,-1.1408576
-1.1594868,0.14242049,0.8413236,0.27938786,0.3031783,0.26598743,0.6039638,0.21445513,0.28641295,0.19582504,0.3459385
-1.5216384,0.15201451,-2.1285615,0.28687263,-1.5703449,0.18500769,-1.6125772,0.15139645,-1.5445285,0.1680591,-1.4433823
0.4262459,0.16309798,-1.210665,0.2860417,-0.18906842,0.1788536,-0.38140005,0.20848858,-0.01739587,0.175007,-0.5553825
-1.7012298,0.13756616,-0.74746543,0.23305322,-1.1088703,0.24283579,-1.0678958,0.2114367,-1.2930036,0.15438204,-1.4099689
0.33353242,0.29169068,0.7170769,0.61303073,0.6449225,0.18761756,0.7869012,0.38636038,1.0508449,0.38886514,0.8698972
-0.9282619,0.152174,-1.7788235,0.2613027,-0.7256395,0.29396132,0.11920562,0.33337185,-0.4009051,0.227257,-0.25873333
1.7836084,0.17545755,1.6196269,0.2789576,2.1471434,0.20748004,1.7804308,0.21286894,1.9398886,0.17337133,2.4101114
0.13049708,0.20221563,1.1411115,0.31338027,2.1079938,0.2030091,2.0680628,0.23431627,1.2726603,0.1623705,2.139873
1.6310964,0.1518814,1.3352481,0.2376782,1.622751,0.22654004,1.7709773,0.25153434,1.8076618,0.17015535,2.115775
-0.07893273,0.11558961,-0.83486223,0.2435471,-0.9238819,0.21371593,-0.36159846,0.19195448,-0.8304115,0.15140048,-0.7075934
-1.1554564,0.13409208,-0.72132236,0.2710602,-1.2247642,0.19984487,-1.2225566,0.16051356,-1.1934426,0.15903576,-1.1932489
0.4002933,0.11738988,0.95881,0.23150824,0.27317625,0.19222303,0.16427217,0.22248602,0.31898615,0.15458404,0.3040558
-2.0394933,0.1382079,-3.312951,0.28244427,-2.1592276,0.20726496,-2.4904559,0.19307435,-2.4502966,0.18537158,-1.7016941
-0.97968405,0.12621541,-0.06814003,0.24132012,-0.9675875,0.23617941,-0.86658245,0.23744051,-0.6697471,0.16928545,-0.87185997
1.462389,0.22446309,1.325202,0.42171597,1.8607665,0.17525546,1.2536519,0.30070907,1.6015022,0.25410968,1.7331101
0.503726,0.3388224,0.6856681,0.42519823,1.1821593,0.41016325,0.6423412,0.31995824,0.9155268,0.34772584,0.60418475
0.12383822,0.13056585,-0.1914829,0.2604739,-0.27868712,0.22533004,0.23328196,0.18045947,-0.3857605,0.14524427,-0.5316165
1.085866,0.13702391,0.021104537,0.23852235,0.9721844,0.21432865,1.0607382,0.21836512,1.1693784,0.14254119,1.1632124
-0.95427746,0.12154979,-0.98960745,0.20298342,-0.80023926,0.16634594,-0.9156105,0.1615781,-0.9829195,0.1420844,-1.0741644
1.3455964,0.27281755,1.2827669,0.5181415,1.6342796,0.29585695,1.6638421,0.36699727,1.4848747,0.3552293,1.3107438
0.049308635,0.23581503,0.3869213,0.33286983,-0.0411449,0.3070519,-0.3993589,0.20820656,0.1033564,0.27642983,-0.22462693
-1.6835002,0.1669939,-0.3860988,0.34074208,-1.1861159,0.23734477,-1.4683491,0.1916956,-1.238877,0.19650535,-1.4268476
1.6499007,0.15709524,1.3319188,0.232476,1.6633061,0.22980654,1.759886,0.25387314,1.7916851,0.16856097,2.114364
0.5621245,0.4573736,1.001911,0.28873286,1.1070012,0.4462169,1.2051591,0.46863475,0.86547357,0.48311755,1.2378654
-1.3429694,0.12692171,-0.8130754,0.20779568,-0.19230185,0.21062733,-1.234145,0.20701694,-0.680721,0.17965902,-0.7177354
1.2818837,0.23939973,1.1008474,0.301821,1.2462443,0.33523294,1.3448378,0.35225838,1.4161136,0.2343483,1.1212956
-1.0571923,0.124991894,-2.0113904,0.2382643,-1.0481665,0.22305098,-1.1293383,0.2298932,-1.5639137,0.18420877,-1.3153293
-0.1487357,0.13741708,-0.28240696,0.23028909,-0.40460193,0.2638759,-0.20398186,0.2035397,-0.33904147,0.18546157,-0.41452992
0.674277,0.19728291,1.0743525,0.3425064,0.42046675,0.2385787,0.7967992,0.3076686,0.57708377,0.18320484,0.85836893
-1.8164539,0.13484445,0.51631486,0.24747567,-0.78142583,0.23217903,-0.725202,0.20985746,-0.9533994,0.16685899,-1.0558791
0.112745345,0.11165,-0.6624542,0.21966553,0.30096364,0.20228103,0.4187432,0.19217421,-0.5351801,0.14212063,-0.4845276
-0.712919,0.25092462,1.3020233,0.39620548,0.86673176,0.28207695,0.9421035,0.40077296,0.51794547,0.29584086,0.35233855
1.13046,0.16309798,1.3038332,0.2860417,0.789837,0.17829293,0.851863,0.19772603,0.8830902,0.16005893,0.77391315
1.0669347,0.12881842,0.74876344,0.22578736,1.1945585,0.20196924,0.79830134,0.22240879,1.0385633,0.15054272,0.9122361
-0.015315129,0.14815526,-0.34131417,0.28685582,-0.8454646,0.1935998,-0.34608057,0.19553475,-0.7885312,0.1704558,-0.44666016
1.2445351,0.14110902,0.5120129,0.24153912,1.4768538,0.21885781,1.2147028,0.2235853,1.445757,0.15380853,1.4299693
0.22574995,0.20788588,0.012947378,0.3425064,-0.42515957,0.2385787,-0.12480494,0.3076686,-0.6765374,0.18256018,-0.6884961
-0.4697777,0.11923711,-0.3501156,0.22680736,-0.6960376,0.19980028,-0.20500933,0.19081548,-1.146425,0.14301004,-0.955132
1.1214315,0.13361742,0.95709693,0.24424958,0.5345381,0.21306682,0.6091962,0.1923768,0.73159444,0.14859585,1.2899779
-0.688516,0.1200451,-0.4462656,0.19638619,-0.13027398,0.2002665,-0.027915997,0.19076474,-0.13076411,0.15925492,-0.3050428
-0.4633168,0.19137202,0.03200218,0.28803214,-0.14983107,0.36165193,-0.49631277,0.30859342,-0.39587548,0.30256915,-0.2619623
0.36204088,0.15828763,-0.6109349,0.2789576,0.017335525,0.18924469,-0.6980353,0.18876773,-0.7673802,0.16595046,-0.41440955
-0.8877387,0.13221186,-1.388054,0.26071763,-1.1495907,0.19370158,-1.00237,0.1625842,-1.4481727,0.14508988,-1.1273714
-0.28737053,0.1613198,-1.1072117,0.35001713,-1.7524697,0.25142804,-1.4622805,0.18663523,-1.069914,0.19832458,-0.7724874
0.06961476,0.12679115,-0.075577624,0.24605513,-0.80245334,0.17249309,-0.40867028,0.15476695,-0.3631014,0.13761692,-0.6808934
-1.9566402,0.20880984,-1.8173766,0.3739123,-2.0886445,0.17390372,-2.152285,0.3117465,-1.5630115,0.2124291,-1.6021835
1.4522157,0.260855,1.515258,0.36473665,1.700992,0.41016325,1.5589966,0.31995824,1.0808442,0.32927966,1.3532255
-0.2924617,0.2144461,0.067885965,0.3456684,0.038035642,0.22248708,-0.14538075,0.29383928,-0.40637335,0.20025104,-0.5864683
0.71143615,0.1586686,0.17618926,0.2613027,-0.14623936,0.27438375,-0.44735056,0.26617947,-0.45134565,0.18932767,0.02044532
0.9496739,0.26642427,1.1340824,0.33286983,0.114336714,0.27967337,0.38268688,0.21215966,1.1335692,0.31690785,-0.12089359
-0.13282657,0.108856894,0.6609625,0.22198433,-0.5113811,0.18111835,-0.4440798,0.17118365,-0.36022544,0.13070606,-0.29144126
-1.8587009,0.20880984,-2.479532,0.3739123,-0.98733103,0.17390372,-1.3605864,0.3117465,-1.7088357,0.2124291,-1.2400064
1.224355,0.3427723,1.1697853,0.5567685,-0.6065216,0.63609004,-0.69719523,0.49507773,0.83328414,0.72485083,-0.32829285
-0.24063659,0.2144461,-0.120933816,0.3456684,-0.8481813,0.21352148,-0.70729285,0.26792943,-0.9822803,0.18864766,-1.25821
-1.0483973,0.112777725,-1.5838943,0.2435471,-1.2932175,0.1785418,-0.92622256,0.15072504,-1.2360026,0.13560434,-1.1728545
-1.7514126,0.13819224,0.39668772,0.23054464,-0.37430668,0.21791826,-0.7329381,0.20308574,-0.8902482,0.17137195,-0.9381668
-0.70341444,0.13862303,0.29901624,0.24469157,-0.038367245,0.25916514,0.17478491,0.24174143,0.26051658,0.18176349,-0.033566017
-1.0403558,0.12534823,-0.47478214,0.24605513,-0.8506126,0.1736516,-0.7695733,0.15476695,-1.1309543,0.13810937,-1.0205511
1.0975693,0.1753199,0.50652415,0.2701239,0.70947206,0.19196367,0.95865023,0.17273308,0.7849538,0.16972405,0.35138366
-1.1452302,0.12723075,-0.33323205,0.20011306,-1.0550836,0.20077555,-0.86068344,0.22012345,-1.0747895,0.16803767,-1.4577982
1.1311668,0.23036577,1.0790415,0.2572728,0.18357487,0.41671553,-0.95905703,0.33874837,0.20814951,0.35776824,0.8729559
0.34080306,0.4573736,0.6764035,0.3936894,0.74828076,0.38146612,0.8407761,0.49914193,0.8422099,0.38669398,0.7783017
0.15844542,0.13511825,-0.50477207,0.22045697,-0.7403526,0.2274779,-0.56489575,0.20459458,-0.761734,0.19932298,-0.92496705
0.55420434,0.15412115,-0.14176744,0.2647393,0.34977558,0.24459371,0.5715548,0.2514067,-0.20764953,0.17653115,-0.05406221
0.6884291,0.26141453,0.104911745,0.33286983,0.14943254,0.29679266,0.06879734,0.20475732,-0.048588708,0.27396438,-0.20173787
1.0870997,0.2549242,1.3850018,0.55681705,-0.39957514,0.7319429,-1.0075523,0.44702658,0.4731682,0.62786084,-0.39973456
-1.2158041,0.20880984,-1.0347198,0.3739123,-1.06468,0.17390372,-0.7171597,0.31277674,-1.2624931,0.22056596,-1.1400715
-0.9880777,0.13870011,-1.8438141,0.30981806,-1.380068,0.24457715,-1.1940542,0.17899491,-1.4318705,0.19471519,-1.1372768
